objectid,year,state,agency,fire_name,alarm_date,containment_date,cause,collection_method,management_objective,gis_calculated_acres,decades,shape__area,shape__length
1,2025,CA,USF,GIFFORD,2025-08-01,2025-10-14,14,3,1.0,131613.5,2020-2025,798129287.8,315035.2577
2,2025,CA,USF,MADRE,2025-07-02,2025-07-26,14,7,1.0,80779.1,2020-2025,489691304.5,234788.8702
3,2025,CA,USF,GARNET,2025-08-24,2025-10-23,1,3,1.0,60019.23,2020-2025,381019801.1,293948.4282
4,2025,CA,CDF,SALT,2025-09-02,2025-09-17,1,7,1.0,25553.55,2020-2025,158299234.4,111440.0928
5,2025,CA,CDF,PALISADES,2025-01-07,2025-01-31,14,7,1.0,23448.88,2020-2025,138651835.0,140231.6082
6,2025,CA,USF,BUTLER,2025-07-04,2025-09-11,14,7,1.0,21057.61,2020-2025,151016558.6,134217.7349
7,2025,CA,USF,GREEN,2025-07-02,2025-08-14,1,3,1.0,19021.99,2020-2025,134608787.7,85187.85554
8,2025,CA,CDF,EATON,2025-01-08,2025-01-31,14,7,1.0,14056.26,2020-2025,83363928.89,104933.2072
9,2025,CA,USF,DILLON,2025-08-25,2025-11-06,1,7,1.0,11929.38,2020-2025,86263960.68,102086.7727
10,2025,CA,CDF,HUGHES,2025-01-22,2025-01-28,14,7,1.0,10396.8,2020-2025,62160638.91,96698.59986
11,2025,CA,CDF,6-5,2025-09-02,2025-09-13,1,3,1.0,6957.999,2020-2025,45223302.84,63515.06818
12,2025,CA,CDF,PICKETT,2025-08-21,2025-09-07,14,1,1.0,6822.29,2020-2025,45303667.38,73289.32042
13,2025,CA,CDF,BORDER 2,2025-01-23,2025-01-29,5,4,1.0,6629.878,2020-2025,37923149.96,83113.64977
14,2025,CA,CCO,CANYON,2025-08-06,2025-08-11,14,2,1.0,5367.721,2020-2025,32035257.53,56639.82675
15,2025,CA,CDF,1-4,2025-09-02,2025-09-04,1,3,1.0,4451.064,2020-2025,28482286.59,40189.5384
16,2025,CA,CCO,DOGS,2025-06-13,2025-06-15,14,2,1.0,4406.828,2020-2025,27013936.75,28776.41629
17,2025,CA,BLM,JAW,2025-05-19,2025-06-01,11,7,1.0,4326.964,2020-2025,26357809.65,50579.21566
18,2025,CA,BLM,RANCH,2025-06-10,2025-06-19,14,3,1.0,4291.886,2020-2025,25570246.14,39945.269
19,2025,CA,USF,BLUE,2025-08-27,2025-10-13,1,7,1.0,3712.53,2020-2025,27048473.45,48789.64442
20,2025,CA,CDF,2-2,2025-09-02,2025-09-06,1,3,1.0,3462.842,2020-2025,22557714.14,33702.6641
21,2025,CA,USF,MAMMOTH,2025-07-25,2025-08-01,1,8,1.0,2534.267,2020-2025,18422585.84,33074.41391
22,2025,CA,USF,LITTLE,2025-08-22,2025-09-01,14,7,1.0,2506.547,2020-2025,15371464.36,29386.20786
23,2025,CA,CDF,WOLF,2025-06-29,2025-07-14,9,3,1.0,2413.62,2020-2025,14210929.93,27052.84617
24,2025,CA,USF,PACK,2025-11-13,2025-12-03,9,4,1.0,1974.433,2020-2025,12744696.1,34255.234
25,2025,CA,CDF,SPRINGS,2025-05-06,2025-05-07,10,1,1.0,1817.0,2020-2025,11178162.54,19095.49631
26,2025,CA,CDF,ROSA,2025-08-04,2025-08-12,14,7,1.0,1670.898,2020-2025,9766861.57,26015.13839
27,2025,CA,CDF,BITTER,2025-06-14,2025-06-14,2,7,1.0,1663.73,2020-2025,10189057.94,18907.38277
28,2025,CA,CDF,SILVER,2025-03-30,2025-04-08,7,5,1.0,1605.057,2020-2025,9716010.898,34122.49747
29,2025,CA,CDF,2-8,2025-09-02,2025-09-09,1,3,1.0,1339.798,2020-2025,8719001.695,17013.11879
30,2025,CA,USF,LOG,2025-08-26,2025-10-02,1,7,1.0,1169.689,2020-2025,8424261.32,30080.06079
31,2025,CA,CDF,MONTE,2025-06-19,2025-06-24,7,3,1.0,1051.101,2020-2025,6050571.105,18196.47169
32,2025,CA,CDF,DALE,2025-07-16,2025-07-22,14,7,1.0,1038.642,2020-2025,6062704.34,19915.2754
33,2025,CA,USF,GOLD,2025-08-04,2025-08-16,14,7,1.0,1036.112,2020-2025,6163433.773,22309.56903
34,2025,CA,CDF,6-2,2025-09-02,2025-09-13,1,3,1.0,1024.863,2020-2025,6649887.605,18314.45533
35,2025,CA,CCO,KENNETH,2025-01-09,2025-01-11,14,7,1.0,1011.711,2020-2025,5996578.047,16909.8111
36,2025,CA,USF,MOUNTAIN,2025-08-11,2025-08-16,1,8,1.0,979.9208,2020-2025,7132893.598,15371.50389
37,2025,CA,USF,BIG CLIFF,2025-07-31,2025-09-11,1,3,1.0,973.5111,2020-2025,6986276.449,36701.81391
38,2025,CA,USF,DEMOCRAT,2025-05-18,2025-05-27,14,8,1.0,902.7862,2020-2025,5520756.773,17476.70987
39,2025,CA,CDF,DIAS,2025-06-25,2025-06-26,7,3,1.0,852.0876,2020-2025,5286583.777,19569.51728
40,2025,CA,CDF,HURST,2025-01-07,2025-01-09,14,7,1.0,831.3855,2020-2025,4946081.875,16094.21707
41,2025,CA,USF,ROOT,2025-09-01,2025-11-01,4,7,1.0,728.6754,2020-2025,5209331.531,17629.48047
42,2025,CA,BLM,INN,2025-05-22,2025-06-04,14,7,1.0,726.5966,2020-2025,4744433.906,27421.69714
43,2025,CA,USF,SUMMIT,2025-07-01,2025-08-02,1,7,1.0,701.2705,2020-2025,5066675.441,31699.75207
44,2025,CA,CCO,FAY,2025-07-15,2025-07-22,14,2,1.0,648.1592,2020-2025,3990011.336,21578.55507
45,2025,CA,CDF,ACRES,2025-05-14,2025-05-15,5,2,1.0,631.9116,2020-2025,4025647.059,14774.67827
46,2025,CA,CDF,COYOTE,2025-08-20,2025-08-24,7,3,1.0,623.9064,2020-2025,4132353.949,13651.25587
47,2025,CA,CDF,2-7,2025-09-02,2025-09-09,1,3,1.0,615.7525,2020-2025,4030989.734,20270.27449
48,2025,CA,CCO,HUDSON,2025-06-13,2025-06-15,14,4,1.0,610.8146,2020-2025,3689082.438,9554.585745
49,2025,CA,CDF,LITTLE,2025-06-11,2025-06-11,11,2,1.0,592.3416,2020-2025,3729108.438,13868.71138
50,2025,CA,USF,KING,2025-08-14,2025-08-17,14,2,1.0,577.1489,2020-2025,3464733.543,10531.72914
51,2025,CA,CDF,JUNIPER,2025-06-30,2025-07-02,2,3,1.0,560.1605,2020-2025,4541953.512,15996.42509
52,2025,CA,USF,PEAK,2025-08-25,2025-09-28,1,7,1.0,505.3025,2020-2025,3583515.652,17771.48691
53,2025,CA,CDF,LAKE,2025-06-28,2025-07-06,14,2,1.0,488.7244,2020-2025,2904920.145,18087.66092
54,2025,CA,CCO,HAWK,2025-08-14,2025-08-17,14,2,1.0,480.2473,2020-2025,2871297.938,12227.07826
55,2025,CA,CDF,FIRESTONE,2025-06-12,2025-06-19,10,3,1.0,472.0678,2020-2025,2931607.754,10504.33926
56,2025,CA,CDF,18-1,2025-09-02,2025-09-02,1,7,1.0,463.0268,2020-2025,3077458.809,10146.7185
57,2025,CA,CDF,NELLA,2025-05-17,2025-05-17,10,4,1.0,458.0139,2020-2025,3340077.516,9569.04823
58,2025,CA,USF,HORSE,2025-07-02,2025-07-09,1,8,1.0,430.1073,2020-2025,3047393.688,8383.156766
59,2025,CA,CDF,PANOCHE,2025-08-07,2025-08-11,9,5,1.0,422.5481,2020-2025,2660489.309,12819.54126
60,2025,CA,CDF,RUN,2025-05-26,2025-05-26,7,2,1.0,420.0106,2020-2025,2682039.512,11907.05578
61,2025,CA,CDF,BRIDGE,2025-07-07,2025-07-09,10,2,1.0,419.0038,2020-2025,2907015.402,12993.40198
62,2025,CA,USF,MAX,2025-07-13,2025-07-22,9,3,1.0,410.0221,2020-2025,2604345.102,11780.25626
63,2025,CA,USF,LAKE,2025-08-27,2025-08-28,1,1,1.0,398.1307,2020-2025,2907248.977,8413.118022
64,2025,CA,CDF,LAKE,2025-08-03,2025-08-04,14,7,1.0,397.7174,2020-2025,2667059.609,8552.116972
65,2025,CA,CCO,FORT,2025-06-05,2025-06-06,14,4,1.0,389.011,2020-2025,2277823.934,10069.58022
66,2025,CA,CDF,CAMINO,2025-06-20,2025-06-21,10,1,1.0,385.9513,2020-2025,2503097.988,6873.558063
67,2025,CA,LRA,TWISSELMAN,2025-06-24,2025-06-25,14,1,1.0,383.8156,2020-2025,2361850.09,6768.010998
68,2025,CA,USF,GIANELLI,2025-11-02,2025-11-14,1,7,1.0,373.5635,2020-2025,2450775.168,22105.84583
69,2025,CA,CDF,SOMERSVILLE,2025-06-18,2025-06-19,4,1,1.0,358.065,2020-2025,2335746.73,9010.283297
70,2025,CA,CDF,LIDIA,2025-01-08,2025-01-11,14,7,1.0,347.7042,2020-2025,2073567.0,11177.24654
71,2025,CA,CDF,REEF,2025-04-26,2025-04-26,11,3,1.0,336.357,2020-2025,2074349.891,7496.749638
73,2025,CA,CDF,IDRIA,2025-05-17,2025-05-18,9,3,1.0,310.3296,2020-2025,1949441.547,7846.161235
74,2025,CA,USF,BUMMER,2025-10-29,2025-11-06,1,1,1.0,294.2364,2020-2025,1936707.461,8460.384502
75,2025,CA,CDF,2-3,2025-09-02,2025-09-09,1,3,1.0,285.2508,2020-2025,1859470.684,8374.833706
76,2025,CA,LRA,LOST HILLS,2025-08-23,2025-08-23,14,1,1.0,277.9433,2020-2025,1707593.383,6252.440919
77,2025,CA,CDF,DINO,2025-06-11,2025-06-11,2,2,1.0,266.039,2020-2025,1694351.02,7023.732331
78,2025,CA,CDF,MEDICINE,2025-07-27,2025-08-03,4,1,1.0,262.8339,2020-2025,1805953.773,6682.473208
79,2025,CA,CDF,MIDWAY,2025-05-22,2025-05-22,11,4,1.0,261.463,2020-2025,2065589.98,12568.88571
80,2025,CA,CDF,1-4 PEAK,2025-07-31,2025-08-03,7,2,1.0,259.6483,2020-2025,1816151.301,6995.2424
81,2025,CA,CDF,HENDERSON,2025-05-31,2025-06-02,14,3,1.0,255.4313,2020-2025,1486538.57,7599.449567
82,2025,CA,USF,SAGE,2025-10-27,2025-11-13,1,6,1.0,254.1042,2020-2025,1650226.754,5239.384835
83,2025,CA,CDF,HEATHER,2025-08-14,2025-08-14,2,5,1.0,228.574,2020-2025,1672614.57,8973.82791
84,2025,CA,NPS,EUREKA,2025-05-30,2025-06-09,14,8,1.0,213.8287,2020-2025,1264134.945,9973.101076
85,2025,CA,CDF,BONEYARD 2,2025-07-26,2025-07-27,10,3,1.0,202.3712,2020-2025,1312950.707,8723.444447
86,2025,CA,CDF,BONANZA,2025-06-17,2025-06-18,2,3,1.0,181.2267,2020-2025,1204439.973,8080.108405
87,2025,CA,LRA,CATLETT,2025-05-10,2025-05-10,14,2,1.0,176.425,2020-2025,1179044.457,6425.518095
88,2025,CA,CCO,GRANITE,2025-06-24,2025-06-24,14,2,1.0,174.4417,2020-2025,1067942.148,4585.112947
89,2025,CA,CDF,HORNITOS 1-2,2025-09-02,2025-09-03,1,1,1.0,166.9535,2020-2025,1076275.082,5765.251293
90,2025,CA,CDF,BROWN,2025-09-02,2025-09-07,1,1,1.0,166.7195,2020-2025,1101991.137,5521.462803
91,2025,CA,LRA,WILDWOOD,2025-08-09,2025-08-10,14,1,1.0,158.709,2020-2025,976899.875,4617.970934
92,2025,CA,USF,RICHBAR,2025-08-09,2025-08-16,14,6,1.0,158.3233,2020-2025,968127.1523,4244.342742
93,2025,CA,CDF,RANCHO,2025-06-19,2025-06-20,5,3,1.0,156.8465,2020-2025,1096012.738,6185.509353
94,2025,CA,LRA,65,2025-05-27,2025-05-28,14,1,1.0,151.1339,2020-2025,923731.1484,8856.701667
95,2025,CA,CDF,1-3,2025-09-02,2025-09-04,1,3,1.0,150.8438,2020-2025,965567.9414,4449.382689
96,2025,CA,CDF,ROCK,2025-09-02,2025-09-05,1,1,1.0,146.8478,2020-2025,974124.0898,8902.694947
97,2025,CA,USF,CALLBOX,2025-01-05,2025-01-05,7,8,1.0,145.0597,2020-2025,867934.5742,4381.355483
98,2025,CA,BLM,R-3 WILLOW,2025-08-24,2025-08-29,1,7,1.0,144.4809,2020-2025,1010695.008,5620.326008
99,2025,CA,LRA,WEST,2025-06-07,2025-06-08,14,1,1.0,142.0538,2020-2025,870824.1797,8139.115337
100,2025,CA,CDF,BOGGS,2025-09-10,2025-09-10,1,1,1.0,135.0296,2020-2025,931223.6445,4529.239535
101,2025,CA,CDF,CAHUILLA,2025-06-10,2025-06-10,14,3,1.0,133.8233,2020-2025,781334.1797,4820.689663
102,2025,CA,CDF,SADDLE,2025-06-26,2025-06-30,9,1,1.0,131.8539,2020-2025,825255.7813,7036.371426
103,2025,CA,CCO,LIERLY,2025-08-23,2025-08-23,14,1,1.0,131.3383,2020-2025,793806.3516,4936.757247
104,2025,CA,CDF,CLAYPIT,2025-08-04,2025-08-04,7,3,1.0,131.1089,2020-2025,865460.7813,3819.451165
105,2025,CA,LRA,RANCH,2025-08-04,2025-08-04,14,1,1.0,125.0502,2020-2025,835440.9805,5096.516778
106,2025,CA,CDF,TIGER,2025-08-08,2025-08-09,7,3,1.0,117.527,2020-2025,776344.5,5164.202605
108,2025,CA,USF,HELENA,2025-07-03,2025-07-09,1,8,1.0,114.1198,2020-2025,806585.5078,4994.327076
109,2025,CA,CDF,CROSSING,2025-05-20,2025-05-21,14,2,1.0,112.0008,2020-2025,653033.0078,4421.696575
110,2025,CA,USF,FRAZIER,2025-05-29,2025-06-08,10,6,1.0,109.9302,2020-2025,661640.1055,5453.592775
111,2025,CA,CDF,RANCHO 3,2025-10-09,2025-10-09,10,3,1.0,104.9052,2020-2025,606281.3086,4300.732689
112,2025,CA,CDF,BYERS,2025-06-04,2025-06-04,9,1,1.0,104.5473,2020-2025,728890.4961,5964.915086
113,2025,CA,USF,HOWARDS,2025-07-31,2025-08-03,1,6,1.0,100.6936,2020-2025,726606.6992,4273.564833
114,2025,CA,CDF,TABLE ROCK,2025-06-10,2025-06-13,1,1,1.0,98.71336,2020-2025,717263.0547,4288.184822
115,2025,CA,LRA,PYRITE,2025-07-07,2025-07-08,14,3,1.0,98.19131,2020-2025,3252772.348,12477.73417
116,2025,CA,BLM,R-10 SPANISH,2025-08-25,2025-08-26,1,7,1.0,97.00241,2020-2025,684730.918,4026.733518
117,2025,CA,USF,CEDAR,2025-09-02,2025-09-16,14,3,1.0,91.45392,2020-2025,639004.2188,6016.659118
118,2025,CA,USF,ABERDEEN,2025-08-25,2025-09-01,14,7,1.0,90.84187,2020-2025,576737.9023,7642.498991
119,2025,CA,CDF,RUNNER,2025-08-08,2025-08-08,9,3,1.0,88.39762,2020-2025,506467.2383,4445.851436
120,2025,CA,CDF,PONDEROSA,2025-08-10,2025-08-15,2,3,1.0,87.2483,2020-2025,591862.3984,5311.157848
121,2025,CA,CDF,YORK,2025-08-24,2025-08-24,1,1,1.0,86.16303,2020-2025,628785.5352,5087.280817
122,2025,CA,CDF,LILAC 2,2025-01-21,2025-01-25,7,3,1.0,80.53833,2020-2025,467876.957,4846.651285
123,2025,CA,CDF,FORD,2025-06-03,2025-06-03,14,4,1.0,80.3026,2020-2025,507168.7852,3983.089789
124,2025,CA,CDF,GROVE,2025-07-04,2025-07-06,7,3,1.0,78.17875,2020-2025,530164.6953,6669.007623
125,2025,CA,FWS,LODGE,2025-09-05,2025-09-13,4,1,1.0,77.02348,2020-2025,441652.4727,3982.15264
126,2025,CA,CCO,BROWN,2025-07-27,2025-07-27,14,1,1.0,76.71473,2020-2025,470220.8398,3908.965141
127,2025,CA,LRA,ELECTRICAL ,2025-05-03,2025-05-03,14,1,1.0,75.40412,2020-2025,462699.9141,3321.6903
128,2025,CA,CDF,MINDY,2025-06-29,2025-07-02,2,3,1.0,72.54568,2020-2025,639651.3477,5872.764193
129,2025,CA,LRA,POND,2025-06-13,2025-06-14,14,1,1.0,71.13763,2020-2025,437722.3477,2781.921533
130,2025,CA,BLM,HONOLULU,2025-06-01,2025-06-02,11,7,1.0,69.44583,2020-2025,421287.5039,3977.054648
131,2025,CA,CDF,DUCK,2025-05-14,2025-05-14,2,2,1.0,68.18237,2020-2025,444107.0313,3479.735317
132,2025,CA,CDF,SCISSORS 2,2025-11-02,2025-11-02,14,3,1.0,68.07378,2020-2025,393622.1836,4053.372237
133,2025,CA,CDF,PIONEER,2025-05-04,2025-05-04,14,1,1.0,68.01633,2020-2025,472901.4688,4258.059426
134,2025,CA,CDF,BERRY,2025-08-08,2025-08-14,2,3,1.0,67.19569,2020-2025,447095.1328,3147.809005
135,2025,CA,CCO,LAGUNA,2025-01-23,2025-01-26,14,3,1.0,66.50694,2020-2025,394078.5156,3065.811949
136,2025,CA,NPS,BLACK ROCK,2025-10-12,2025-10-22,5,8,1.0,66.43217,2020-2025,392719.6719,7279.020073
137,2025,CA,CDF,CREEK,2025-05-15,2025-05-15,14,1,1.0,66.24147,2020-2025,427048.4609,3283.676921
138,2025,CA,LRA,TAFT,2025-10-07,2025-10-08,14,6,1.0,66.06812,2020-2025,401939.5859,2965.362601
139,2025,CA,CDF,PASKENTA,2025-08-25,2025-08-25,1,1,1.0,65.22432,2020-2025,450356.8711,4713.426085
140,2025,CA,CCO,BEALVILLE,2025-05-31,2025-05-31,14,1,1.0,62.99349,2020-2025,383412.8008,2561.172143
141,2025,CA,LRA,AUTO,2025-01-13,2025-01-19,14,3,1.0,60.93997,2020-2025,361721.5977,3768.297684
142,2025,CA,CDF,RECTOR,2025-06-02,2025-06-05,10,3,1.0,60.63538,2020-2025,383108.9297,4070.146229
143,2025,CA,CDF,BORDER 18,2025-11-08,2025-11-09,9,6,1.0,60.55587,2020-2025,346222.3945,3052.16157
144,2025,CA,CCO,WOODY,2025-07-25,2025-07-25,14,1,1.0,60.52179,2020-2025,371395.3867,3485.050608
145,2025,CA,CDF,FELIPE,2025-05-01,2025-05-01,2,4,1.0,59.91574,2020-2025,329227.6641,3299.102228
146,2025,CA,CCO,WIND,2025-08-12,2025-08-12,14,1,1.0,59.40875,2020-2025,341616.8789,4290.849802
147,2025,CA,LRA,MARIA,2025-06-16,2025-06-16,14,7,1.0,58.63367,2020-2025,348882.0625,3893.399744
148,2025,CA,CDF,BAXTER,2025-05-15,2025-05-16,14,3,1.0,58.50809,2020-2025,342290.7734,3852.705815
149,2025,CA,USF,FLUME,2025-07-06,2025-07-15,10,8,1.0,58.28129,2020-2025,362604.3945,4655.693371
150,2025,CA,LRA,SUNSET,2025-05-18,2025-05-18,10,1,1.0,57.56446,2020-2025,384384.0117,3052.555423
151,2025,CA,CDF,BEALE AFB GRASS VALLEY GATE,2025-05-23,2025-05-23,14,1,1.0,56.78709,2020-2025,382288.3398,3341.055286
152,2025,CA,CDF,JUNIPER,2025-05-28,2025-06-02,14,1,1.0,56.71992,2020-2025,410672.5781,6129.770645
153,2025,CA,LRA,CRUMP,2025-09-06,2025-09-06,14,3,1.0,55.24618,2020-2025,323953.1055,3504.120251
154,2025,CA,CDF,VAIL,2025-08-23,2025-08-23,1,3,1.0,54.9739,2020-2025,320769.5117,4351.845182
155,2025,CA,CDF,RED,2025-06-26,2025-06-26,10,2,1.0,54.064,2020-2025,344438.6758,3518.275215
156,2025,CA,CDF,JURY,2025-07-19,2025-07-19,11,1,1.0,53.71318,2020-2025,349840.8047,4344.070228
157,2025,CA,BLM,DEBBIE,2025-07-16,2025-07-17,14,7,1.0,53.37561,2020-2025,369527.6797,3886.924801
158,2025,CA,CDF,ELWOOD,2025-07-03,2025-07-04,11,4,1.0,52.9217,2020-2025,334789.0547,3442.888257
159,2025,CA,CDF,SHADY,2025-07-25,2025-07-27,14,3,1.0,52.4022,2020-2025,306591.9844,3582.086606
160,2025,CA,CCO,JACK,2025-06-06,2025-06-06,14,1,1.0,51.1434,2020-2025,314578.6289,3083.483474
161,2025,CA,CDF,LASSEN,2025-08-01,2025-08-01,14,1,1.0,50.84476,2020-2025,350206.9766,3777.60254
162,2025,CA,CDF,CLARK,2025-08-10,2025-08-13,5,3,1.0,50.71144,2020-2025,359752.3633,3258.940054
163,2025,CA,CDF,WALNUT,2025-05-18,2025-05-18,10,1,1.0,50.69104,2020-2025,329773.4844,2762.509705
164,2025,CA,CDF,HAWICK,2025-06-19,2025-06-19,14,3,1.0,50.6212,2020-2025,290946.0391,2818.873019
165,2025,CA,CDF,RIDER,2025-06-18,2025-06-18,14,3,1.0,49.86058,2020-2025,293122.9648,2843.867003
166,2025,CA,CDF,SPRINGS 3,2025-07-11,2025-07-12,10,7,1.0,49.86013,2020-2025,285834.2344,4416.359927
167,2025,CA,CDF,ACADEMY,2025-05-16,2025-05-17,14,8,1.0,49.72696,2020-2025,287444.6602,3038.434241
168,2025,CA,LRA,SANDY,2025-04-24,2025-04-24,14,4,1.0,48.48575,2020-2025,309725.1211,3774.673752
169,2025,CA,NPS,TOMBSTONE,2025-08-30,2025-11-17,1,6,1.0,48.27648,2020-2025,306097.7695,3459.735384
170,2025,CA,CDF,3-5 LITTLE,2025-07-25,2025-07-25,1,1,1.0,48.16375,2020-2025,342293.4688,3573.269317
171,2025,CA,BLM,BUTTER,2025-08-26,2025-09-03,1,8,1.0,47.95021,2020-2025,293171.0117,4273.999533
172,2025,CA,CDF,NICHOLS,2025-07-07,2025-07-07,2,3,1.0,47.49926,2020-2025,278573.4648,2728.528775
173,2025,CA,BLM,AURORA,2025-07-19,2025-07-21,1,7,1.0,47.04757,2020-2025,281932.5117,4488.114897
174,2025,CA,CDF,GRIZZLY,2025-06-23,2025-06-25,14,2,1.0,46.79976,2020-2025,303708.0195,2722.36149
175,2025,CA,FWS,WASHINGTON,2025-06-23,2025-06-24,2,1,1.0,46.71652,2020-2025,299133.1367,2499.029781
176,2025,CA,USF,JACKET,2025-07-03,2025-07-23,1,7,1.0,46.07977,2020-2025,330710.3281,4757.164011
177,2025,CA,CDF,OAK,2025-08-02,2025-08-04,2,3,1.0,45.90355,2020-2025,270959.3516,2965.613896
178,2025,CA,CCO,FOOTHILL,2025-09-02,2025-09-02,11,6,1.0,45.61524,2020-2025,275096.9297,2198.706194
179,2025,CA,BLM,S-14,2025-09-01,2025-09-02,14,7,1.0,44.3112,2020-2025,317329.4023,3947.414459
180,2025,CA,CCO,GENERAL,2025-07-14,2025-07-14,14,1,1.0,44.18845,2020-2025,268945.6992,4035.50391
181,2025,CA,CCO,HOWE,2025-06-16,2025-06-16,14,7,1.0,43.79828,2020-2025,260906.3828,2936.267662
182,2025,CA,CDF,ANCHOR,2025-05-09,2025-05-09,9,3,1.0,43.42168,2020-2025,273847.2227,2337.666666
183,2025,CA,BLM,MILPAS,2025-05-24,2025-05-28,10,7,1.0,43.19293,2020-2025,257427.3711,3571.695047
184,2025,CA,CDF,POINT,2025-08-23,2025-08-24,7,1,1.0,42.89072,2020-2025,299543.8828,2594.737994
185,2025,CA,CDF,ENERGY,2025-05-12,2025-05-12,2,1,1.0,42.8705,2020-2025,261392.3516,3777.828276
186,2025,CA,CDF,AIRLINE,2025-06-12,2025-06-13,9,5,1.0,42.72174,2020-2025,266984.2383,2951.339598
187,2025,CA,CDF,CARLOS,2025-08-18,2025-08-18,2,7,1.0,42.71249,2020-2025,261035.4648,2752.91154
188,2025,CA,CCO,KECKS ,2025-07-25,2025-07-25,14,1,1.0,42.70273,2020-2025,262601.5664,2405.668281
189,2025,CA,CDF,DISTRICT,2025-07-04,2025-07-06,2,1,1.0,41.83611,2020-2025,284300.6758,3827.582016
190,2025,CA,CDF,DUNES,2025-04-18,2025-04-18,7,1,1.0,41.41012,2020-2025,301833.0234,4052.954898
191,2025,CA,USF,BUTTE,2025-08-07,2025-08-09,1,8,1.0,40.64384,2020-2025,297798.0313,5435.314345
192,2025,CA,CDF,1-2,2025-09-02,2025-09-02,1,1,1.0,40.37952,2020-2025,264709.5508,2493.830589
193,2025,CA,CDF,3-22 MUCK,2025-08-25,2025-08-27,1,8,1.0,39.81916,2020-2025,283037.7734,3908.030421
194,2025,CA,BLM,PEARL,2025-07-25,2025-07-25,14,1,1.0,39.71396,2020-2025,243672.875,2691.874598
195,2025,CA,LRA,TANABE,2025-08-23,2025-08-23,14,2,1.0,39.56842,2020-2025,267484.4648,2718.547227
196,2025,CA,BLM,READING,2025-06-08,2025-06-09,1,3,1.0,39.37916,2020-2025,277068.7578,4128.684001
197,2025,CA,LRA,ROSAMOND,2025-07-30,2025-07-31,14,1,1.0,38.63425,2020-2025,232865.6719,3727.768905
198,2025,CA,CDF,TRAP,2025-07-20,2025-07-24,9,2,1.0,38.32053,2020-2025,246918.2969,3433.767684
199,2025,CA,USF,DRY,2025-06-25,2025-07-01,10,8,1.0,37.35918,2020-2025,242053.3867,2196.067709
200,2025,CA,CDF,JOAQUIN,2025-09-25,2025-09-27,1,3,1.0,36.99887,2020-2025,231121.4727,3338.546056
201,2025,CA,USF,LICK,2025-08-29,2025-11-04,1,3,1.0,36.69459,2020-2025,261248.7188,5014.583505
202,2025,CA,CDF,HIGH,2025-08-25,2025-08-27,10,4,1.0,35.69007,2020-2025,226583.7383,2485.241609
204,2025,CA,CDF,RAVINE,2025-07-03,2025-07-03,9,3,1.0,34.37255,2020-2025,231059.6602,2906.132653
205,2025,CA,CDF,MICHIGAN,2025-09-02,2025-09-02,1,1,1.0,33.97209,2020-2025,224054.168,2914.308965
206,2025,CA,CDF,FOREBAY,2025-09-02,2025-09-02,1,5,1.0,33.85615,2020-2025,230595.9883,3204.181829
207,2025,CA,CDF,SPRINGS,2025-09-01,2025-09-01,9,1,1.0,33.48352,2020-2025,233912.1289,2938.291416
208,2025,CA,CCO,PANAMA,2025-08-22,2025-08-22,14,1,1.0,32.75241,2020-2025,199298.6289,2827.776368
209,2025,CA,USF,SPRINGS,2025-09-05,2025-09-06,14,8,1.0,32.74208,2020-2025,194888.9141,2701.529999
210,2025,CA,CCO,MORNING,2025-05-18,2025-05-21,14,1,1.0,32.22947,2020-2025,196738.0781,2772.073222
211,2025,CA,CDF,NINETY NINE,2025-05-09,2025-05-09,11,1,1.0,32.16321,2020-2025,219373.7422,3674.912322
212,2025,CA,CDF,VLECK,2025-09-29,2025-09-29,2,1,1.0,32.07587,2020-2025,212152.7969,2439.778075
213,2025,CA,CDF,BAXTER,2025-06-03,2025-06-04,1,1,1.0,31.69332,2020-2025,201837.5313,3468.636907
214,2025,CA,CDF,5-4,2025-08-27,2025-08-27,1,3,1.0,31.44775,2020-2025,259027.1641,5170.094441
215,2025,CA,CDF,STONEWALL,2025-08-31,2025-08-31,7,7,1.0,31.06484,2020-2025,194774.9414,2252.738934
216,2025,CA,LRA,LAKE,2025-06-10,2025-06-11,14,1,1.0,30.47568,2020-2025,184714.793,1737.651405
217,2025,CA,LRA,OLIVAS,2025-01-08,2025-01-09,14,2,1.0,30.10198,2020-2025,178677.457,3702.304442
218,2025,CA,CDF,PANOCHE,2025-04-20,2025-04-20,11,5,1.0,29.94425,2020-2025,188571.6055,2500.771991
219,2025,CA,USF,HIDDEN,2025-06-10,2025-06-15,1,8,1.0,29.67354,2020-2025,159451.6523,1799.993799
220,2025,CA,USF,WILLOW,2025-06-11,2025-06-14,1,4,1.0,29.48021,2020-2025,214780.2422,3122.366933
221,2025,CA,CCO,SPRINGS,2025-10-08,2025-10-10,14,1,1.0,29.3266,2020-2025,178766.7305,3718.672797
222,2025,CA,LRA,KRN-25-25974,2025-06-01,2025-06-01,14,1,1.0,28.55898,2020-2025,175120.0703,2133.38387
223,2025,CA,CDF,STEELE 2,2025-07-09,2025-07-09,14,4,1.0,28.41091,2020-2025,162934.4102,2788.90315
224,2025,CA,CDF,CORN,2025-05-18,2025-05-19,9,3,1.0,27.93816,2020-2025,176052.4063,2233.073646
225,2025,CA,CDF,TORO,2025-05-14,2025-05-15,2,3,1.0,27.76788,2020-2025,163016.5313,1948.626913
226,2025,CA,CCO,LOKERN ,2025-06-21,2025-06-21,14,1,1.0,27.76694,2020-2025,169523.0078,1973.608959
227,2025,CA,CDF,RANCHO,2025-07-05,2025-07-05,2,7,1.0,27.51352,2020-2025,168500.418,2106.25723
228,2025,CA,USF,PASS,2025-09-17,2025-09-20,10,6,1.0,27.19731,2020-2025,169368.457,3554.020456
229,2025,CA,CDF,PANOCHE,2025-05-18,2025-05-18,11,4,1.0,27.18991,2020-2025,126813.7422,1898.531034
230,2025,CA,CDF,ARDEN,2025-08-09,2025-08-10,7,3,1.0,26.04275,2020-2025,175248.0117,2928.67848
231,2025,CA,CDF,CLARK,2025-06-20,2025-06-21,2,1,1.0,25.7984,2020-2025,176178.1953,2539.955501
232,2025,CA,CDF,QUARRY,2025-07-01,2025-07-01,7,3,1.0,25.76958,2020-2025,169550.4727,2035.864307
233,2025,CA,CDF,COULTER,2025-07-19,2025-07-19,2,3,1.0,25.7527,2020-2025,170638.0469,1772.75433
234,2025,CA,CCO,COTTONWOOD,2025-09-05,2025-09-05,14,7,1.0,25.53726,2020-2025,151822.1875,1822.302674
235,2025,CA,CDF,POND,2025-08-06,2025-08-12,14,1,1.0,25.1699,2020-2025,172444.1445,3273.567853
236,2025,CA,LRA,DAN,2025-05-22,2025-05-22,2,4,1.0,24.44448,2020-2025,156349.1094,6098.387723
237,2025,CA,CDF,PERCH,2025-06-30,2025-06-30,1,2,1.0,24.43616,2020-2025,178732.3516,2434.334558
238,2025,CA,CDF,RICA,2025-06-13,2025-06-13,2,1,1.0,24.32036,2020-2025,164480.5625,2022.371292
239,2025,CA,CDF,SANDIA 2,2025-10-07,2025-10-07,14,3,1.0,23.9757,2020-2025,139731.5742,2694.332039
240,2025,CA,CDF,PARKVILLE,2025-08-27,2025-08-27,1,1,1.0,23.89887,2020-2025,167101.5234,2085.5534
241,2025,CA,NPS,KETTLE,2025-08-31,2025-09-08,1,1,1.0,23.83323,2020-2025,151262.4336,2568.718819
242,2025,CA,CDF,SCHOOL,2025-10-07,2025-10-07,2,1,1.0,23.33731,2020-2025,149596.4688,2796.45273
243,2025,CA,CDF,FISH,2025-07-07,2025-07-07,14,4,1.0,23.25034,2020-2025,147094.9375,1618.06846
244,2025,CA,CCO,MARIPOSA,2025-06-17,2025-06-18,14,1,1.0,23.18431,2020-2025,138381.0273,2755.655417
245,2025,CA,LRA,LANGLEY,2025-05-25,2025-05-25,10,1,1.0,22.86259,2020-2025,139470.4961,1503.747288
246,2025,CA,LRA,MORNING,2025-05-09,2025-05-09,14,1,1.0,22.77419,2020-2025,139006.5469,1576.978016
247,2025,CA,CDF,UPHILL,2025-09-22,2025-09-22,2,3,1.0,22.22845,2020-2025,148410.9297,2310.075203
248,2025,CA,CCO,HART,2025-07-04,2025-07-04,14,1,1.0,21.59082,2020-2025,132913.0234,1546.167481
249,2025,CA,USF,FOBES,2025-07-15,2025-07-15,8,1,1.0,21.49974,2020-2025,125856.6875,2126.80119
250,2025,CA,CCO,CANAL,2025-10-23,2025-10-23,14,1,1.0,21.39122,2020-2025,129958.1445,2476.263604
251,2025,CA,CDF,MISSION 2,2025-06-16,2025-06-16,14,3,1.0,21.38923,2020-2025,124247.6406,1380.236378
252,2025,CA,CDF,COYOTE,2025-05-31,2025-06-01,15,1,1.0,21.24901,2020-2025,148473.0156,1894.214009
253,2025,CA,CDF,IGNACIO,2025-07-05,2025-07-05,11,3,1.0,21.24298,2020-2025,124068.918,2829.891595
254,2025,CA,CDF,GRANITE,2025-09-02,2025-09-02,1,1,1.0,20.90041,2020-2025,143859.6836,2370.956797
255,2025,CA,LRA,CACTUS,2025-07-05,2025-07-05,2,3,1.0,20.83071,2020-2025,122636.3867,1737.462543
256,2025,CA,CDF,ACAMPO,2025-05-15,2025-05-15,2,1,1.0,20.81965,2020-2025,136525.0117,1737.08259
257,2025,CA,CDF,4-1 WASHINGTON,2025-07-24,2025-08-05,1,1,1.0,20.47464,2020-2025,147650.4688,1419.203505
258,2025,CA,BLM,W-2 FITZHUGH,2025-07-25,2025-07-29,1,1,1.0,20.42416,2020-2025,146871.0313,3032.638443
259,2025,CA,CDF,PILITAS,2025-06-20,2025-06-20,2,7,1.0,20.20947,2020-2025,123213.668,2190.439911
260,2025,CA,CDF,RUTH,2025-06-20,2025-06-20,2,4,1.0,20.08119,2020-2025,126741.5625,1761.694253
261,2025,CA,CDF,GRANGE,2025-05-18,2025-05-18,9,1,1.0,19.91957,2020-2025,128878.9922,1586.431281
262,2025,CA,CDF,MARYSVILLE,2025-06-29,2025-06-29,14,3,1.0,19.86819,2020-2025,134766.7383,4339.322323
263,2025,CA,CCO,PASO,2025-06-13,2025-06-14,14,1,1.0,19.70666,2020-2025,119203.1758,2385.371385
264,2025,CA,CDF,COTTONWOOD,2025-06-02,2025-06-03,7,1,1.0,19.58972,2020-2025,143293.5781,2158.661491
265,2025,CA,LRA,UNION,2025-10-06,2025-10-07,2,1,1.0,19.31531,2020-2025,117286.2695,1956.897742
266,2025,CA,CDF,POSTA,2025-07-24,2025-07-24,14,1,1.0,19.0752,2020-2025,109264.4414,2035.695423
267,2025,CA,CDF,MADERA,2025-07-10,2025-07-10,2,3,1.0,19.07495,2020-2025,111303.582,2592.272141
268,2025,CA,CDF,RIFLE,2025-05-24,2025-05-24,11,4,1.0,19.03836,2020-2025,120648.1133,1638.217178
269,2025,CA,CDF,HEAVEN,2025-06-15,2025-06-19,2,5,1.0,19.02455,2020-2025,138766.4727,3265.971029
270,2025,CA,LRA,QUINN,2025-07-02,2025-07-02,14,1,1.0,18.98449,2020-2025,116836.9297,1462.259619
271,2025,CA,USF,RADAR,2025-08-02,2025-08-03,1,8,1.0,18.91577,2020-2025,137514.9883,1508.576899
272,2025,CA,CDF,MONTANA,2025-06-24,2025-06-25,4,1,1.0,18.77196,2020-2025,136089.0156,2247.195658
273,2025,CA,NPS,KIBBIE,2025-08-26,2025-09-12,1,7,1.0,18.68576,2020-2025,122072.3164,2551.612897
274,2025,CA,LRA,FLEMING,2025-06-25,2025-06-26,7,3,1.0,18.61419,2020-2025,109939.543,2754.993418
275,2025,CA,LRA,VAN CLIEF RD STEVENSON,2025-07-06,2025-07-06,14,4,1.0,18.27019,2020-2025,117003.8945,2318.413787
276,2025,CA,CDF,RUSH,2025-06-20,2025-06-23,14,1,1.0,18.25358,2020-2025,128694.793,2291.608742
277,2025,CA,LRA,RECHE,2025-07-10,2025-07-10,2,3,1.0,18.2381,2020-2025,107553.7891,2301.255554
278,2025,CA,CDF,ANTONIO,2025-06-09,2025-06-09,10,1,1.0,18.231,2020-2025,116909.5,1410.06889
279,2025,CA,CCO,DEER,2025-06-20,2025-06-20,14,1,1.0,18.10975,2020-2025,110072.7383,1945.074908
280,2025,CA,CDF,CLEMENT,2025-06-13,2025-06-13,5,1,1.0,18.05686,2020-2025,126443.9961,2136.631335
281,2025,CA,CDF,GYLE,2025-10-27,2025-10-27,5,1,1.0,18.05467,2020-2025,124641.9961,2147.608952
282,2025,CA,LRA,MOORE,2025-07-10,2025-07-10,14,1,1.0,17.88558,2020-2025,119586.3906,2070.81849
283,2025,CA,LRA,HOSKING 3,2025-07-21,2025-07-22,7,1,1.0,17.70028,2020-2025,107736.3516,2834.469409
284,2025,CA,BLM,BOYD,2025-04-17,2025-04-21,14,6,1.0,17.30158,2020-2025,99588.87109,3629.710925
285,2025,CA,USF,GARDEN,2025-08-26,2025-08-31,1,3,1.0,17.24211,2020-2025,114657.457,1642.941636
286,2025,CA,CDF,VALLEY,2025-09-01,2025-09-01,2,3,1.0,17.20355,2020-2025,114554.0898,2350.258148
287,2025,CA,CDF,OAK,2025-06-15,2025-06-17,14,4,1.0,17.03071,2020-2025,108330.6055,1695.046524
288,2025,CA,CDF,BORDER,2025-01-01,2025-01-02,7,3,1.0,16.9115,2020-2025,96696.89063,2081.885651
289,2025,CA,CDF,SABE,2025-06-05,2025-06-06,2,5,1.0,16.89966,2020-2025,106919.5703,1421.911301
290,2025,CA,CDF,ELM,2025-06-16,2025-06-16,11,1,1.0,16.846,2020-2025,105119.8203,1374.197125
291,2025,CA,CDF,CROSS,2025-02-09,2025-02-09,2,1,1.0,16.71458,2020-2025,103439.3945,1526.828996
292,2025,CA,CDF,BAKER,2025-07-16,2025-07-16,9,1,1.0,16.5998,2020-2025,115640.9492,2066.285231
293,2025,CA,CDF,HANSEN,2025-05-13,2025-05-13,11,4,1.0,16.33476,2020-2025,120954.5313,1670.896996
294,2025,CA,NPS,CRATER,2025-08-27,2025-08-27,1,8,1.0,16.1303,2020-2025,117371.5703,2545.07143
295,2025,CA,CDF,ALTA,2025-07-20,2025-07-20,2,5,1.0,16.11074,2020-2025,109404.4023,1719.158898
296,2025,CA,CDF,QUAIL,2025-06-04,2025-06-04,2,1,1.0,16.0962,2020-2025,112907.6836,1604.291326
297,2025,CA,CDF,LITTLE,2025-07-17,2025-07-17,2,1,1.0,15.89377,2020-2025,113433.5078,1592.705149
298,2025,CA,CCO,BIRD,2025-10-04,2025-10-04,14,1,1.0,15.8049,2020-2025,97076.94141,1995.592188
299,2025,CA,CDF,BAND,2025-06-18,2025-06-18,14,1,1.0,15.50475,2020-2025,100250.8203,1884.599451
300,2025,CA,USF,PEREZ,2025-08-12,2025-08-13,10,6,1.0,15.31279,2020-2025,111295.9727,1790.511176
301,2025,CA,LRA,GUN CUB ,2025-06-23,2025-06-24,14,1,1.0,15.31198,2020-2025,94157.89453,2527.635553
302,2025,CA,LRA,CEMETARY,2025-07-05,2025-07-05,14,1,1.0,15.24142,2020-2025,92996.37891,1167.445046
303,2025,CA,USF,RESERVOIR,2025-07-01,2025-07-02,1,4,1.0,15.21916,2020-2025,110627.9922,2299.118783
304,2025,CA,CDF,CORNING,2025-07-07,2025-07-07,2,1,1.0,15.20529,2020-2025,104764.2109,2220.360098
305,2025,CA,FWS,309,2025-08-19,2025-08-20,14,4,1.0,15.04406,2020-2025,93016.82031,1389.415693
306,2025,CA,CDF,GIBBEL,2025-01-23,2025-01-24,14,3,1.0,15.00072,2020-2025,87953.76953,1377.820002
307,2025,CA,USF,LA PORTE,2025-04-24,2025-04-25,5,7,1.0,14.96098,2020-2025,101870.375,1964.854278
308,2025,CA,CDF,PARK,2025-09-02,2025-09-03,1,1,1.0,14.95,2020-2025,154307.4609,1664.862474
309,2025,CA,CDF,SLIGER,2025-07-25,2025-07-25,1,3,1.0,14.87471,2020-2025,99683.48828,1511.022065
310,2025,CA,USF,BEAVER,2025-12-04,2025-12-05,4,6,1.0,14.75826,2020-2025,97617.44141,2190.020368
311,2025,CA,FWS,84,2025-05-10,2025-05-10,2,4,1.0,14.40466,2020-2025,89092.70703,2024.940826
312,2025,CA,CDF,CRESTON,2025-05-22,2025-05-22,14,1,1.0,14.21327,2020-2025,87117.71094,1587.107953
313,2025,CA,CDF,CREEK,2025-05-16,2025-05-16,2,1,1.0,14.11715,2020-2025,98724.48438,1874.32167
314,2025,CA,BLM,WILDROSE,2025-04-08,2025-04-08,14,7,1.0,14.09043,2020-2025,84562.73438,2258.466212
315,2025,CA,LRA,HILLCREST,2025-04-07,2025-04-08,14,1,1.0,13.96742,2020-2025,85213.46875,1332.85619
316,2025,CA,CDF,SPRINGS,2025-06-27,2025-06-27,10,1,1.0,13.95434,2020-2025,100969.8438,1430.191024
317,2025,CA,BLM,AQUADUCT,2025-09-07,2025-09-09,1,7,1.0,13.78122,2020-2025,83852.00391,1759.251978
318,2025,CA,LRA,ALOMA ,2025-04-22,2025-04-22,14,1,1.0,13.77262,2020-2025,84515.17188,2134.38341
319,2025,CA,CDF,FARM,2025-08-06,2025-08-07,2,1,1.0,13.72191,2020-2025,95878.30078,1342.456077
320,2025,CA,CDF,COACH,2025-08-30,2025-08-31,2,7,1.0,13.57751,2020-2025,85874.59375,1604.495587
321,2025,CA,BLM,FANDANGO,2025-07-14,2025-07-14,14,7,1.0,13.49481,2020-2025,98309.41797,1830.076394
322,2025,CA,LRA,LOBINGER,2025-06-11,2025-06-11,2,1,1.0,13.22655,2020-2025,91182.97266,1803.438941
323,2025,CA,LRA,KRN-25-24931,2025-05-25,2025-05-26,14,1,1.0,13.12227,2020-2025,80818.15234,1303.776603
324,2025,CA,CDF,BUELL,2025-09-10,2025-09-10,1,1,1.0,13.06349,2020-2025,91419.90234,1787.531929
325,2025,CA,USF,RUSH,2025-08-02,2025-08-03,14,8,1.0,12.92799,2020-2025,83908.90234,1415.251696
326,2025,CA,CCO,ELK,2025-09-17,2025-09-17,14,1,1.0,12.66308,2020-2025,77115.50781,1251.245644
327,2025,CA,USF,H-10,2025-08-26,2025-08-26,1,8,1.0,12.6223,2020-2025,89051.44922,1569.582573
328,2025,CA,CDF,SARGENT,2025-05-20,2025-05-20,1,1,1.0,12.56901,2020-2025,77794.10938,1366.390753
329,2025,CA,CDF,GRANDE,2025-05-09,2025-05-09,14,1,1.0,12.46485,2020-2025,80193.26953,1721.028126
330,2025,CA,CDF,LAKE,2025-04-13,2025-04-13,7,1,1.0,12.4645,2020-2025,91071.86719,1717.783514
331,2025,CA,CDF,FINK,2025-06-05,2025-06-05,11,1,1.0,12.33877,2020-2025,79251.50781,1094.11621
332,2025,CA,CCO,BEAR,2025-06-02,2025-06-02,14,1,1.0,12.27456,2020-2025,74780.81641,1523.87873
333,2025,CA,CDF,NICHOLS,2025-10-07,2025-10-07,14,2,1.0,12.24453,2020-2025,82411.84375,1836.676976
334,2025,CA,USF,TEMPLIN,2025-01-01,2025-01-03,7,1,1.0,12.2261,2020-2025,73204.40625,1414.735375
335,2025,CA,CDF,STARDUST,2025-07-12,2025-07-12,2,3,1.0,12.19767,2020-2025,81579.34766,1362.454512
336,2025,CA,CDF,GUN,2025-08-10,2025-08-10,9,3,1.0,12.06726,2020-2025,76719.41406,1686.750689
337,2025,CA,USF,MURPHY,2025-08-26,2025-08-31,1,8,1.0,11.90152,2020-2025,85184.48438,1074.390704
338,2025,CA,USF,MARIPOSA,2025-08-09,2025-08-09,10,6,1.0,11.87765,2020-2025,70655.29688,1606.571791
339,2025,CA,CCO,LOOP,2025-08-23,2025-08-23,14,1,1.0,11.73412,2020-2025,71461.57422,1371.824013
340,2025,CA,CDF,GREILICH,2025-06-10,2025-06-10,2,1,1.0,11.682,2020-2025,77211.49609,1495.957852
341,2025,CA,CDF,BEAR,2025-08-24,2025-08-27,1,5,1.0,11.63204,2020-2025,84310.97266,2109.249628
342,2025,CA,CCO,HAROLD,2025-10-12,2025-10-15,14,2,1.0,11.45487,2020-2025,67214.50391,1305.748982
343,2025,CA,BLM,33,2025-04-14,2025-04-15,11,7,1.0,11.44568,2020-2025,69392.48438,1181.599891
344,2025,CA,CDF,UTAH,2025-08-11,2025-08-12,9,2,1.0,11.39059,2020-2025,73510.32031,1603.514834
345,2025,CA,CDF,BRADFORD BRANCH,2025-07-16,2025-07-16,10,1,1.0,11.35215,2020-2025,66250.49219,1759.217717
346,2025,CA,BLM,HOVEY ,2025-06-11,2025-06-11,14,7,1.0,11.16992,2020-2025,67684.54297,1047.805133
347,2025,CA,USF,WINDY,2025-06-09,2025-06-11,9,6,1.0,11.13911,2020-2025,71454.94141,1143.259871
349,2025,CA,LRA,LOCUST,2025-06-29,2025-06-29,14,1,1.0,11.12911,2020-2025,68287.93359,1001.293142
350,2025,CA,LRA,HERMOSA ,2025-06-08,2025-06-08,10,1,1.0,10.96412,2020-2025,66768.95703,1388.710009
351,2025,CA,CDF,6-3,2025-08-26,2025-08-26,1,5,1.0,10.90325,2020-2025,74262.08594,1423.482885
352,2025,CA,USF,CYRUS,2025-07-07,2025-07-07,14,7,1.0,10.84886,2020-2025,66721.26172,1127.239658
353,2025,CA,CDF,LOOK,2025-08-24,2025-08-26,1,3,1.0,10.80006,2020-2025,67826.69922,1839.181545
354,2025,CA,CDF,GUN,2025-05-25,2025-05-25,9,1,1.0,10.78514,2020-2025,67907.13281,1516.479924
355,2025,CA,CDF,IVERSON,2025-06-19,2025-06-19,9,1,1.0,10.73471,2020-2025,67444.86328,1314.291669
356,2025,CA,CDF,PLUTO,2025-05-24,2025-05-24,2,2,1.0,10.65996,2020-2025,77133.75781,1472.979613
357,2025,CA,USF,CLEAR,2025-07-30,2025-07-31,1,8,1.0,10.63687,2020-2025,77616.48047,1705.161795
358,2025,CA,USF,LETTER,2025-06-09,2025-06-10,1,7,1.0,10.63072,2020-2025,73147.08203,1386.160184
359,2025,CA,CDF,ISLAND,2025-07-12,2025-07-12,4,3,1.0,10.60109,2020-2025,67141.10156,1396.492334
360,2025,CA,CDF,GUNSMOKE,2025-05-18,2025-05-18,2,1,1.0,10.56276,2020-2025,73303.42188,1821.036864
361,2025,CA,CCO,BEALE,2025-07-12,2025-07-13,14,1,1.0,10.52162,2020-2025,64014.46484,1781.399547
362,2025,CA,CDF,GRUBS,2025-05-30,2025-05-30,5,4,1.0,10.40143,2020-2025,70865.91797,1332.500823
363,2025,CA,BLM,HIGHLINE,2025-11-09,2025-11-12,14,6,1.0,10.3387,2020-2025,59515.69141,1810.512911
364,2025,CA,CDF,FUEL,2025-09-01,2025-09-02,10,4,1.0,10.3191,2020-2025,65672.69922,1314.64173
365,2025,CA,CDF,SOUTHSIDE,2025-05-24,2025-05-24,14,1,1.0,10.30094,2020-2025,65099.08984,1376.395441
366,2025,CA,LRA,ORANGE,2025-09-02,2025-09-02,2,1,1.0,10.2738,2020-2025,70852.23047,1329.616215
367,2025,CA,CDF,MATTHEW,2025-05-06,2025-05-06,11,1,1.0,10.27065,2020-2025,69042.60547,1235.059335
368,2025,CA,CDF,RAVEN,2025-06-20,2025-06-20,5,1,1.0,10.20997,2020-2025,74589.42578,1401.346063
369,2025,CA,CDF,VISTA,2025-06-15,2025-06-17,14,3,1.0,10.12553,2020-2025,59517.76563,1129.462239
370,2025,CA,CCO,FRANDY ,2025-06-25,2025-06-25,14,1,1.0,9.48122,2020-2025,58381.77734,1143.052218
371,2025,CA,LRA,HOSKING ,2025-04-14,2025-04-15,14,1,1.0,9.46642,2020-2025,57620.89844,1102.058713
372,2025,CA,CCO,HILLS,2025-04-13,2025-04-14,14,1,1.0,9.40661,2020-2025,57723.47656,1100.468741
373,2025,CA,LRA,SAGE,2025-07-05,2025-07-05,14,3,1.0,9.097208,2020-2025,53615.83594,1247.778536
374,2025,CA,LRA,PARK,2025-05-18,2025-05-18,14,1,1.0,9.069969,2020-2025,55343.95313,1014.113391
375,2025,CA,USF,PENNY,2025-02-26,2025-02-26,14,6,1.0,8.994162,2020-2025,51796.42188,1384.058985
376,2025,CA,BLM,NOPAH,2025-02-12,2025-02-12,14,7,1.0,8.961789,2020-2025,55366.69141,1328.837707
377,2025,CA,USF,CREST,2025-07-21,2025-07-30,1,4,1.0,8.493313,2020-2025,54612.46094,985.1564516
378,2025,CA,CCO,MOUNTAIN,2025-07-18,2025-07-18,14,1,1.0,8.436714,2020-2025,51333.43359,2016.368433
379,2025,CA,CDF,GREEN,2025-07-05,2025-07-05,14,3,1.0,8.389605,2020-2025,49206.50391,1650.287328
380,2025,CA,CCO,WILLOW,2025-08-22,2025-08-23,14,1,1.0,8.38383,2020-2025,50725.30469,1448.341427
381,2025,CA,CDF,WILLOW,2025-09-16,2025-09-16,2,5,1.0,8.307479,2020-2025,60560.6875,1201.745526
382,2025,CA,CCO,ORCHARD ,2025-09-24,2025-09-24,10,1,1.0,8.015344,2020-2025,48856.72656,1303.30673
383,2025,CA,CDF,SAWYER,2025-08-18,2025-08-20,10,1,1.0,7.678487,2020-2025,51877.09375,1309.425144
384,2025,CA,LRA,MAXX,2025-06-30,2025-06-30,14,1,1.0,7.677474,2020-2025,46834.37891,958.4098925
385,2025,CA,LRA,MONICA,2025-07-13,2025-07-13,14,1,1.0,7.405249,2020-2025,45174.85156,1239.05369
386,2025,CA,CCO,GRADE,2025-09-13,2025-09-13,14,1,1.0,7.178474,2020-2025,43410.85938,1171.814071
387,2025,CA,LRA,STAGECOACH,2025-06-14,2025-06-15,14,1,1.0,7.157779,2020-2025,43202.19922,1085.042242
388,2025,CA,CDF,BALDY 2,2025-09-25,2025-09-25,7,1,1.0,7.043671,2020-2025,48514.57813,1426.970727
389,2025,CA,LRA,ESTRELLA,2025-10-12,2025-10-12,14,1,1.0,7.01524,2020-2025,43096.00781,1122.740299
390,2025,CA,CDF,UPLAND,2025-05-22,2025-05-22,5,1,1.0,7.006025,2020-2025,51082.33203,992.9005464
391,2025,CA,BLM,YUCCA,2025-05-25,2025-05-25,9,7,1.0,6.966782,2020-2025,41607.86328,1215.812859
392,2025,CA,DOD,OIL,2025-09-06,2025-09-06,14,1,1.0,6.735997,2020-2025,40884.70313,965.1468891
393,2025,CA,CDF,BUCKHORN,2025-03-04,2025-03-04,2,1,1.0,6.627492,2020-2025,40038.29297,1366.511928
394,2025,CA,CCO,PINE,2025-08-24,2025-08-24,14,1,1.0,6.428208,2020-2025,39387.70703,1313.767097
395,2025,CA,CCO,COMANCHE ,2025-05-27,2025-05-27,14,1,1.0,6.423163,2020-2025,39182.81641,1109.972528
396,2025,CA,LRA,KAM,2025-06-30,2025-06-30,14,1,1.0,6.418489,2020-2025,39076.20703,1392.233343
397,2025,CA,CCO,LERDO,2025-11-13,2025-11-13,14,1,1.0,6.401134,2020-2025,39186.21094,826.7232852
398,2025,CA,CDF,APPLE,2025-01-07,2025-01-07,14,8,1.0,6.372646,2020-2025,36842.94531,1089.403635
399,2025,CA,CDF,GRADE,2025-06-05,2025-06-05,10,7,1.0,6.33567,2020-2025,39778.69141,1470.118005
400,2025,CA,CDF,SHASTA,2025-06-10,2025-06-11,1,2,1.0,6.328118,2020-2025,45763.76563,1199.436052
401,2025,CA,BLM,R-13 PETES,2025-08-26,2025-08-27,1,7,1.0,6.27591,2020-2025,44113.69141,1443.707018
402,2025,CA,BLM,LONG VALLEY,2025-08-26,2025-08-27,1,1,1.0,6.237775,2020-2025,40416.0,1534.90139
403,2025,CA,CCO,ISABELLA,2025-06-07,2025-06-09,14,1,1.0,5.934118,2020-2025,36397.0625,1438.709818
404,2025,CA,CCO,GRAPEVINE,2025-05-12,2025-05-13,14,1,1.0,5.828817,2020-2025,34973.45703,1050.460776
405,2025,CA,CDF,HARRY,2025-06-30,2025-06-30,1,1,1.0,5.772521,2020-2025,41847.27734,1021.923013
406,2025,CA,CCO,LAKE,2025-08-20,2025-08-21,14,1,1.0,5.752456,2020-2025,35133.54297,1360.752551
407,2025,CA,BLM,SOLAR,2025-05-19,2025-05-20,14,4,1.0,5.712334,2020-2025,39871.46875,746.0537194
408,2025,CA,LRA,POWER,2025-06-12,2025-06-12,14,1,1.0,5.657748,2020-2025,34532.53906,836.5783143
409,2025,CA,CDF,WILLOW,2025-05-10,2025-05-10,5,1,1.0,5.643619,2020-2025,40362.20313,1070.727025
410,2025,CA,LRA,BIKE,2025-06-24,2025-06-25,14,1,1.0,5.643009,2020-2025,34447.55859,906.9099917
411,2025,CA,LRA,RIVER ,2025-09-27,2025-09-27,14,1,1.0,5.607408,2020-2025,34232.19141,923.0942574
412,2025,CA,BLM,R-1 DANNER,2025-06-09,2025-06-09,1,7,1.0,5.606033,2020-2025,39137.3125,799.3618681
413,2025,CA,LRA,WASCO POND,2025-05-05,2025-05-05,14,1,1.0,5.571162,2020-2025,34342.12891,915.0071229
414,2025,CA,CCO,DITCH,2025-05-17,2025-05-17,2,1,1.0,5.47024,2020-2025,33102.90625,855.6131804
415,2025,CA,CCO,OILFIELD ,2025-07-07,2025-07-07,14,1,1.0,5.455512,2020-2025,33388.66016,884.5568093
416,2025,CA,CCO,STORMY ,2025-06-23,2025-06-23,14,1,1.0,5.389888,2020-2025,33048.51563,1135.771751
417,2025,CA,CCO,PUMP ,2025-09-02,2025-09-02,14,1,1.0,5.34671,2020-2025,32339.94141,963.7386263
418,2025,CA,CDF,COCHES 2,2025-09-08,2025-09-08,14,3,1.0,5.299844,2020-2025,30712.63281,1363.570059
419,2025,CA,CCO,LERDO ,2025-04-18,2025-04-19,14,1,1.0,5.224772,2020-2025,31980.01953,976.0539074
420,2025,CA,CDF,SLOUGH,2025-08-25,2025-08-25,1,8,1.0,4.96555,2020-2025,35858.95703,899.5295196
421,2025,CA,LRA,MERCED,2025-06-13,2025-06-13,14,1,1.0,4.836013,2020-2025,29616.84375,1018.948056
422,2025,CA,CCO,CYMRIC,2025-05-13,2025-05-13,14,1,1.0,4.827553,2020-2025,29455.92969,831.4913791
423,2025,CA,BLM,AFTON,2025-04-26,2025-04-28,6,7,1.0,4.786592,2020-2025,28960.67578,740.6376457
424,2025,CA,CDF,BRIDGE,2025-05-13,2025-05-13,5,7,1.0,4.782364,2020-2025,28892.34375,1407.902734
425,2025,CA,CDF,RANCHITA,2025-07-18,2025-07-18,2,7,1.0,4.414623,2020-2025,27171.71484,1002.25925
426,2025,CA,CCO,CLUB,2025-08-23,2025-08-23,1,1,1.0,4.2,2020-2025,24841.89844,858.0682593
427,2025,CA,CDF,COW,2025-04-09,2025-04-09,5,1,1.0,3.983708,2020-2025,26808.05469,889.4090656
429,2025,CA,CDF,BALDY,2025-09-24,2025-09-25,7,1,1.0,3.859035,2020-2025,26580.01953,959.2244653
430,2025,CA,CDF,CUESTA,2025-07-22,2025-07-22,10,7,1.0,3.708038,2020-2025,22576.42578,813.735342
431,2025,CA,USF,BEAN,2025-09-03,2025-09-04,1,7,1.0,3.706272,2020-2025,25322.36328,791.40684
432,2025,CA,CDF,RIDGE,2025-05-06,2025-05-06,2,1,1.0,3.599587,2020-2025,24416.98828,985.3482589
433,2025,CA,BLM,COTTON,2025-05-25,2025-05-26,14,7,1.0,3.553523,2020-2025,21804.01563,585.7032532
434,2025,CA,CCO,CHESTER,2025-07-25,2025-07-25,11,1,1.0,3.531665,2020-2025,21594.97656,812.4705514
435,2025,CA,CCO,BELLA,2025-06-09,2025-06-10,14,1,1.0,3.531122,2020-2025,21688.89453,986.1565101
436,2025,CA,LRA,SALINAS,2025-06-12,2025-06-12,14,1,1.0,3.421595,2020-2025,20997.80469,730.0191955
438,2025,CA,CCO,ANGLER,2025-05-27,2025-05-27,14,1,1.0,3.393137,2020-2025,20809.84766,820.3532078
439,2025,CA,BLM,R-12 RAMHORN,2025-08-25,2025-08-26,1,7,1.0,3.287001,2020-2025,23173.02344,784.1391517
440,2025,CA,CDF,RIVER,2025-05-11,2025-05-11,9,7,1.0,3.136678,2020-2025,18954.67578,723.8805203
441,2025,CA,CCO,TEMBLOR,2025-10-21,2025-10-21,14,1,1.0,3.049498,2020-2025,18622.40234,836.7428678
442,2025,CA,LRA,MORNING,2025-05-22,2025-05-22,14,1,1.0,3.048534,2020-2025,18603.6875,550.8032485
443,2025,CA,LRA,VINEYARD,2025-08-28,2025-08-28,10,7,1.0,2.947665,2020-2025,18056.95313,707.6653281
444,2025,CA,CDF,5-2,2025-09-02,2025-09-03,1,3,1.0,2.83722,2020-2025,18522.23047,666.4790363
445,2025,CA,USF,BLUE,2025-09-24,2025-09-24,10,8,1.0,2.644855,2020-2025,15711.16016,827.0334749
446,2025,CA,CDF,HUDSON,2025-06-21,2025-06-21,7,1,1.0,2.64297,2020-2025,16500.47266,528.5083047
447,2025,CA,BLM,DEEP,2025-08-21,2025-08-21,10,7,1.0,2.618863,2020-2025,18345.81641,600.0945502
448,2025,CA,CDF,RIVER 2,2025-07-05,2025-07-05,7,1,1.0,2.604827,2020-2025,15879.80469,531.847124
449,2025,CA,BLM,R-5 BRANHAM,2025-08-24,2025-08-25,1,7,1.0,2.583243,2020-2025,18217.50391,854.8527006
450,2025,CA,USF,ISLAND,2025-08-26,2025-08-27,1,8,1.0,2.579151,2020-2025,17760.07031,680.3888441
451,2025,CA,CDF,GILARDI,2025-07-01,2025-07-01,2,1,1.0,2.422497,2020-2025,14769.16016,509.2571328
452,2025,CA,CCO,OIL,2025-03-21,2025-03-21,14,1,1.0,2.282036,2020-2025,13843.28516,627.9988985
453,2025,CA,CDF,BERNICE,2025-04-28,2025-04-28,5,1,1.0,2.279337,2020-2025,14184.85156,710.4696451
454,2025,CA,LRA,JANSS,2025-10-21,2025-10-21,14,7,1.0,2.276464,2020-2025,13488.74609,758.3126403
455,2025,CA,CDF,VASQUEZ,2025-07-07,2025-07-07,10,5,1.0,2.226086,2020-2025,13957.49219,618.1930717
456,2025,CA,CDF,FOOTHILL,2025-09-16,2025-09-16,7,1,1.0,2.182911,2020-2025,14982.99609,668.0950808
457,2025,CA,CDF,POZO,2025-01-22,2025-01-22,5,7,1.0,2.182649,2020-2025,13295.58984,445.5128452
458,2025,CA,CDF,RIVER,2025-09-06,2025-09-06,7,1,1.0,2.164113,2020-2025,15102.28906,542.2461272
459,2025,CA,CDF,LAKE,2025-06-11,2025-06-11,11,7,1.0,2.109433,2020-2025,12965.81641,498.4641143
460,2025,CA,CDF,LOPEZ,2025-08-06,2025-08-06,10,7,1.0,2.0799,2020-2025,12647.33203,504.1286804
461,2025,CA,CDF,HOPPER,2025-09-15,2025-09-15,9,1,1.0,2.00499,2020-2025,13772.05859,886.0712865
462,2025,CA,CDF,CLEARWATER,2025-10-06,2025-10-06,14,1,1.0,2.003823,2020-2025,13924.64063,590.2842162
464,2025,CA,BLM,WATTERSON,2025-09-06,2025-09-06,1,1,1.0,1.815923,2020-2025,11741.85938,751.8168463
465,2025,CA,CDF,POINT,2025-06-21,2025-06-21,4,7,1.0,1.794168,2020-2025,11049.78906,436.5170009
466,2025,CA,CDF,RUTH,2025-07-05,2025-07-05,14,1,1.0,1.774964,2020-2025,12378.42969,671.6278958
467,2025,CA,CDF,LAKE,2025-04-21,2025-04-21,14,7,1.0,1.757029,2020-2025,10629.35547,688.5980498
468,2025,CA,USF,GROVE,2025-08-25,2025-08-26,1,8,1.0,1.709664,2020-2025,11704.31641,738.0307782
469,2025,CA,CDF,HELIOS,2025-05-18,2025-05-18,11,7,1.0,1.696774,2020-2025,10355.01953,461.830785
470,2025,CA,BLM,R-8 RAILROAD,2025-08-25,2025-08-27,1,7,1.0,1.638349,2020-2025,11512.40234,578.8649741
471,2025,CA,CDF,LAKE,2025-08-30,2025-08-30,14,1,1.0,1.610001,2020-2025,10905.51563,761.7710052
472,2025,CA,CDF,STONE,2025-08-22,2025-08-22,2,1,1.0,1.578238,2020-2025,9938.367188,631.9957859
473,2025,CA,BLM,LAKE,2025-05-08,2025-05-08,14,7,1.0,1.563858,2020-2025,9674.355469,638.9869467
474,2025,CA,BLM,HONOLULU 3,2025-07-21,2025-07-21,14,7,1.0,1.554659,2020-2025,9431.929688,468.9554188
475,2025,CA,CDF,PEACHY,2025-03-01,2025-03-01,2,7,1.0,1.480178,2020-2025,9086.632813,475.6745008
476,2025,CA,FWS,MAYHEWS,2025-07-22,2025-07-22,14,1,1.0,1.412104,2020-2025,9102.316406,508.7273661
477,2025,CA,LRA,TANK,2025-08-03,2025-08-03,11,7,1.0,1.406657,2020-2025,8554.425781,414.7863075
478,2025,CA,BLM,HANKS,2025-07-05,2025-07-06,10,7,1.0,1.395244,2020-2025,8517.976563,959.074489
479,2025,CA,USF,HONEYHILL,2025-08-03,2025-08-03,14,8,1.0,1.3934,2020-2025,8287.332031,471.0850488
480,2025,CA,USF,WENTWORTH,2025-08-24,2025-08-24,1,8,1.0,1.382969,2020-2025,9285.742188,467.6338791
481,2025,CA,USF,POVERTY ,2025-06-09,2025-06-10,1,7,1.0,1.368686,2020-2025,9347.953125,583.4734043
482,2025,CA,CDF,SHIRLEY,2025-07-12,2025-07-12,11,1,1.0,1.254534,2020-2025,8531.894531,385.1894142
483,2025,CA,CDF,MOBILE,2025-05-21,2025-05-22,5,1,1.0,1.2333,2020-2025,8229.886719,400.5324847
484,2025,CA,CDF,DUSTIN,2025-06-28,2025-06-28,2,1,1.0,1.189732,2020-2025,8079.980469,371.1152448
485,2025,CA,CDF,PANOCHE,2025-07-21,2025-07-21,7,2,1.0,1.184332,2020-2025,7460.695313,419.5209529
486,2025,CA,CCO,EAST,2025-06-15,2025-06-15,11,1,1.0,1.167026,2020-2025,7042.386719,576.9132536
487,2025,CA,USF,JICARILLA,2025-04-23,2025-04-24,7,6,1.0,1.163775,2020-2025,7785.058594,412.0247784
488,2025,CA,CDF,RIFLE,2025-08-29,2025-08-29,2,1,1.0,1.152858,2020-2025,7918.273438,491.1707292
489,2025,CA,CDF,SCENIC,2025-05-31,2025-05-31,10,7,1.0,1.088145,2020-2025,6573.039063,434.268034
490,2025,CA,CDF,HALL,2025-12-24,2025-12-24,11,1,1.0,1.085227,2020-2025,6872.59375,397.2593615
491,2025,CA,CDF,MARIPOSA,2025-05-02,2025-05-02,5,1,1.0,1.037682,2020-2025,7030.714844,380.9316151
492,2025,CA,CCO,REST,2025-10-30,2025-10-30,1,5,1.0,0.9512382,2020-2025,5679.074219,305.9457484
493,2025,CA,FWS,SKAGGS,2025-08-09,2025-08-14,14,1,1.0,0.9227914,2020-2025,6048.316406,595.6129215
494,2025,CA,FWS,WARM,2025-06-18,2025-06-18,14,1,1.0,0.8030199,2020-2025,5171.445313,368.2615141
495,2025,CA,CDF,FELIZE,2025-07-01,2025-07-01,14,1,1.0,0.7819327,2020-2025,5243.953125,394.8044472
496,2025,CA,CCO,GRIMES,2025-01-22,2025-01-22,14,7,1.0,0.7539553,2020-2025,4485.007813,431.9305952
497,2025,CA,CDF,BURKE 2,2025-05-21,2025-05-21,2,1,1.0,0.6501259,2020-2025,4376.320313,270.6017661
498,2025,CA,CDF,CHICKEN,2025-10-20,2025-10-20,5,1,1.0,0.6132147,2020-2025,4141.738281,268.5616763
499,2025,CA,CDF,COOKS,2025-09-18,2025-09-18,10,1,1.0,0.59,2020-2025,3911.292969,242.296643
500,2025,CA,CDF,WILSON,2025-05-04,2025-05-04,5,1,1.0,0.5505544,2020-2025,3799.722656,304.8004483
501,2025,CA,CDF,DEERWOOD,2025-10-23,2025-10-23,5,1,1.0,0.3063474,2020-2025,2066.617188,218.4614763
502,2025,CA,CDF,MARINA,2025-06-03,2025-06-03,2,1,1.0,0.2819401,2020-2025,1903.34375,229.2811125
503,2025,CA,CDF,CABLE,2025-07-05,2025-07-05,14,1,1.0,0.2687268,2020-2025,1791.914063,159.3345325
504,2025,CA,LRA,PEAK,2025-07-29,2025-07-29,14,7,1.0,0.2177159,2020-2025,1293.21875,250.3925543
505,2025,CA,LRA,OAKS,2025-08-31,2025-08-31,14,1,1.0,0.2009448,2020-2025,1234.027344,144.4398788
506,2025,CA,CDF,WILLIAMS,2025-05-28,2025-05-28,9,1,1.0,0.1935975,2020-2025,1199.429688,184.9756313
507,2025,CA,LRA,SALINAS,2025-06-27,2025-06-27,14,1,1.0,0.1750592,2020-2025,1074.972656,136.7070735
508,2025,CA,CDF,CANYON,2025-12-23,2025-12-23,5,1,1.0,0.171532,2020-2025,1083.964844,158.5903849
509,2025,CA,CDF,COMPANY,2025-10-08,2025-10-08,4,1,1.0,0.1674148,2020-2025,1138.070313,138.8455527
510,2025,CA,CCO,STANLEY,2025-12-06,2025-12-06,14,7,1.0,0.1236822,2020-2025,735.40625,131.5659651
511,2025,CA,CCO,12TH ST,2025-12-01,2025-12-01,4,7,1.0,0.1143521,2020-2025,680.8789063,97.43363811
512,2025,CA,CCO,CACHUMA,2025-08-22,2025-08-22,2,5,1.0,0.08685759,2020-2025,519.7460938,93.15887709
513,2025,CA,CDF,SKY,2025-08-30,2025-08-30,10,1,1.0,0.06539362,2020-2025,456.078125,86.3217509
514,2025,CA,CDF,CASINO,2025-06-25,2025-06-25,10,6,1.0,0.04059369,2020-2025,287.5625,75.58013532
515,2025,CA,CDF,GRADE,2025-07-28,2025-07-28,11,5,1.0,0.02527107,2020-2025,166.7578125,108.5912931
516,2025,CA,CDF,FRENCHTOWN,2025-06-17,2025-06-17,14,1,1.0,0.02224333,2020-2025,150.9375,52.24977075
517,2025,CA,CDF,ALTA,2025-07-11,2025-07-11,10,6,1.0,0.02113453,2020-2025,147.8515625,52.07590602
518,2025,CA,CDF,COUCH,2025-06-25,2025-06-25,14,6,1.0,0.01249283,2020-2025,74.62890625,46.35829426
519,2025,CA,CDF,NORTHSTAR,2025-07-07,2025-07-07,14,1,1.0,0.003981718,2020-2025,26.921875,22.59510609
520,2025,CA,CDF,NORTHSTAR II,2025-07-07,2025-07-07,14,1,1.0,0.001390146,2020-2025,9.41015625,11.48718617
521,2025,CA,CDF,NORTHSTAR III,2025-07-07,2025-07-07,14,1,1.0,0.0008994204,2020-2025,6.08203125,9.390528498
522,2024,CA,CDF,PARK,2024-07-24,2024-09-07,7,7,1.0,429602.8,2020-2025,2976278452.0,543809.4492
523,2024,CA,USF,BOREL,2024-07-24,2024-09-15,14,3,1.0,59288.54,2020-2025,362834454.8,169207.7757
524,2024,CA,USF,BRIDGE,2024-09-08,2024-12-31,14,7,1.0,55724.17,2020-2025,331298784.0,241654.718
525,2024,CA,USF,LINE,2024-09-05,2024-12-23,14,3,1.0,43975.61,2020-2025,260553640.2,222266.6552
526,2024,CA,USF,LAKE,2024-07-05,2024-08-04,14,3,1.0,38610.38,2020-2025,232044496.4,318377.1216
527,2024,CA,USF,TROUT,2024-07-13,2024-09-06,1,3,1.0,23822.11,2020-2025,147526885.4,86488.33979
528,2024,CA,CCO,AIRPORT,2024-09-09,2024-10-06,2,3,1.0,23526.35,2020-2025,137790737.4,106263.4435
529,2024,CA,CCO,MOUNTAIN,2024-11-06,2024-11-26,14,7,1.0,19902.06,2020-2025,118355318.9,258807.5277
530,2024,CA,CDF,SITES,2024-06-17,2024-06-26,11,7,1.0,19132.36,2020-2025,129345449.0,89398.27728
531,2024,CA,CDF,BOONE,2024-09-03,2024-09-21,2,7,1.0,17614.5,2020-2025,109616688.1,90232.86406
532,2024,CA,CDF,POST,2024-06-15,2024-06-26,14,7,1.0,15563.13,2020-2025,93459776.35,105746.0425
533,2024,CA,USF,SHELLY,2024-07-03,2024-08-06,14,7,1.0,15519.74,2020-2025,112042566.9,177662.8515
534,2024,CA,CDF,CORRAL,2024-06-01,2024-06-06,14,2,1.0,14166.77,2020-2025,91570764.7,97807.64081
535,2024,CA,NPS,COFFEE POT,2024-08-03,2024-12-16,1,3,1.0,14103.92,2020-2025,88264175.54,88301.87922
536,2024,CA,USF,BASIN,2024-06-26,2024-07-19,1,3,1.0,14020.15,2020-2025,88868281.73,71700.94643
537,2024,CA,BLM,HURRICANE,2024-07-13,2024-07-17,14,7,1.0,13279.43,2020-2025,80662159.59,65540.74286
538,2024,CA,USF,BOISE,2024-08-09,2024-09-20,1,7,1.0,12912.65,2020-2025,92520983.63,115246.6415
539,2024,CA,USF,HAPPY,2024-07-16,2024-11-15,1,6,1.0,12543.15,2020-2025,79384213.48,166541.7442
540,2024,CA,CDF,FRESNO JUNE LIGHTNING COMPLEX,2024-06-24,2024-07-04,1,2,1.0,10641.13,2020-2025,67212263.63,58797.63766
541,2024,CA,CCO,RANCHO,2024-07-13,2024-07-15,14,1,1.0,9637.177,2020-2025,58391993.97,54852.92002
542,2024,CA,BLM,LONG,2024-07-15,2024-09-17,1,7,1.0,9204.34,2020-2025,56819593.7,76439.10172
543,2024,CA,USF,HILL,2024-07-16,2024-08-14,1,7,1.0,7224.247,2020-2025,51038776.45,66735.54147
544,2024,CA,CCO,WHITE,2024-07-13,2024-07-26,14,1,1.0,5562.288,2020-2025,33599896.51,52413.01807
545,2024,CA,CDF,AERO,2024-06-17,2024-06-27,2,2,1.0,5284.863,2020-2025,34497556.72,38650.66786
546,2024,CA,CDF,NIXON,2024-07-29,2024-08-07,11,3,1.0,5221.287,2020-2025,30436774.0,42148.23648
547,2024,CA,USF,SHOE,2024-10-09,2024-11-16,9,3,1.0,5124.031,2020-2025,36359824.56,53634.28376
548,2024,CA,BLM,NORTH,2024-07-07,2024-07-14,10,7,1.0,4379.456,2020-2025,31387235.32,43562.38575
549,2024,CA,USF,HORSESHOE,2024-10-30,2025-01-28,14,7,1.0,4223.524,2020-2025,26504241.27,45168.11633
550,2024,CA,CDF,FRANKLIN,2024-12-09,2024-12-19,14,7,1.0,4123.706,2020-2025,24371344.72,71430.24559
551,2024,CA,CCO,LOST HILLS,2024-07-15,2024-07-15,14,1,1.0,4044.124,2020-2025,24831608.09,29475.01967
552,2024,CA,CDF,PEDRO,2024-07-30,2024-08-06,8,2,1.0,3819.055,2020-2025,24704568.72,72262.12257
553,2024,CA,CDF,THOMPSON,2024-07-02,2024-07-09,7,7,1.0,3782.467,2020-2025,25775506.85,76666.39951
554,2024,CA,USF,BEAR,2024-09-02,2024-09-24,14,7,1.0,3322.563,2020-2025,22685905.07,50500.25745
555,2024,CA,CCO,LOST 3,2024-06-06,2024-06-07,14,1,1.0,3283.201,2020-2025,20192310.96,23348.20048
556,2024,CA,USF,MILL,2024-07-22,2024-08-05,1,7,1.0,2936.694,2020-2025,20122155.63,32221.38846
558,2024,CA,CDF,RIDGE,2024-07-20,2024-07-27,14,7,1.0,2755.283,2020-2025,18510255.43,30714.46132
559,2024,NV,USF,PIZONA,2024-06-26,2024-07-05,1,3,1.0,2160.581,2020-2025,14106703.55,23154.89241
560,2024,CA,CDF,CROZIER,2024-08-06,2024-08-20,7,3,1.0,1955.33,2020-2025,13061133.55,23692.0614
561,2024,CA,CDF,EAGLE,2024-07-21,2024-07-23,14,8,1.0,1710.17,2020-2025,10051504.16,16595.90833
562,2024,CA,CDF,MCCAIN 4,2024-07-01,2024-07-06,10,7,1.0,1596.656,2020-2025,9143638.012,17306.50193
563,2024,CA,BLM,WEST,2024-06-03,2024-06-06,14,7,1.0,1575.731,2020-2025,9506291.242,18566.71247
564,2024,CA,USF,APACHE,2024-07-24,2024-08-05,14,7,1.0,1496.342,2020-2025,8992646.188,19427.85927
565,2024,CA,CCO,SCHOOL,2024-05-02,2024-05-03,14,1,1.0,1478.558,2020-2025,8944628.422,19436.81029
566,2024,CA,CDF,BEAR,2024-06-12,2024-06-14,11,1,1.0,1403.642,2020-2025,8544377.648,22733.94241
567,2024,CA,CDF,HILL,2024-05-28,2024-05-31,2,2,1.0,1383.055,2020-2025,8335425.145,14660.20688
568,2024,CA,CCO,OLIVE WEST,2024-07-03,2024-07-05,14,1,1.0,1357.199,2020-2025,8325063.82,21694.09822
569,2024,CA,CDF,AIRLINE,2024-07-02,2024-07-05,14,7,1.0,1295.254,2020-2025,8163331.004,19638.45791
570,2024,CA,LRA,FIREBAUGH,2024-05-30,2024-05-30,7,4,1.0,1267.995,2020-2025,8032074.969,12049.5008
571,2024,CA,CDF,RIM 3-6,2024-07-13,2024-07-23,1,1,1.0,1262.497,2020-2025,8950921.473,17230.66129
572,2024,CA,CDF,POINT,2024-06-16,2024-06-17,9,7,1.0,1207.01,2020-2025,8030223.727,27311.19537
573,2024,CA,CDF,HESPERIA,2024-06-16,2024-06-19,7,7,1.0,1130.459,2020-2025,6725217.254,25636.69792
574,2024,CA,CCO,ROAD,2024-06-05,2024-06-05,14,1,1.0,1074.765,2020-2025,6512362.465,12318.36787
575,2024,CA,CDF,JUNES,2024-06-15,2024-06-18,14,1,1.0,1060.483,2020-2025,7188023.906,14505.8248
576,2024,CA,CDF,METZ,2024-07-23,2024-07-24,2,7,1.0,1054.964,2020-2025,6591307.039,13508.87567
577,2024,CA,BLM,DOVE,2024-10-19,2024-10-26,9,7,1.0,954.2029,2020-2025,5832673.832,19686.39109
578,2024,CA,USF,CLEAR,2024-06-26,2024-06-29,14,7,1.0,909.145,2020-2025,6642854.918,15241.58935
579,2024,CA,CDF,FRENCH,2024-07-04,2024-07-13,2,2,1.0,908.0415,2020-2025,5848823.102,20854.68363
580,2024,CA,CDF,CANAL,2024-05-30,2024-05-31,2,4,1.0,899.6971,2020-2025,5730405.277,15368.64956
581,2024,CA,CCO,CODY,2024-06-08,2024-06-09,14,1,1.0,890.5767,2020-2025,5469140.949,12910.32263
582,2024,CA,CDF,LISA,2024-06-16,2024-06-18,2,3,1.0,889.624,2020-2025,5242907.367,12194.17106
583,2024,CA,CDF,GROVE 2,2024-07-24,2024-07-29,1,7,1.0,863.4775,2020-2025,5027491.398,15445.15443
584,2024,CA,USF,ROBLAR,2024-09-07,2024-09-12,13,8,1.0,856.1542,2020-2025,4985068.191,17100.14704
585,2024,CA,LRA,MATEO,2024-05-29,2024-05-31,10,4,1.0,750.8894,2020-2025,4741381.445,9380.338678
586,2024,CA,CDF,CREEK,2024-07-26,2024-08-03,2,2,1.0,744.1025,2020-2025,4794644.105,16005.15348
587,2024,CA,CDF,APACHE,2024-06-24,2024-07-29,5,7,1.0,695.3708,2020-2025,4722593.461,21373.78529
588,2024,CA,CDF,HERNANDEZ,2024-06-15,2024-06-21,14,2,1.0,642.2083,2020-2025,4019136.07,18368.57968
589,2024,CA,CCO,RANCH,2024-06-01,2024-06-02,14,1,1.0,616.9343,2020-2025,3770620.039,8205.608474
590,2024,CA,BLM,TULEDAD,2024-10-06,2024-10-09,10,7,1.0,563.8792,2020-2025,3996294.145,12467.35332
591,2024,CA,CCO,WATER,2024-06-21,2024-06-22,14,1,1.0,542.5854,2020-2025,3328561.957,9932.930169
592,2024,CA,USF,VALLEY,2024-05-21,2024-05-29,9,6,1.0,536.6061,2020-2025,3841498.906,20409.53744
593,2024,CA,CCO,SKY,2024-06-19,2024-06-20,14,1,1.0,526.3655,2020-2025,3206572.5,8494.47454
594,2024,CA,CDF,CAMPBELL,2024-10-28,2024-10-28,5,1,1.0,523.3388,2020-2025,3259691.512,10571.24494
595,2024,CA,CDF,RECORD,2024-09-01,2024-09-05,7,7,1.0,517.0266,2020-2025,3039078.367,13497.81733
596,2024,CA,BIA,COW 2,2024-07-09,2024-07-27,14,4,1.0,512.2733,2020-2025,3176689.449,12165.45269
597,2024,CA,CDF,DORADO,2024-09-05,2024-09-07,7,1,1.0,512.1791,2020-2025,3185410.93,8896.635776
598,2024,CA,USF,SHEERING,2024-06-25,2024-07-18,1,7,1.0,493.9644,2020-2025,3228409.707,9403.479617
599,2024,CA,BLM,STODDARD 3,2024-06-11,2024-06-14,14,7,1.0,472.7928,2020-2025,2838793.496,8195.650908
600,2024,CA,BLM,EL PASO,2024-06-30,2024-07-02,14,7,1.0,472.0264,2020-2025,2889353.672,10878.13358
601,2024,CA,CDF,POINT,2024-07-26,2024-07-31,11,2,1.0,461.6589,2020-2025,3016017.742,12711.67756
602,2024,CA,BLM,BELLA,2024-08-05,2024-08-13,5,7,1.0,453.8131,2020-2025,2786434.305,15001.8927
603,2024,CA,LRA,AMORUSO,2024-06-25,2024-06-25,10,4,,432.6296,2020-2025,2889413.828,8562.318019
604,2024,CA,CDF,FLYNN,2024-07-25,2024-07-25,10,1,1.0,429.1544,2020-2025,2781455.023,11873.82081
605,2024,CA,CCO,HOLIDAY,2024-05-25,2024-05-26,14,1,1.0,428.4925,2020-2025,2581007.016,14028.30901
606,2024,CA,CCO,BLUE,2024-08-10,2024-08-15,14,1,1.0,427.2897,2020-2025,2604619.813,10916.71721
607,2024,CA,BLM,LUCERNE,2024-07-06,2024-07-15,14,7,1.0,419.8341,2020-2025,2505807.453,6745.521729
608,2024,CA,CDF,GLENHAVEN,2024-10-04,2024-10-05,9,7,1.0,417.4464,2020-2025,2803286.078,16194.05479
609,2024,CA,CDF,BOGUS,2024-07-08,2024-07-15,2,3,1.0,411.5643,2020-2025,3006109.348,14282.37738
610,2024,CA,USF,POSTA 3,2024-10-07,2024-10-09,2,7,1.0,411.3604,2020-2025,2358305.793,13482.75634
611,2024,CA,CDF,BORDER 53,2024-06-01,2024-06-03,14,7,1.0,403.2409,2020-2025,2304013.902,13248.44313
612,2024,CA,USF,PENCIL,2024-07-22,2024-07-27,1,6,1.0,395.5634,2020-2025,2885370.344,8683.339558
613,2024,CA,CCO,FELICIA,2024-10-03,2024-10-07,14,7,1.0,393.3771,2020-2025,2347800.496,10351.4625
614,2024,CA,CCO,GASKELL 2,2024-06-06,2024-06-07,14,1,1.0,392.9767,2020-2025,2366060.0,7478.167821
615,2024,CA,USF,COW,2024-05-15,2024-05-18,14,6,1.0,370.8842,2020-2025,2269394.313,5790.063112
616,2024,CA,CCO,I5,2024-07-14,2024-07-17,14,1,1.0,356.6399,2020-2025,2174150.422,6139.447857
617,2024,CA,CCO,SHERWOOD,2024-05-10,2024-05-11,14,1,1.0,352.2255,2020-2025,2163613.988,7081.484683
618,2024,CA,CCO,5 INCIDENT,2024-07-15,2024-07-16,14,1,1.0,347.2924,2020-2025,2139404.598,10068.30337
619,2024,CA,CDF,ROUND,2024-06-29,2024-06-30,14,3,1.0,343.6256,2020-2025,2024836.723,8939.323829
620,2024,CA,USF,PEAK,2024-10-02,2024-10-15,4,7,1.0,334.1724,2020-2025,2196679.84,14131.322
621,2024,CA,CDF,BITTERWATER,2024-06-05,2024-06-05,2,1,1.0,331.2043,2020-2025,2019740.441,9195.540465
622,2024,CA,CCO,TURBINE ,2024-08-12,2024-08-16,11,1,1.0,329.2224,2020-2025,1991192.602,9011.705709
623,2024,CA,CDF,GRANDE,2024-07-04,2024-07-04,7,7,1.0,322.6475,2020-2025,2076383.43,6157.323405
624,2024,CA,BLM,POLE,2024-07-30,2024-08-05,14,7,1.0,317.0617,2020-2025,1889810.277,8871.479117
625,2024,CA,NPS,MIDDLE,2024-08-04,2024-08-20,1,7,1.0,310.031,2020-2025,2016548.617,13085.21174
626,2024,CA,USF,POINT,2024-07-15,2024-07-17,1,4,1.0,299.6147,2020-2025,2182652.227,9131.626284
627,2024,CA,USF,FORK,2024-07-19,2024-08-04,14,6,1.0,298.1226,2020-2025,1769786.922,6394.982445
628,2024,CA,CDF,BORDER 66,2024-07-30,2024-07-31,14,7,1.0,296.4171,2020-2025,1693995.211,7447.408747
629,2024,CA,CCO,WILLOW,2024-07-16,2024-07-17,14,6,1.0,289.8958,2020-2025,1750401.793,6730.826724
630,2024,CA,CCO,BRECKENRIDGE ,2024-07-09,2024-07-10,14,1,1.0,276.5219,2020-2025,1687703.789,8156.71573
631,2024,CA,CCO,AVE 80,2024-04-27,2024-04-28,14,1,1.0,272.9945,2020-2025,1682385.59,6484.302319
632,2024,CA,BLM,POST,2024-09-04,2024-09-06,14,7,1.0,264.2433,2020-2025,1551340.316,9355.099607
633,2024,CA,LRA,ATHENS,2024-07-26,2024-07-26,14,3,,262.4109,2020-2025,1752534.223,6534.520795
634,2024,CA,CDF,JACK,2024-10-13,2024-10-15,9,3,1.0,261.3878,2020-2025,1540144.926,7918.505783
635,2024,CA,NPS,SENTINEL,2024-07-14,2024-11-08,14,7,1.0,260.6602,2020-2025,1646569.172,6249.781133
636,2024,CA,BLM,BORDER 59,2024-06-26,2024-06-26,14,7,1.0,259.9372,2020-2025,1484833.605,6792.674729
637,2024,CA,CCO,GARDNER,2024-04-12,2024-04-13,14,1,1.0,254.9848,2020-2025,1547368.012,8543.941653
638,2024,CA,BLM,CANYON CREST,2024-11-29,2024-12-02,8,7,1.0,254.0351,2020-2025,1500478.73,11334.27089
639,2024,CA,CDF,LONOAK,2024-06-28,2024-06-29,9,7,1.0,252.9656,2020-2025,1575814.75,9348.529846
640,2024,CA,BLM,PALMAS,2024-02-20,2024-02-25,18,7,1.0,239.119,2020-2025,1395399.445,15380.49025
641,2024,CA,CDF,PINEY,2024-10-08,2024-10-18,9,7,1.0,225.1171,2020-2025,1408358.953,7971.658785
642,2024,CA,CCO,PILOT,2024-07-12,2024-07-13,14,1,1.0,217.4707,2020-2025,1323367.551,9693.658608
643,2024,CA,CCO,ROWLEE,2024-05-19,2024-05-20,14,1,1.0,215.4237,2020-2025,1325573.059,4841.540189
644,2024,CA,BIA,BLUE WATER,2024-07-06,2024-07-15,8,6,1.0,215.105,2020-2025,1274957.059,8975.444243
645,2024,CA,CDF,WILLOW,2024-06-22,2024-06-25,10,2,1.0,212.5165,2020-2025,1356666.004,5907.644263
646,2024,CA,USF,ROYAL,2024-07-07,2024-07-23,14,6,1.0,211.2695,2020-2025,1427073.922,9869.980585
647,2024,CA,CCO,LAVENDER,2024-06-25,2024-06-26,14,1,1.0,209.7129,2020-2025,1287961.047,9140.329596
648,2024,CA,CDF,DEVIL,2024-06-06,2024-06-06,2,1,1.0,208.7452,2020-2025,1288907.402,5296.315251
649,2024,CA,CCO,FIVE 5,2024-06-14,2024-06-15,14,1,1.0,197.0585,2020-2025,1207293.02,5474.750924
650,2024,CA,CDF,PANOCHE,2024-05-25,2024-05-28,4,7,1.0,191.3729,2020-2025,1201080.789,5323.086264
651,2024,CA,CDF,GREAT 3,2024-05-30,2024-05-31,2,7,1.0,186.7424,2020-2025,1077325.914,5911.563098
652,2024,CA,CDF,YORK,2024-04-21,2024-04-21,11,1,1.0,181.9529,2020-2025,1122635.605,4663.654893
653,2024,CA,CCO,LAKE 2,2024-05-31,2024-05-31,14,1,1.0,179.6678,2020-2025,1089462.016,6224.246176
654,2024,CA,CDF,PENTZ,2024-07-24,2024-07-25,11,6,1.0,176.418,2020-2025,1205670.359,7779.044922
655,2024,CA,CCO,SHERWOOD 2,2024-05-25,2024-05-26,14,1,1.0,163.1262,2020-2025,1002429.293,4047.885458
656,2024,CA,BLM,SODA,2024-07-13,2024-07-15,1,7,1.0,161.0311,2020-2025,973595.1133,5602.131157
657,2024,CA,CCO,SAWMILL,2024-07-27,2024-07-29,14,1,1.0,160.834,2020-2025,988657.9648,5007.50848
658,2024,CA,CDF,PETROL,2024-05-17,2024-05-18,11,1,1.0,157.6553,2020-2025,983622.7266,5011.187094
659,2024,CA,CDF,RAILBRIDGE,2024-07-11,2024-07-13,2,5,1.0,144.278,2020-2025,979373.6523,5977.549544
660,2024,CA,BLM,RED,2024-05-11,2024-05-12,9,7,1.0,141.743,2020-2025,864808.832,14128.94424
661,2024,CA,CCO,JAMES 2,2024-06-11,2024-06-12,14,1,1.0,141.146,2020-2025,862682.4922,5161.772986
662,2024,CA,CDF,BORDER 58,2024-06-22,2024-06-24,14,7,1.0,136.5067,2020-2025,780372.1797,4497.299335
663,2024,CA,CDF,MACY,2024-07-25,2024-07-28,14,8,1.0,134.3121,2020-2025,786488.1133,5356.688794
664,2024,CA,CCO,SHARP,2024-07-03,2024-07-05,14,3,1.0,132.8858,2020-2025,789935.625,4472.001497
665,2024,CA,CCO,10TH,2024-06-24,2024-06-25,14,1,1.0,131.9613,2020-2025,797142.5,3493.443822
666,2024,CA,BLM,TUSCANY,2024-06-17,2024-06-20,14,7,1.0,126.07,2020-2025,741481.5508,4562.859094
667,2024,CA,CCO,DAYTONA 2,2024-06-19,2024-06-20,14,1,1.0,124.1726,2020-2025,757649.8789,6604.919308
668,2024,CA,DOD,SANTA LUCIA,2024-11-07,2024-11-07,10,7,1.0,123.438,2020-2025,740642.3047,4949.995084
669,2024,CA,LRA,HOLLOWAY,2024-07-15,2024-07-15,14,1,,121.7129,2020-2025,748495.2344,5782.595076
670,2024,CA,CDF,GRANT,2024-06-12,2024-06-12,10,1,1.0,120.0366,2020-2025,796437.9805,5405.311471
671,2024,CA,CCO,WIND,2024-05-20,2024-05-21,14,1,1.0,119.0229,2020-2025,718880.0156,4873.747551
672,2024,CA,CCO,MOCAL,2024-05-28,2024-05-30,14,2,1.0,116.1366,2020-2025,704899.0156,4815.722103
673,2024,CA,CDF,DEWEY,2024-07-15,2024-07-17,1,8,1.0,115.7677,2020-2025,843034.6211,10004.15016
674,2024,CA,LRA,POND,2024-09-24,2024-09-24,14,1,,109.6348,2020-2025,674593.2734,3347.325352
675,2024,CA,USF,FRENCHMAN,2024-11-07,2024-11-15,14,6,1.0,109.0292,2020-2025,652992.5625,5046.913244
676,2024,CA,CDF,LIBERTY,2024-07-19,2024-07-19,10,1,1.0,104.1382,2020-2025,684232.5,4406.54937
677,2024,CA,LRA,PARADISE,2024-07-15,2024-07-15,14,2,,101.7845,2020-2025,741504.207,10203.66285
678,2024,CA,CDF,SPRING,2024-06-28,2024-06-28,10,1,1.0,101.5416,2020-2025,709225.3047,3516.02192
679,2024,CA,CDF,PAUBA,2024-07-12,2024-07-14,14,3,1.0,101.4715,2020-2025,591887.5234,6070.007667
680,2024,CA,CDF,CARTAGO,2024-04-04,2024-04-09,11,3,1.0,101.3442,2020-2025,632878.6875,6901.72655
681,2024,CA,USF,TENAJA,2024-08-25,2024-09-03,14,7,1.0,99.1321,2020-2025,579620.043,4576.690097
682,2024,CA,CDF,QUINCY,2024-09-12,2024-09-17,2,5,1.0,98.73624,2020-2025,671574.6172,4223.440266
683,2024,CA,BLM,RED,2024-05-31,2024-06-03,14,1,1.0,97.80309,2020-2025,599887.7539,4638.821672
684,2024,CA,CDF,PATTERSON,2024-06-03,2024-06-03,14,7,1.0,95.85375,2020-2025,620830.5,4893.726842
685,2024,CA,CDF,MINA,2024-07-07,2024-07-08,5,1,1.0,95.54716,2020-2025,659059.4609,6058.732439
686,2024,CA,CCO,ROUND,2024-06-26,2024-06-26,14,1,1.0,93.49149,2020-2025,572023.4766,3250.323452
687,2024,CA,CDF,CYPRESS,2024-08-17,2024-08-26,14,7,1.0,92.61814,2020-2025,573079.5234,5243.991281
688,2024,CA,CDF,OLINDA,2024-07-03,2024-07-04,10,3,1.0,92.34819,2020-2025,645719.3828,6843.129974
689,2024,CA,CDF,WATTS,2024-06-22,2024-07-05,8,1,1.0,91.0295,2020-2025,577358.457,3914.436102
690,2024,CA,CDF,ARGYLE,2024-09-01,2024-09-04,14,7,1.0,88.36693,2020-2025,547785.2734,5817.289909
691,2024,CA,CDF,MEISS,2024-08-11,2024-08-11,10,1,1.0,87.90668,2020-2025,580782.4453,3858.152035
692,2024,CA,CDF,VETERANS,2024-06-27,2024-06-30,10,1,1.0,85.31154,2020-2025,597411.4102,3463.676125
693,2024,CA,CDF,GRANGE,2024-07-25,2024-07-25,10,1,1.0,84.77656,2020-2025,569655.207,8270.482191
694,2024,CA,BLM,CANYON,2024-08-09,2024-09-04,7,7,1.0,79.88668,2020-2025,521149.0508,5057.945251
695,2024,CA,BLM,BORDER 74,2024-10-04,2024-10-04,9,7,1.0,78.61796,2020-2025,449470.5898,5669.367995
696,2024,CA,CCO,PANAMA,2024-05-11,2024-05-11,14,1,1.0,78.08947,2020-2025,475413.4688,3167.045991
697,2024,CA,CCO,WELLER,2024-08-27,2024-08-28,14,1,1.0,77.51704,2020-2025,474916.3555,3441.011942
698,2024,CA,USF,POWER,2024-07-03,2024-07-05,14,6,1.0,76.63322,2020-2025,468556.0664,2711.029629
699,2024,CA,CDF,IOWA,2024-10-21,2024-10-21,5,1,1.0,75.39873,2020-2025,510148.3164,5056.814932
700,2024,CA,CDF,YORK,2024-07-05,2024-07-05,11,1,1.0,74.41171,2020-2025,458671.8672,2690.836292
701,2024,CA,CCO,OIL,2024-06-11,2024-06-12,14,1,1.0,73.68279,2020-2025,450838.4961,3069.723884
702,2024,CA,USF,REFUGIO,2024-08-23,2024-08-27,14,2,1.0,72.71605,2020-2025,434367.9219,3846.746993
703,2024,CA,CDF,DERRICK,2024-12-02,2024-12-02,7,1,1.0,71.85108,2020-2025,450247.4414,3391.421289
704,2024,CA,CDF,WICKLOW 2,2024-09-09,2024-09-09,7,2,1.0,71.58815,2020-2025,471980.9414,4217.121353
705,2024,CA,CDF,MARIA,2024-07-23,2024-07-28,7,1,1.0,71.03995,2020-2025,467393.957,3919.227755
706,2024,CA,CDF,HILLS,2024-07-05,2024-07-05,14,8,1.0,70.24644,2020-2025,412320.3984,4025.641121
707,2024,CA,CCO,QUINN,2024-06-15,2024-06-15,14,1,1.0,69.36256,2020-2025,427253.293,3658.514805
708,2024,CA,CDF,BORDER 77,2024-11-23,2024-11-24,9,1,1.0,68.85107,2020-2025,393617.5547,4005.963097
709,2024,CA,CDF,JOHNSON,2024-08-28,2024-08-29,14,2,1.0,67.26244,2020-2025,400799.6133,3185.742245
710,2024,CA,CCO,FAMOSO,2024-05-19,2024-05-20,14,1,1.0,65.44274,2020-2025,401172.5156,3540.637065
711,2024,CA,CDF,CARMEN,2024-06-11,2024-06-11,7,3,1.0,64.26192,2020-2025,378607.6758,3593.317796
712,2024,CA,CDF,RIVERVIEW,2024-10-24,2024-10-24,10,7,1.0,64.12293,2020-2025,384115.6406,5379.805588
713,2024,CA,CDF,CENTERVILLE,2024-09-02,2024-09-04,7,1,1.0,62.47217,2020-2025,428111.2188,3719.889529
714,2024,CA,CCO,BURBANK,2024-04-12,2024-04-12,14,1,1.0,62.28129,2020-2025,380815.4844,3583.497759
715,2024,CA,CDF,PAY,2024-07-06,2024-07-10,11,2,1.0,61.6387,2020-2025,410396.4844,6339.384438
716,2024,CA,CDF,EXECUTIVE,2024-09-17,2024-09-17,11,1,1.0,60.2354,2020-2025,415109.7266,3672.600114
717,2024,CA,CDF,DERSCH,2024-07-05,2024-07-08,10,1,1.0,60.21759,2020-2025,421655.4648,4031.298688
718,2024,CA,BLM,CAL,2024-08-09,2024-08-16,14,7,1.0,59.79034,2020-2025,361664.168,4117.847746
719,2024,CA,CCO,BERRY,2024-07-03,2024-07-04,14,1,1.0,59.50274,2020-2025,365349.8203,2916.176573
720,2024,CA,CCO,MORNING 3,2024-06-03,2024-06-04,14,1,1.0,58.64127,2020-2025,357915.5234,2793.349688
721,2024,CA,CDF,CANYON,2024-06-30,2024-07-01,9,1,1.0,57.08528,2020-2025,367111.5156,3260.025213
722,2024,CA,CCO,PANEL,2024-05-30,2024-05-30,14,1,1.0,56.98214,2020-2025,345374.4648,2687.979343
723,2024,CA,CCO,CHASE,2024-09-28,2024-09-28,14,1,1.0,56.73235,2020-2025,345987.0469,2552.761984
724,2024,CA,BLM,ABBEY,2024-07-19,2024-07-23,14,7,1.0,56.56629,2020-2025,334622.8906,5403.794005
725,2024,CA,CCO,MORNING 2,2024-07-27,2024-07-27,14,1,1.0,56.402,2020-2025,344188.9531,4312.622564
726,2024,CA,USF,SMITH,2024-07-22,2024-08-05,14,3,1.0,55.70341,2020-2025,382598.4141,3643.722394
727,2024,CA,CCO,DI GIORGIO,2024-07-04,2024-07-04,14,1,1.0,55.6607,2020-2025,338504.4727,2713.367918
728,2024,CA,NPS,ECHO,2024-08-03,2024-11-01,1,7,1.0,55.61696,2020-2025,360671.3945,6427.256522
729,2024,CA,CCO,155,2024-06-06,2024-06-09,14,1,1.0,55.41169,2020-2025,340665.4688,3720.194272
730,2024,CA,CDF,PEACH,2024-07-20,2024-07-23,9,7,1.0,53.42971,2020-2025,332643.0195,2770.025723
731,2024,CA,CCO,CALIENTE,2024-07-08,2024-07-09,14,1,1.0,53.36197,2020-2025,324725.5117,2665.466657
732,2024,CA,CCO,GROVE,2024-07-22,2024-07-22,14,1,1.0,52.62851,2020-2025,320797.6797,2697.701994
733,2024,CA,CCO,TULE 2,2024-05-28,2024-05-28,14,1,1.0,52.22429,2020-2025,320357.9453,2681.586222
734,2024,CA,NPS,SIMPSON,2024-07-26,2024-09-02,14,2,1.0,52.11252,2020-2025,331099.6172,2496.693887
735,2024,CA,CDF,MOCCASIN,2024-07-02,2024-07-05,9,2,1.0,51.05938,2020-2025,339169.0352,4311.774057
736,2024,CA,CDF,GRANITE,2024-07-06,2024-07-07,7,4,1.0,51.04713,2020-2025,330662.8086,3527.731059
737,2024,CA,CDF,QUALITY,2024-07-14,2024-07-17,9,6,1.0,51.00266,2020-2025,320709.625,2654.47431
738,2024,CA,USF,ITALIAN,2024-07-29,2024-07-31,14,6,1.0,50.31151,2020-2025,320935.8398,2654.777957
739,2024,CA,CDF,GARDEN,2024-11-08,2024-11-09,2,7,1.0,50.05513,2020-2025,290974.3203,3727.861884
740,2024,CA,CDF,BULLION,2024-07-24,2024-07-25,5,2,1.0,49.60625,2020-2025,319583.1016,3418.608035
741,2024,CA,CDF,GARLOCK,2024-06-07,2024-06-09,2,1,1.0,48.95063,2020-2025,311117.5742,4210.280957
742,2024,CA,CCO,TRAIN,2024-09-09,2024-09-10,14,1,1.0,47.84439,2020-2025,291111.6094,3886.059463
743,2024,CA,CCO,CREEK,2024-06-09,2024-06-12,14,1,1.0,47.46571,2020-2025,289309.5391,3963.428483
744,2024,CA,USF,PACKSADDLE,2024-07-13,2024-07-20,1,7,1.0,46.63833,2020-2025,288444.8008,3210.978473
745,2024,CA,CDF,ROSA,2024-09-16,2024-09-16,11,1,1.0,46.51128,2020-2025,278417.4609,3894.618385
746,2024,CA,CDF,CIRCLE,2024-07-23,2024-07-24,2,3,1.0,45.79848,2020-2025,292302.1563,3067.865673
747,2024,CA,CCO,LAVAL 2,2024-05-09,2024-05-09,14,1,1.0,45.57498,2020-2025,275334.9922,2564.377922
748,2024,CA,CDF,HIDDEN,2024-06-16,2024-06-18,2,3,1.0,44.97513,2020-2025,317223.4805,6441.074746
749,2024,CA,BIA,HIDDEN VALLEY,2024-11-20,2024-11-20,5,8,1.0,44.96106,2020-2025,265202.9531,2175.497076
750,2024,CA,LRA,VINELAND,2024-09-29,2024-09-29,14,1,,43.32871,2020-2025,264296.25,2606.14699
751,2024,CA,USF,KITCHEN,2024-07-01,2024-07-02,11,7,1.0,42.96142,2020-2025,246294.707,2776.575822
752,2024,CA,CCO,HIGHWAY,2024-07-04,2024-07-05,14,1,1.0,42.81101,2020-2025,260393.4531,2159.294098
753,2024,CA,CCO,ROCK PILE,2024-05-14,2024-05-15,14,1,1.0,42.58892,2020-2025,258907.5,2247.663103
754,2024,CA,CDF,OAK,2024-12-31,2024-12-31,14,7,1.0,41.68362,2020-2025,251259.3867,2292.187381
755,2024,CA,BLM,HORSE 3-7,2024-07-13,2024-07-22,1,7,1.0,41.53341,2020-2025,294545.5469,3200.484658
756,2024,CA,CCO,HILL,2024-06-01,2024-06-01,3,1,1.0,40.76807,2020-2025,247061.5156,2189.95644
757,2024,CA,CDF,TOLL,2024-07-02,2024-07-02,2,7,1.0,40.67759,2020-2025,270194.7148,3277.587622
758,2024,CA,BLM,SORREL,2024-06-04,2024-06-04,14,7,1.0,39.97076,2020-2025,239819.1641,5307.97633
759,2024,CA,CCO,GREENFIELD,2024-06-24,2024-06-24,14,1,1.0,39.78333,2020-2025,242065.4883,2786.150191
760,2024,CA,CCO,HORSESHOE,2024-10-05,2024-10-05,14,1,1.0,39.70197,2020-2025,243857.2344,2490.166003
761,2024,CA,CDF,WHITE,2024-06-24,2024-06-26,1,2,1.0,39.02367,2020-2025,249965.4961,3573.037639
762,2024,CA,CCO,TRAVEL,2024-06-15,2024-06-16,14,1,1.0,38.00743,2020-2025,229419.4648,2074.488333
763,2024,CA,CDF,CLAY,2024-10-18,2024-10-19,14,8,1.0,38.00608,2020-2025,224164.1094,3208.453462
764,2024,CA,CCO,BACKUS,2024-09-03,2024-09-04,14,1,1.0,37.60654,2020-2025,227071.9453,2376.119993
765,2024,CA,CDF,MEISS,2024-09-27,2024-09-27,7,1,1.0,36.99982,2020-2025,244607.5039,2624.761775
766,2024,CA,CDF,WEST,2024-05-27,2024-05-27,10,5,1.0,36.68454,2020-2025,221508.4492,2079.843626
767,2024,CA,CDF,PHELPS,2024-09-19,2024-09-19,11,1,1.0,36.47032,2020-2025,226908.9453,1979.633299
768,2024,CA,CDF,LITTLE,2024-06-06,2024-06-06,14,1,1.0,35.90513,2020-2025,226939.8008,2342.115254
769,2024,CA,USF,SUNRISE 2,2024-07-01,2024-07-02,10,8,1.0,35.31696,2020-2025,210545.8906,3029.094338
770,2024,CA,CCO,MORNING,2024-05-11,2024-05-12,14,1,1.0,33.7582,2020-2025,206084.0078,2341.373015
771,2024,CA,CDF,BAR,2024-06-27,2024-07-01,4,7,1.0,33.54623,2020-2025,228553.8359,3583.732086
772,2024,CA,BLM,SHIRLEON,2024-05-25,2024-05-25,9,7,1.0,33.50643,2020-2025,197267.1484,2849.644095
773,2024,CA,CDF,CHURCH 2,2024-09-07,2024-09-07,7,7,1.0,33.47947,2020-2025,191801.0,2888.057233
774,2024,CA,CDF,PAN,2024-06-07,2024-06-07,1,1,1.0,33.28989,2020-2025,210428.6719,3757.616313
775,2024,CA,CCO,SNAKE 2,2024-05-16,2024-05-16,9,1,1.0,33.07992,2020-2025,199449.4727,1988.422193
776,2024,CA,CDF,QUIMBY,2024-08-19,2024-08-19,7,2,1.0,32.96128,2020-2025,211350.6836,3863.857885
777,2024,CA,CCO,BAY,2024-05-24,2024-05-24,11,1,1.0,32.84939,2020-2025,201849.5078,2349.236257
778,2024,CA,BLM,INKOPAH 5,2024-06-16,2024-06-16,14,8,1.0,32.37347,2020-2025,185330.1953,3111.403422
779,2024,CA,CDF,TAR,2024-07-22,2024-07-24,2,1,1.0,31.95447,2020-2025,197660.4648,2436.149008
780,2024,CA,CDF,DEER,2024-07-04,2024-07-04,14,1,1.0,31.89286,2020-2025,221502.3281,2170.934759
781,2024,CA,USF,PLANTATION,2024-07-17,2024-07-18,1,7,1.0,31.23761,2020-2025,227949.875,2770.462645
782,2024,CA,CCO,EDMONDS,2024-05-21,2024-05-21,14,1,1.0,31.22492,2020-2025,188577.0039,3021.786147
783,2024,CA,USF,RRU/HOWARD,2024-05-30,2024-05-30,15,6,1.0,30.44253,2020-2025,177912.0898,1619.273475
784,2024,CA,CCO,ALMOND,2024-07-01,2024-07-02,14,1,1.0,30.18414,2020-2025,184512.0,1743.56852
785,2024,CA,NPS,MORRISON,2024-08-04,2024-09-20,1,3,1.0,29.55619,2020-2025,192452.2422,4197.402223
786,2024,CA,CDF,IDRIA,2024-05-15,2024-05-15,5,3,1.0,29.10712,2020-2025,182691.5625,2522.682122
787,2024,CA,CCO,LOST,2024-06-01,2024-06-01,14,1,1.0,29.02665,2020-2025,177193.0273,1739.731451
788,2024,CA,USF,LAGO,2024-10-02,2024-10-05,7,6,1.0,28.54437,2020-2025,170551.1367,2288.775645
789,2024,CA,CCO,BITTER,2024-05-15,2024-05-15,14,1,1.0,28.39853,2020-2025,174356.0,1831.377669
790,2024,CA,CCO,DELANO,2024-08-09,2024-08-09,14,1,1.0,28.35473,2020-2025,174684.2773,2155.726006
791,2024,CA,CDF,DUTCH,2024-10-05,2024-10-07,9,2,1.0,28.29969,2020-2025,191114.3984,2609.97212
792,2024,CA,CDF,BRENTWOOD,2024-06-30,2024-06-30,2,1,1.0,28.25279,2020-2025,171947.2148,1697.476214
793,2024,CA,CDF,PEPPER,2024-05-28,2024-05-30,9,1,1.0,28.01812,2020-2025,176648.7969,1949.274844
794,2024,CA,CDF,COD,2024-06-10,2024-06-10,2,1,1.0,27.87774,2020-2025,203834.707,2419.757544
795,2024,CA,CCO,BERKSHIRE,2024-06-10,2024-06-10,14,1,1.0,27.84261,2020-2025,169484.0586,2227.307873
796,2024,CA,CDF,PROCTOR 8,2024-08-24,2024-08-24,9,1,1.0,27.25527,2020-2025,156114.8828,2559.384943
797,2024,CA,CCO,GOLD,2024-07-13,2024-07-13,14,1,1.0,27.20513,2020-2025,164429.1758,2401.158514
798,2024,CA,CDF,RAWSON,2024-06-10,2024-06-10,2,1,1.0,25.64202,2020-2025,177578.0664,3084.448411
799,2024,CA,CDF,RESORT 2,2024-11-08,2024-11-09,10,1,1.0,24.86569,2020-2025,144398.2461,2033.643144
800,2024,CA,CCO,SOUTH,2024-07-07,2024-07-07,14,1,1.0,24.77898,2020-2025,149234.7578,1565.316591
801,2024,CA,BLM,RUBY,2024-10-04,2024-10-07,14,7,1.0,24.54488,2020-2025,148227.6602,2623.786336
802,2024,CA,CCO,ROLLING,2024-06-30,2024-06-30,14,1,1.0,24.41115,2020-2025,150286.4648,2152.45525
803,2024,CA,CDF,DOM,2024-05-11,2024-05-11,10,1,1.0,24.31393,2020-2025,151995.3867,1852.486608
804,2024,CA,CDF,PINE,2024-09-06,2024-09-12,9,6,1.0,23.97869,2020-2025,162529.25,1621.257519
805,2024,CA,CDF,MARYSVILLE,2024-08-17,2024-08-17,2,6,1.0,23.83634,2020-2025,162081.793,2667.613198
806,2024,CA,CCO,PIONEER ,2024-08-25,2024-08-25,14,1,1.0,23.75912,2020-2025,144941.168,2625.987403
807,2024,CA,CCO,POND,2024-04-27,2024-04-27,14,1,1.0,23.75165,2020-2025,146209.0,1971.701263
808,2024,CA,CCO,LOST,2024-07-21,2024-07-21,14,1,1.0,23.72649,2020-2025,145774.7227,2252.92362
809,2024,CA,CDF,GRADE,2024-08-20,2024-08-22,10,3,1.0,23.58384,2020-2025,140984.25,2283.864299
810,2024,CA,CDF,SANDY,2024-11-17,2024-11-18,5,6,1.0,23.42525,2020-2025,145059.8359,2370.812586
811,2024,CA,BLM,WILD WASH,2024-08-24,2024-08-25,14,7,1.0,23.12263,2020-2025,138760.4023,3099.663828
812,2024,CA,CCO,LOST 2,2024-05-17,2024-05-17,14,1,1.0,22.82088,2020-2025,140519.0508,1609.153827
813,2024,CA,BLM,WALNUT,2024-07-28,2024-07-28,7,7,1.0,22.60514,2020-2025,132861.875,2984.33401
814,2024,CA,CDF,BORDER 60,2024-07-02,2024-07-03,14,7,1.0,22.57423,2020-2025,129040.4766,2185.094726
815,2024,CA,CDF,SPENCEVILLE,2024-06-10,2024-06-10,9,1,1.0,22.31638,2020-2025,150310.1328,1679.279827
816,2024,CA,BLM,BORDER 79,2024-12-10,2024-12-11,7,7,1.0,22.09362,2020-2025,126314.6172,2701.764408
817,2024,CA,CCO,TRACTOR,2024-06-28,2024-06-28,14,1,1.0,21.81498,2020-2025,134023.4844,1654.116041
818,2024,CA,BLM,R-6 RODEO,2024-07-24,2024-07-26,1,7,1.0,21.51391,2020-2025,152579.0703,2387.880302
819,2024,CA,USF,BEAR,2024-10-02,2024-10-08,14,6,1.0,21.3633,2020-2025,149736.0508,1794.549943
820,2024,CA,CCO,BUTTON,2024-07-04,2024-07-04,14,1,1.0,20.9724,2020-2025,127612.8047,2195.005462
821,2024,CA,CDF,YOLLA,2024-07-02,2024-07-02,5,1,1.0,20.6361,2020-2025,144095.5664,1742.723312
822,2024,CA,CDF,DINO,2024-10-02,2024-10-04,14,6,1.0,20.37168,2020-2025,129647.5039,1352.80297
823,2024,CA,FWS,ANITA,2024-08-12,2024-08-13,10,1,1.0,20.23684,2020-2025,116024.4727,3063.818189
824,2024,CA,CCO,FRIO,2024-09-21,2024-09-22,14,1,1.0,19.78715,2020-2025,120968.2461,2212.807353
825,2024,CA,CDF,RICE 2,2024-09-09,2024-09-09,11,8,1.0,19.77127,2020-2025,114999.9766,1608.858218
826,2024,CA,BLM,RANCH,2024-07-10,2024-07-10,14,7,1.0,19.74748,2020-2025,135593.2656,3612.766317
827,2024,CA,USF,SUMMIT,2024-06-29,2024-06-29,5,6,1.0,19.67888,2020-2025,124320.9258,4752.938993
828,2024,CA,CDF,VESTAL,2024-07-05,2024-07-05,11,1,1.0,19.33734,2020-2025,134393.1602,1778.622921
829,2024,CA,CDF,ELK,2024-05-21,2024-05-21,2,1,1.0,19.13121,2020-2025,130777.0195,1489.487508
830,2024,CA,CCO,GRAPE,2024-07-18,2024-07-19,14,1,1.0,19.11954,2020-2025,115755.3828,1417.517139
831,2024,CA,CCO,PANAMA 3,2024-05-25,2024-05-25,14,1,1.0,18.61898,2020-2025,113291.9648,1430.155177
832,2024,CA,USF,PENDOLA,2024-04-21,2024-04-22,5,1,1.0,18.55979,2020-2025,126212.2813,2022.083166
833,2024,CA,CDF,JELLYS,2024-06-11,2024-06-11,9,1,1.0,18.41734,2020-2025,128527.8438,2707.275854
834,2024,CA,BLM,CHAPMAN,2024-09-04,2024-09-06,14,7,1.0,18.1941,2020-2025,106090.2695,2654.376891
835,2024,CA,CDF,KEYS,2024-08-28,2024-08-28,14,1,1.0,18.04295,2020-2025,104780.2461,2490.783168
836,2024,CA,CDF,LOVE 2,2024-05-13,2024-05-13,9,1,1.0,17.8901,2020-2025,102697.582,2173.455772
837,2024,CA,CCO,SANDLIN,2024-08-05,2024-08-06,14,1,1.0,17.88544,2020-2025,108201.3594,1756.878675
838,2024,CA,CDF,BORDER 44,2024-05-11,2024-05-13,7,1,1.0,17.85367,2020-2025,102025.9609,2018.98252
839,2024,CA,CCO,SNAKE,2024-04-28,2024-04-29,14,1,1.0,17.69939,2020-2025,106716.0313,1374.570773
840,2024,CA,CDF,ROCKY,2024-07-15,2024-07-18,2,1,1.0,17.68905,2020-2025,120554.1992,1804.690045
841,2024,CA,USF,ALRAY,2024-10-26,2024-10-26,9,6,1.0,17.48269,2020-2025,104057.8516,1869.376183
842,2024,CA,CCO,CROCKER,2024-05-30,2024-05-30,11,1,1.0,17.28234,2020-2025,105079.5,1963.067558
843,2024,CA,BLM,LEVEE,2024-12-23,2025-01-13,14,8,1.0,17.19862,2020-2025,98639.37109,8150.175907
844,2024,CA,USF,CANYON,2024-08-22,2024-08-24,7,6,1.0,17.17227,2020-2025,102053.6055,1531.034878
845,2024,CA,CCO,MELCHER,2024-07-21,2024-07-22,14,1,1.0,17.11819,2020-2025,105421.4688,1948.150536
846,2024,CA,CDF,RIDGE,2024-09-28,2024-09-29,7,7,1.0,16.87874,2020-2025,100822.8594,2242.817536
847,2024,CA,NPS,PINNACLES,2024-09-27,2024-09-27,11,1,1.0,16.84301,2020-2025,105690.9883,1881.781805
848,2024,CA,CDF,VERJELES,2024-10-06,2024-10-06,2,1,1.0,16.76944,2020-2025,113675.5,2475.607515
849,2024,CA,LRA,HIGHWAY,2024-04-22,2024-04-22,5,1,,16.6015,2020-2025,114245.5508,2404.655978
850,2024,CA,USF,COAST,2024-06-17,2024-06-19,2,4,1.0,16.58275,2020-2025,103683.582,1415.94854
851,2024,CA,CDF,HAMBONE,2024-10-06,2024-10-14,1,1,1.0,16.48961,2020-2025,118220.6328,2397.374831
852,2024,CA,CCO,HIGH,2024-06-14,2024-06-15,14,1,1.0,16.17125,2020-2025,98019.97266,1298.380493
853,2024,CA,CCO,PANAMA 4,2024-06-14,2024-06-15,14,1,1.0,15.91873,2020-2025,96861.63672,1422.183706
854,2024,CA,CCO,RANGE,2024-08-24,2024-08-24,14,1,1.0,15.90758,2020-2025,97652.35156,1248.802861
855,2024,CA,BLM,ELK,2024-05-02,2024-05-02,14,7,1.0,15.85077,2020-2025,96417.67969,1614.537138
856,2024,CA,CCO,ATLANTIC,2024-07-04,2024-07-05,14,1,1.0,15.80758,2020-2025,96361.42578,1698.202479
857,2024,CA,CCO,RACEWAY,2024-06-30,2024-06-30,14,1,1.0,15.78234,2020-2025,96068.05078,1928.448768
858,2024,CA,CDF,QUARTZ,2024-06-16,2024-06-16,2,1,1.0,15.75969,2020-2025,104694.5078,1323.811999
859,2024,CA,CCO,BAKER,2024-06-29,2024-06-29,14,1,1.0,15.52731,2020-2025,94654.06641,1459.918225
860,2024,CA,CDF,CREEK,2024-06-29,2024-06-29,9,1,1.0,15.5166,2020-2025,103818.8242,2876.59233
861,2024,CA,CCO,WILLOW ,2024-07-15,2024-07-15,14,1,1.0,15.47576,2020-2025,93549.05859,1686.737156
862,2024,CA,CDF,BISHOP,2024-08-20,2024-08-20,7,1,1.0,15.33493,2020-2025,93327.78906,1596.383416
863,2024,CA,CCO,FRONT,2024-06-29,2024-06-29,14,1,1.0,15.30726,2020-2025,93717.55859,2079.978581
864,2024,CA,CCO,TOWER,2024-05-18,2024-05-18,11,1,1.0,15.25049,2020-2025,92971.52734,1931.866207
865,2024,CA,CCO,UNIVERSITY,2024-11-14,2024-11-14,14,2,1.0,15.14066,2020-2025,89683.76563,1583.129625
866,2024,CA,CCO,CANYON 2,2024-05-11,2024-05-12,14,1,1.0,15.11743,2020-2025,91125.50781,1455.834336
867,2024,CA,CDF,RIPPLE,2024-09-15,2024-09-16,10,1,1.0,14.84497,2020-2025,93589.17188,1803.280209
868,2024,CA,USF,MOON,2024-08-13,2024-08-14,10,8,1.0,14.83525,2020-2025,88160.86719,1799.551858
869,2024,CA,CCO,MORNING 4,2024-06-07,2024-06-07,14,1,1.0,14.80014,2020-2025,90320.50781,1454.463884
870,2024,CA,CDF,CANYON,2024-07-21,2024-07-21,14,1,1.0,14.658,2020-2025,94323.5,1518.104772
871,2024,CA,LRA,SKYLINE,2024-10-23,2024-10-23,14,1,,14.27318,2020-2025,86871.95313,1433.249669
872,2024,CA,CCO,RIDGE,2024-07-25,2024-07-25,14,1,1.0,14.18772,2020-2025,86548.05859,1711.233719
873,2024,CA,LRA,VIEW,2024-07-06,2024-07-09,14,3,,14.17589,2020-2025,84064.33594,1701.182695
874,2024,CA,BLM,TRAM,2024-05-05,2024-05-05,14,7,1.0,14.17096,2020-2025,83375.05859,1876.143353
875,2024,CA,CDF,BELL,2024-09-14,2024-09-14,2,1,1.0,14.12873,2020-2025,93634.29688,1592.247769
876,2024,CA,CDF,PEPPERWOOD,2024-07-20,2024-07-23,1,1,1.0,14.02784,2020-2025,96636.92578,1529.119156
877,2024,CA,CDF,PLYMIRE,2024-09-26,2024-09-26,14,1,1.0,14.02113,2020-2025,97369.88281,1769.980721
878,2024,CA,CCO,GROVE,2024-10-02,2024-10-02,14,1,1.0,13.9395,2020-2025,84997.96484,1266.594109
879,2024,CA,CDF,RILEY,2024-07-27,2024-07-31,14,1,1.0,13.89075,2020-2025,94319.10938,1905.657143
880,2024,CA,NPS,VERNON,2024-08-29,2024-09-01,14,6,1.0,13.72595,2020-2025,89643.9375,2207.871027
881,2024,CA,CDF,HAWK,2024-09-03,2024-09-04,10,1,1.0,13.65462,2020-2025,83167.67969,1385.447647
882,2024,CA,BLM,BOWMAN,2024-07-02,2024-07-02,14,7,1.0,13.59884,2020-2025,83426.63281,1534.983439
883,2024,CA,LRA,RANCHO,2024-07-05,2024-07-06,14,3,,13.59511,2020-2025,80578.01563,1257.714587
884,2024,CA,USF,HORSE,2024-07-24,2024-07-25,1,4,1.0,13.28605,2020-2025,96726.75391,1484.357263
885,2024,CA,CCO,GASKELL 3,2024-06-13,2024-06-13,14,1,1.0,13.12934,2020-2025,79073.72656,1212.640583
886,2024,CA,CCO,EMERALD ,2024-10-14,2024-10-14,14,1,1.0,12.85141,2020-2025,78426.71875,1148.839391
887,2024,CA,CDF,SLOANE,2024-07-17,2024-07-19,14,3,1.0,12.84437,2020-2025,73730.52734,1768.176398
888,2024,CA,DOD,CAMP ROBERTS RANGE L5,2024-11-17,2024-11-17,13,1,1.0,12.82775,2020-2025,79109.57813,2923.077781
889,2024,CA,CDF,GRUBBS,2024-07-03,2024-07-04,2,1,1.0,12.82698,2020-2025,87137.07813,1199.419366
890,2024,CA,CDF,FAR,2024-08-23,2024-08-23,11,1,1.0,12.68023,2020-2025,85165.26172,1388.889295
891,2024,CA,CCO,NEURALIA,2024-05-12,2024-05-12,14,1,1.0,12.52373,2020-2025,76112.50391,1164.111408
892,2024,CA,CDF,PURPLE,2024-08-07,2024-08-08,5,1,1.0,12.45133,2020-2025,84639.01563,1644.218416
893,2024,CA,CDF,GATE,2024-06-23,2024-06-23,2,7,1.0,12.3688,2020-2025,74557.41406,1087.145308
894,2024,CA,USF,MOTOR,2024-08-23,2024-08-25,10,6,1.0,12.19355,2020-2025,73107.61328,1632.248215
895,2024,CA,BLM,DAWN,2024-05-05,2024-05-05,14,7,1.0,12.172,2020-2025,73424.72266,4142.537811
896,2024,CA,CCO,ROSAMOND,2024-09-01,2024-09-01,14,1,1.0,11.84859,2020-2025,71322.83203,1234.576784
897,2024,CA,FWS,MILLAR 3-1,2024-11-20,2024-11-20,7,4,1.0,11.83813,2020-2025,67883.92578,1365.605643
898,2024,CA,LRA,HALL,2024-05-20,2024-05-20,7,1,,11.81205,2020-2025,81559.76953,1490.500889
899,2024,CA,CDF,SPRINGS,2024-06-08,2024-06-12,1,8,1.0,11.79568,2020-2025,85117.96094,1391.753385
900,2024,CA,CCO,GOLF,2024-07-22,2024-07-22,14,1,1.0,11.68679,2020-2025,71091.92969,1556.733155
901,2024,CA,CDF,TRAIL 4,2024-07-28,2024-07-28,14,7,1.0,11.65821,2020-2025,67901.61719,1209.60651
902,2024,CA,CDF,DOUBLE,2024-06-20,2024-06-20,14,2,1.0,11.4557,2020-2025,77873.42969,1692.171012
903,2024,CA,CDF,LITTLE,2024-07-03,2024-07-03,14,1,1.0,11.43162,2020-2025,72287.55469,1115.582156
904,2024,CA,CDF,HARRY,2024-07-23,2024-07-23,14,2,1.0,11.37759,2020-2025,82587.33594,1424.554904
905,2024,CA,CCO,SCHOOL ,2024-08-22,2024-08-22,14,1,1.0,11.31253,2020-2025,68480.83203,1322.422391
906,2024,CA,USF,HALLS,2024-07-15,2024-07-17,1,6,1.0,11.03462,2020-2025,79217.07813,1587.904731
907,2024,CA,CDF,BULL,2024-11-12,2024-11-12,11,1,1.0,10.93155,2020-2025,67569.12109,1439.778478
908,2024,CA,FWS,SARDIS,2024-05-16,2024-05-16,14,1,1.0,10.83364,2020-2025,70744.79688,1663.233715
909,2024,CA,CDF,FRAZIER,2024-06-28,2024-06-28,2,1,1.0,10.83229,2020-2025,68962.03906,1499.274753
910,2024,CA,CDF,SEVEN,2024-05-23,2024-05-23,5,6,1.0,10.79721,2020-2025,73569.48438,1372.084532
911,2024,CA,CCO,HONOLULU,2024-06-08,2024-06-08,14,1,1.0,10.60393,2020-2025,64347.49219,1058.387339
912,2024,CA,CCO,GRANITE 2,2024-06-18,2024-06-18,14,1,1.0,10.52951,2020-2025,64575.51953,1532.934645
913,2024,CA,CCO,LAGUNA,2024-06-25,2024-06-26,14,1,1.0,10.41557,2020-2025,62943.0,1035.84601
914,2024,CA,BLM,IRIS,2024-02-11,2024-02-16,14,7,1.0,10.41189,2020-2025,60462.69922,1159.06524
915,2024,CA,CDF,JOLON,2024-06-21,2024-06-22,10,7,1.0,10.15871,2020-2025,62772.23438,2059.142562
916,2024,CA,BLM,HESS,2024-05-16,2024-05-16,10,7,1.0,10.1483,2020-2025,59958.46484,2006.341153
917,2024,CA,CDF,BORDER 63,2024-07-23,2024-07-23,5,7,1.0,9.967618,2020-2025,56992.5,965.8878569
918,2024,CA,CCO,TULE,2024-05-09,2024-05-09,14,1,1.0,9.953412,2020-2025,61133.49219,1182.506126
919,2024,CA,CCO,SKYLINE,2024-07-16,2024-07-16,14,1,1.0,9.860471,2020-2025,59985.49609,1215.792772
920,2024,CA,CDF,RANCHO,2024-08-20,2024-08-20,2,1,1.0,9.842535,2020-2025,60534.95703,1731.412829
921,2024,CA,CCO,RIVER,2024-05-08,2024-05-09,14,1,1.0,9.753633,2020-2025,59487.97656,1086.431359
922,2024,CA,CCO,KERN,2024-07-01,2024-07-02,14,1,1.0,9.741244,2020-2025,59507.01953,1243.365645
923,2024,CA,LRA,TRUMAN ,2024-10-04,2024-10-04,14,1,,9.575354,2020-2025,58696.0625,1037.297619
924,2024,CA,CCO,DUCK,2024-08-18,2024-08-18,14,1,1.0,9.554545,2020-2025,58756.96094,2862.114203
925,2024,CA,BLM,CARRIZO 5,2024-07-11,2024-07-11,14,7,1.0,9.515586,2020-2025,54455.375,1241.600068
926,2024,CA,CCO,HABECKER,2024-06-17,2024-06-17,14,1,1.0,9.397329,2020-2025,57178.00391,984.5389363
927,2024,CA,CCO,PANAMA 2,2024-05-17,2024-05-17,14,1,1.0,9.286901,2020-2025,56506.02344,952.1223828
928,2024,CA,CCO,WINDMILL,2024-05-31,2024-05-31,14,1,1.0,9.277434,2020-2025,56168.75781,1026.502949
929,2024,CA,CCO,RIO,2024-05-06,2024-05-06,14,1,1.0,9.243205,2020-2025,56481.52734,1375.614009
930,2024,CA,CCO,CHESTER,2024-05-09,2024-05-09,14,1,1.0,9.119992,2020-2025,55675.0,1032.668
931,2024,CA,CCO,LOMA,2024-06-25,2024-06-26,14,1,1.0,9.112447,2020-2025,55539.00391,1146.029245
932,2024,CA,CDF,KARCHNER,2024-06-10,2024-06-10,11,1,1.0,9.076867,2020-2025,60881.50781,1174.342979
933,2024,CA,CCO,FIVE,2024-06-28,2024-06-28,14,1,1.0,8.860283,2020-2025,54380.98438,1088.547752
934,2024,CA,CDF,NORMAN,2024-06-20,2024-06-21,9,1,1.0,8.557522,2020-2025,61926.36719,1214.10546
935,2024,CA,CDF,RANCH,2024-05-15,2024-05-17,7,1,1.0,8.492605,2020-2025,58115.12109,4898.485282
936,2024,CA,CCO,FIVE,2024-07-14,2024-07-15,14,1,1.0,8.45666,2020-2025,51623.61328,1458.511922
937,2024,CA,CCO,TANK,2024-05-09,2024-05-09,14,1,1.0,8.430989,2020-2025,50973.99609,1028.872477
938,2024,CA,LRA,PFE,2024-06-21,2024-06-21,7,5,,8.396097,2020-2025,55915.41016,1402.774658
939,2024,CA,LRA,CLEAR,2024-07-06,2024-07-06,2,1,,8.168558,2020-2025,57257.00391,1152.531731
940,2024,CA,CCO,CANYON,2024-05-04,2024-05-04,14,1,1.0,8.113019,2020-2025,49489.49609,904.3398154
941,2024,CA,CCO,DESERT,2024-08-03,2024-08-04,14,1,1.0,7.802035,2020-2025,47185.39453,1870.241605
942,2024,CA,USF,SUNRISE,2024-06-28,2024-06-30,14,6,1.0,7.609749,2020-2025,45441.8125,1513.748419
943,2024,CA,CDF,STUMPFIELD,2024-08-11,2024-08-12,7,1,1.0,7.604609,2020-2025,48861.37109,1369.321212
944,2024,CA,CDF,BARN,2024-10-07,2024-10-08,4,7,1.0,7.583037,2020-2025,47671.87109,1030.860403
945,2024,CA,CDF,CANYON,2024-07-04,2024-07-05,9,1,1.0,7.534264,2020-2025,46435.67578,1016.519868
946,2024,CA,CCO,BENA 3,2024-05-26,2024-05-26,14,1,1.0,7.372229,2020-2025,44892.88672,1879.902844
947,2024,CA,CCO,MADERA,2024-12-11,2024-12-12,14,2,1.0,7.2894,2020-2025,43323.64844,979.2367749
948,2024,CA,CCO,BEAR,2024-05-31,2024-05-31,14,1,1.0,7.122559,2020-2025,43348.95313,2410.784175
949,2024,CA,LRA,TWO,2024-09-29,2024-09-29,14,1,,6.911179,2020-2025,41601.30469,1090.50234
950,2024,CA,LRA,BUFORD,2024-09-15,2024-09-15,14,1,,6.731252,2020-2025,41307.80078,892.1351782
951,2024,CA,CCO,MAIN,2024-07-12,2024-07-12,14,1,1.0,6.726565,2020-2025,41221.71484,890.4006858
952,2024,CA,CCO,WOOD,2024-08-05,2024-08-05,14,1,1.0,6.680218,2020-2025,41030.03906,1084.144936
953,2024,CA,CDF,BORDER 51,2024-05-26,2024-05-26,5,6,1.0,6.605074,2020-2025,37744.8125,1164.328839
954,2024,CA,CCO,PHILLIPS,2024-07-25,2024-07-25,14,1,1.0,6.506813,2020-2025,39940.60156,960.5126042
955,2024,CA,CCO,WOODY,2024-05-18,2024-05-18,14,1,1.0,6.456899,2020-2025,39638.50391,961.0525692
956,2024,CA,CCO,CARISSA,2024-09-26,2024-09-26,14,1,1.0,6.398013,2020-2025,38954.01172,794.3759918
957,2024,CA,CCO,ROSE,2024-05-27,2024-05-27,14,1,1.0,6.235534,2020-2025,37811.00391,791.4129217
958,2024,CA,CCO,DAYTONA,2024-06-18,2024-06-19,14,1,1.0,6.21139,2020-2025,37898.44141,1083.502151
959,2024,CA,CDF,REEVES,2024-11-10,2024-11-13,5,1,1.0,6.184255,2020-2025,41829.96875,1001.449605
960,2024,CA,CCO,LOW,2024-07-21,2024-07-22,14,1,1.0,6.167065,2020-2025,37645.22656,760.1799488
961,2024,CA,CCO,SCHUSTER,2024-05-22,2024-05-23,14,1,1.0,6.155787,2020-2025,37889.49609,789.9962007
962,2024,CA,CCO,WASCO POND,2024-06-03,2024-06-03,14,1,1.0,6.069402,2020-2025,37406.00391,819.9883671
963,2024,CA,BLM,SHIRLEON 2,2024-05-29,2024-05-29,14,7,1.0,5.88946,2020-2025,34672.07422,1414.004113
964,2024,CA,CCO,KECKS,2024-07-17,2024-07-17,14,1,1.0,5.878288,2020-2025,35990.28516,827.966397
965,2024,CA,CCO,HAMILTON,2024-05-01,2024-05-02,14,1,1.0,5.841907,2020-2025,35213.48828,1125.963497
966,2024,CA,USF,VOLCANOVILLE,2024-05-11,2024-05-12,14,6,1.0,5.83034,2020-2025,39092.62891,917.2053789
967,2024,CA,BLM,GRAVIER,2024-09-06,2024-09-06,1,7,1.0,5.761228,2020-2025,39882.17188,864.1606449
968,2024,CA,USF,CYRUS,2024-10-11,2024-10-11,14,1,1.0,5.740417,2020-2025,35299.57813,887.2984797
969,2024,CA,BLM,PINK,2024-05-11,2024-05-11,9,7,1.0,5.730208,2020-2025,32802.46875,808.1168815
970,2024,CA,CCO,GORILLA ,2024-08-10,2024-08-11,14,1,1.0,5.68811,2020-2025,34816.52344,1044.076157
971,2024,CA,USF,FOX,2024-08-04,2024-08-06,14,6,1.0,5.669262,2020-2025,34075.98047,919.0894846
972,2024,CA,CCO,DENT,2024-10-28,2024-10-28,14,1,1.0,5.472932,2020-2025,33670.03125,987.3056534
973,2024,CA,CCO,GENERAL,2024-05-22,2024-05-22,14,1,1.0,5.370392,2020-2025,32725.68359,1223.228588
974,2024,CA,CCO,99,2024-08-19,2024-08-19,14,1,1.0,5.364799,2020-2025,32915.03906,755.5824103
975,2024,CA,CCO,ROSAMOND,2024-06-19,2024-06-20,14,1,1.0,5.361254,2020-2025,32340.00391,799.182768
976,2024,CA,FWS,SARDIS 2,2024-06-15,2024-06-15,14,1,1.0,5.348492,2020-2025,34927.40625,1843.884235
977,2024,CA,CCO,STATION,2024-06-09,2024-06-09,14,1,1.0,5.346731,2020-2025,32814.00391,1053.894247
978,2024,CA,LRA,MAGNOLIA,2024-09-16,2024-09-16,14,1,,5.323141,2020-2025,32529.73828,868.5498065
979,2024,CA,CDF,SNAKE,2024-10-17,2024-10-18,14,1,1.0,5.30442,2020-2025,32362.15234,909.0295016
980,2024,CA,CCO,46,2024-05-31,2024-05-31,14,1,1.0,5.258185,2020-2025,32282.49609,754.6760886
981,2024,CA,CDF,STONEY,2024-07-24,2024-07-24,2,1,1.0,5.191916,2020-2025,31860.84375,1023.542764
982,2024,CA,LRA,HIGHLAND,2024-10-28,2024-10-28,14,1,,5.169755,2020-2025,31549.30078,732.2778717
983,2024,CA,USF,LAKE,2024-11-05,2024-11-07,14,7,1.0,5.156042,2020-2025,35903.17969,833.8013509
984,2024,CA,CCO,GRANITE,2024-06-11,2024-06-11,14,1,1.0,5.151581,2020-2025,31632.50781,832.8343655
985,2024,CA,CDF,GRANGE 2,2024-07-25,2024-07-25,10,1,1.0,5.146736,2020-2025,34588.53516,1435.231979
986,2024,CA,CCO,TWISSLEMAN,2024-06-10,2024-06-10,14,1,1.0,5.124963,2020-2025,31541.48438,1501.378383
987,2024,CA,BLM,RIG,2024-05-18,2024-05-19,14,7,1.0,5.076537,2020-2025,30812.58984,911.1006499
988,2024,CA,CCO,TAFT,2024-06-27,2024-06-27,14,1,1.0,5.057001,2020-2025,30768.97656,715.4355193
989,2024,CA,USF,ACORN,2024-07-14,2024-07-16,14,3,1.0,5.040145,2020-2025,30823.64453,675.3789569
990,2024,CA,LRA,SENTINEL,2024-06-28,2024-06-29,14,3,,5.025581,2020-2025,29872.875,947.5102805
991,2024,CA,CCO,MELCHER,2024-05-07,2024-05-07,14,1,1.0,5.023149,2020-2025,30874.51563,897.4027354
992,2024,CA,CCO,SOLAR,2024-09-02,2024-09-02,2,1,1.0,5.015003,2020-2025,30190.33203,695.5072363
993,2024,CA,CCO,ELK,2024-08-09,2024-08-10,14,1,1.0,4.936464,2020-2025,30024.77734,833.2322602
994,2024,CA,CCO,WOOLLOMES,2024-06-13,2024-06-13,14,1,1.0,4.857896,2020-2025,29910.99219,789.4234548
995,2024,CA,CDF,WEST,2024-07-11,2024-07-11,14,2,1.0,4.852215,2020-2025,35303.65625,1241.013358
996,2024,CA,CCO,CYMRIC,2024-05-21,2024-05-21,14,1,1.0,4.817005,2020-2025,29387.00391,809.5269116
997,2024,CA,CCO,SPRINGS,2024-05-14,2024-05-14,14,1,1.0,4.783789,2020-2025,29069.49609,1132.473287
998,2024,CA,CCO,SUSAN,2024-08-03,2024-08-03,14,1,1.0,4.678219,2020-2025,28591.23438,792.0311066
999,2024,CA,CCO,CEMENT,2024-06-30,2024-06-30,14,1,1.0,4.633458,2020-2025,28039.44531,885.3984424
1000,2024,CA,FWS,203,2024-10-17,2024-10-18,18,1,1.0,4.508391,2020-2025,30918.88281,2032.335697
1001,2024,CA,CCO,LOOP 2,2024-06-19,2024-06-21,14,1,1.0,4.330918,2020-2025,26305.99609,870.124257
1002,2024,CA,CCO,TROPICO,2024-06-14,2024-06-15,14,1,1.0,4.28963,2020-2025,25857.47656,1090.493328
1003,2024,CA,CCO,ELK 3,2024-06-08,2024-06-08,14,1,1.0,4.256872,2020-2025,25856.48047,1380.180761
1004,2024,CA,CCO,KRN-24-26623,2024-06-19,2024-06-19,14,1,1.0,4.206133,2020-2025,25640.99219,680.870864
1005,2024,CA,BLM,SIERRA,2024-08-03,2024-08-05,10,7,1.0,4.194717,2020-2025,25428.92969,855.8415195
1006,2024,CA,CCO,GOLDEN,2024-08-12,2024-08-12,10,1,1.0,4.145552,2020-2025,25143.35547,905.955642
1007,2024,CA,FWS,BONITA,2024-07-01,2024-07-03,8,1,1.0,4.085663,2020-2025,23405.34375,1177.948848
1008,2024,CA,CCO,EDISON,2024-04-21,2024-04-21,14,1,1.0,4.048448,2020-2025,24690.01563,696.8391769
1009,2024,CA,CCO,DELFERN,2024-06-10,2024-06-10,14,3,1.0,4.032474,2020-2025,24631.65625,679.023576
1010,2024,CA,CCO,FRONT,2024-05-20,2024-05-21,14,1,1.0,4.019539,2020-2025,24682.73828,659.5595868
1011,2024,CA,BLM,STODDARD 4,2024-07-01,2024-07-01,14,7,1.0,4.012784,2020-2025,24054.85938,756.6998389
1012,2024,CA,CCO,LAKE,2024-05-06,2024-05-06,14,1,1.0,3.93678,2020-2025,23866.48438,912.8483426
1013,2024,CA,CCO,KRN-24-36893,2024-08-15,2024-08-15,14,1,1.0,3.705202,2020-2025,22391.82031,594.4039122
1014,2024,CA,CCO,PEPPER 2,2024-06-24,2024-06-24,14,1,1.0,3.614661,2020-2025,22046.00781,662.983311
1015,2024,CA,CCO,KING,2024-07-18,2024-07-19,14,4,1.0,3.542577,2020-2025,21521.44922,598.5169072
1016,2024,CA,CCO,LOOP,2024-06-14,2024-06-14,14,1,1.0,3.524996,2020-2025,21465.0,624.313846
1017,2024,CA,LRA,COLLEGE,2024-10-22,2024-10-22,14,1,,3.50748,2020-2025,21402.28125,619.9056351
1018,2024,CA,CCO,RESERVE,2024-06-25,2024-06-25,14,1,1.0,3.451958,2020-2025,21003.0,686.0672691
1019,2024,CA,CCO,CUMMINGS,2024-06-12,2024-06-13,2,1,1.0,3.385239,2020-2025,20531.49219,772.3276081
1020,2024,CA,CCO,FORTY-SIX,2024-05-08,2024-05-08,14,1,1.0,3.307986,2020-2025,20318.49219,632.3122333
1021,2024,CA,CCO,RIVER 2,2024-05-24,2024-05-25,14,1,1.0,3.289632,2020-2025,20082.01563,557.3388399
1022,2024,CA,CCO,PEPPER,2024-05-31,2024-05-31,14,1,1.0,3.282029,2020-2025,20011.50391,588.8348351
1023,2024,CA,BLM,SPRINGS,2024-06-06,2024-06-06,14,7,1.0,3.234266,2020-2025,19746.27734,693.9392534
1024,2024,CA,BLM,HORSE,2024-06-01,2024-06-01,9,7,1.0,3.180136,2020-2025,19456.10547,1750.472472
1025,2024,CA,LRA,ORO,2024-10-17,2024-10-25,14,1,,3.106886,2020-2025,18772.76172,567.2254526
1026,2024,CA,CCO,HAUL,2024-05-28,2024-05-28,14,1,1.0,3.106354,2020-2025,18793.50391,518.6805096
1027,2024,CA,CCO,MOBIUS,2024-10-08,2024-10-08,14,1,1.0,3.086076,2020-2025,18885.19922,663.640221
1028,2024,CA,CCO,MIDWAY,2024-09-04,2024-09-04,14,1,1.0,3.060552,2020-2025,18578.14063,545.4363098
1029,2024,CA,CCO,SUN,2024-09-30,2024-09-30,14,1,1.0,2.975912,2020-2025,18075.07422,614.5139321
1030,2024,CA,CDF,SPRINGS,2024-07-09,2024-07-13,9,1,1.0,2.914342,2020-2025,19656.42578,784.0801229
1031,2024,CA,LRA,SUNNY,2024-09-18,2024-09-18,14,1,,2.750999,2020-2025,16787.03906,588.178641
1032,2024,CA,LRA,HALL,2024-07-14,2024-07-14,9,1,,2.708884,2020-2025,18676.16016,617.0931314
1033,2024,CA,CDF,ESTRELLA,2024-08-26,2024-08-26,10,1,1.0,2.685941,2020-2025,16500.24609,2764.806366
1034,2024,CA,CCO,JAMES,2024-04-13,2024-04-13,14,1,1.0,2.685362,2020-2025,16417.48047,1248.883144
1035,2024,CA,CDF,TURKEY,2024-06-17,2024-06-17,10,1,1.0,2.538254,2020-2025,15640.52344,748.6978165
1036,2024,CA,BLM,VIDA,2024-08-20,2024-08-21,11,7,1.0,2.511956,2020-2025,14379.98828,805.5479961
1037,2024,CA,CDF,BEAR,2024-09-26,2024-09-27,9,1,1.0,2.265984,2020-2025,16240.21094,520.5425213
1038,2024,CA,CCO,SKYLINE,2024-07-21,2024-07-21,14,1,1.0,2.087564,2020-2025,12716.32031,475.5448337
1039,2024,CA,FWS,WILBUR,2024-06-22,2024-06-22,14,1,1.0,1.967898,2020-2025,12850.40234,539.3888204
1040,2024,CA,CCO,BALCOM,2024-10-30,2024-10-31,14,2,1.0,1.860232,2020-2025,11064.27734,563.793718
1041,2024,CA,CDF,LOWES,2024-11-30,2024-11-30,9,1,1.0,1.76534,2020-2025,10878.32422,482.1780514
1042,2024,CA,CDF,FREEDOM,2024-07-12,2024-07-12,14,1,1.0,1.720922,2020-2025,11660.55078,584.3028083
1043,2024,CA,CDF,BRANSCOMB,2024-06-17,2024-06-21,2,1,1.0,1.711213,2020-2025,11697.89453,790.4219947
1044,2024,CA,BLM,R-2 HOMESTEAD,2024-07-21,2024-07-21,1,7,1.0,1.65255,2020-2025,11409.02344,570.9062063
1045,2024,CA,CDF,JORDAN,2024-05-28,2024-05-28,9,1,1.0,1.362722,2020-2025,8383.6875,754.2524532
1046,2024,CA,FWS,SWR MCINTOSH SOUTH,2024-05-29,2024-05-29,14,1,1.0,1.335805,2020-2025,9162.878906,516.8384106
1047,2024,CA,BLM,KIRBY,2024-09-11,2024-09-11,10,7,1.0,1.324384,2020-2025,8048.558594,397.8040515
1048,2024,CA,BLM,JAWBONE,2024-05-19,2024-05-19,14,7,1.0,1.262116,2020-2025,7687.359375,460.6142824
1049,2024,CA,BLM,BURRO,2024-05-05,2024-05-06,9,7,1.0,1.163109,2020-2025,7138.15625,531.0498843
1050,2024,CA,BLM,PINNACLE,2024-12-28,2024-12-28,14,7,1.0,1.038942,2020-2025,6359.882813,564.4771053
1051,2024,CA,FWS,JAMACHA,2024-06-19,2024-06-19,11,1,1.0,0.9974459,2020-2025,5361.433594,370.5197631
1052,2024,CA,CDF,SHENANDOAH,2024-06-22,2024-06-22,10,1,1.0,0.7722707,2020-2025,5115.0,292.455162
1053,2024,CA,LRA,PRADO,2024-09-18,2024-09-18,14,2,,0.7394835,2020-2025,4382.519531,295.8156079
1054,2024,CA,CCO,REEDER,2024-07-09,2024-07-10,14,1,1.0,0.7270775,2020-2025,4460.765625,279.1650491
1055,2024,CA,CCO,KNOLLS,2024-06-30,2024-06-30,14,3,1.0,0.6865757,2020-2025,4076.367188,436.7440352
1056,2024,CA,CCO,MAIN,2024-07-09,2024-07-09,14,1,1.0,0.6818424,2020-2025,4187.019531,292.8934126
1057,2024,CA,CDF,VISTA,2024-07-30,2024-07-30,9,1,1.0,0.6042744,2020-2025,4349.042969,390.3267133
1058,2024,CA,CDF,PEAK,2024-07-01,2024-07-01,7,1,1.0,0.3781193,2020-2025,2460.316406,392.2491326
1059,2024,CA,CDF,COLTER,2024-10-03,2024-10-03,7,1,1.0,0.3645623,2020-2025,2504.613281,266.6375712
1060,2024,CA,CDF,GRANGE 3,2024-07-25,2024-07-25,10,1,1.0,0.3624197,2020-2025,2435.589844,383.5483981
1061,2024,CA,CDF,SADDLE,2024-08-15,2024-08-15,14,7,1.0,0.3573367,2020-2025,2159.769531,256.7377198
1062,2024,CA,CCO,LINCOLN,2024-07-05,2024-07-05,14,1,1.0,0.3202687,2020-2025,1943.390625,211.7090514
1063,2024,CA,CCO,MESA,2024-07-07,2024-07-07,2,1,1.0,0.3095767,2020-2025,1877.742188,186.1708228
1064,2024,CA,CDF,BAILEY,2024-05-18,2024-05-18,7,6,1.0,0.2152854,2020-2025,1230.839844,178.7403364
1065,2024,CA,LRA,EAST 2,2024-10-01,2024-10-01,14,1,,0.211072,2020-2025,1296.109375,143.6462314
1066,2024,CA,CCO,MEADOW,2024-07-22,2024-07-22,14,1,1.0,0.1276383,2020-2025,768.40625,122.7852089
1067,2024,CA,LRA,EAST,2024-09-14,2024-09-14,10,1,,0.1170902,2020-2025,718.9140625,152.0798411
1068,2024,CA,CDF,EAGLE,2024-07-04,2024-07-04,10,6,1.0,0.1098661,2020-2025,752.9453125,179.8247602
1069,2024,CA,CDF,CREEK,2024-04-28,2024-04-28,2,1,1.0,0.0751732,2020-2025,514.7734375,89.5611244
1070,2024,CA,CDF,HAY,2024-07-06,2024-07-06,3,6,1.0,0.02363844,2020-2025,165.640625,49.5254554
1071,2024,CA,CDF,HWY,2024-06-14,2024-06-14,14,6,1.0,0.01593604,2020-2025,111.6640625,39.64006091
1072,2024,CA,CDF,18,2024-07-15,2024-07-15,10,1,1.0,0.01181157,2020-2025,70.328125,34.37371324
1073,2024,CA,CDF,ONTARIO,2024-10-15,2024-10-15,7,1,1.0,0.007205732,2020-2025,43.74609375,29.65753127
1074,2024,CA,LRA,RAMP,2024-09-14,2024-09-14,14,1,,0.001170934,2020-2025,7.19140625,9.944444615
1075,2023,CA,NPS,YORK,2023-07-28,2023-08-20,14,7,1.0,93077.87,2020-2025,566824239.0,264117.4915
1076,2023,CA,USF,KELLY,2023-08-15,2023-11-14,14,7,1.0,89326.05,2020-2025,653153709.9,310391.9449
1077,2023,CA,USF,MOSQUITO,2023-08-15,2023-10-25,1,7,1.0,34188.45,2020-2025,246667727.9,615710.5583
1078,2023,CA,USF,ELLIOT,2023-08-15,2023-10-23,1,3,1.0,13875.25,2020-2025,100555093.6,92115.67863
1079,2023,CA,USF,PEARCH,2023-08-17,2023-10-25,1,7,1.0,12152.45,2020-2025,87295981.71,191343.962
1080,2023,CA,USF,QUARRY,2023-09-09,2023-11-08,14,7,1.0,8645.426,2020-2025,56558852.22,73681.75826
1081,2023,CA,CDF,RABBIT,2023-07-14,2023-07-23,10,1,1.0,8354.776,2020-2025,49193097.95,47639.74371
1082,2023,CA,USF,UFISH,2023-08-16,2023-09-28,1,3,1.0,7850.58,2020-2025,57036758.54,56259.29605
1083,2023,CA,USF,HEAD,2023-08-15,2023-09-07,1,2,1.0,6953.805,2020-2025,50631460.93,90233.50985
1084,2023,CA,CCO,PLANT,2023-08-19,2023-08-31,11,3,1.0,5761.521,2020-2025,34771286.98,52880.15076
1085,2023,CA,CCO,ALMOND,2023-08-06,2023-08-07,14,1,1.0,5228.871,2020-2025,32043957.12,45656.06609
1086,2023,CA,USF,DEEP,2023-08-15,2023-10-03,14,7,1.0,4198.194,2020-2025,29782851.64,55373.59929
1087,2023,CA,USF,RABBIT,2023-09-30,2023-10-30,14,2,1.0,2857.988,2020-2025,18038140.2,34420.24696
1088,2023,CA,USF,3-9,2023-08-16,2023-11-02,14,7,1.0,2836.39,2020-2025,19947931.85,68191.92947
1089,2023,CA,CCO,SOUTH,2023-12-09,2023-12-12,14,3,1.0,2715.4,2020-2025,16143487.74,46856.17004
1090,2023,CA,USF,HURDY GURDY,2023-08-15,2023-11-14,14,7,1.0,2677.779,2020-2025,19514022.41,36615.32112
1091,2023,CA,CDF,HIGHLAND,2023-10-30,2023-11-08,9,7,1.0,2487.0,2020-2025,14121208.05,47327.11258
1092,2023,CA,CDF,BONNY,2023-07-26,2023-08-07,14,1,1.0,2323.106,2020-2025,13545480.47,30310.04848
1093,2023,CA,NPS,REDWOOD,2023-08-15,2023-12-14,1,7,2.0,2248.449,2020-2025,14117352.79,18191.68013
1094,2023,CA,USF,MARLOW,2023-08-15,2023-10-03,1,3,1.0,1997.206,2020-2025,14446716.52,40356.36384
1095,2023,CA,USF,SCOTT,2023-08-15,2023-09-04,1,7,1.0,1935.952,2020-2025,14050384.42,23549.83663
1096,2023,CA,USF,HANCOCK,2023-08-21,2023-09-25,1,7,1.0,1728.136,2020-2025,12457944.09,18526.71597
1097,2023,CA,USF,LONE PINE,2023-08-15,2023-09-15,1,3,1.0,1684.73,2020-2025,11987004.55,19642.4491
1099,2023,CA,CCO,EAST,2023-08-01,2023-08-01,14,1,1.0,1291.166,2020-2025,7899533.195,15390.52166
1100,2023,CA,USF,BONE,2023-06-15,2023-07-18,14,5,1.0,1180.618,2020-2025,7716500.457,20201.04798
1101,2023,CA,BLM,NONAME,2023-08-05,2023-08-08,14,2,1.0,1113.898,2020-2025,6862632.824,17746.02708
1102,2023,CA,USF,CORRAL,2023-08-15,2023-11-14,14,7,1.0,1090.281,2020-2025,7980142.227,16299.19483
1103,2023,CA,CDF,PILOT,2023-08-15,2023-09-02,1,2,1.0,1055.172,2020-2025,7430767.449,19672.84572
1104,2023,CA,CCO,DISTRICT,2023-07-07,2023-07-12,14,2,1.0,1043.665,2020-2025,6292144.941,12913.90591
1105,2023,CA,NPS,GEOLOGY,2023-06-10,2023-06-18,10,3,,1033.308,2020-2025,6086124.551,15544.83904
1106,2023,CA,NPS,PIKA,2023-06-29,2023-08-15,1,3,2.0,841.0,2020-2025,5451324.898,16477.84437
1107,2023,CA,USF,PEAK,2023-09-11,2023-11-16,14,6,1.0,836.8499,2020-2025,5496972.059,16129.79513
1108,2023,CA,CDF,RANCH,2023-08-15,2023-08-28,1,7,1.0,792.9697,2020-2025,5681507.43,16992.59133
1109,2023,CA,NPS,LOST,2023-08-15,2023-09-11,1,7,1.0,739.8182,2020-2025,5311222.496,17079.03742
1110,2023,CA,CDF,BITTER,2023-08-15,2023-08-16,10,1,1.0,695.1143,2020-2025,4249745.027,11155.58902
1111,2023,CA,USF,PRESCOTT,2023-08-15,2023-11-14,14,7,1.0,599.3448,2020-2025,4357972.82,9443.720863
1112,2023,CA,USF,DIAMOND,2023-08-15,2023-11-14,14,7,1.0,550.0559,2020-2025,4026102.227,16071.36531
1113,2023,CA,CCO,ROUND,2023-07-03,2023-07-03,14,1,1.0,536.0197,2020-2025,3290774.258,11616.36524
1114,2023,CA,CDF,ROCK,2023-08-09,2023-08-10,14,1,1.0,531.0221,2020-2025,3125684.391,9266.773274
1115,2023,CA,USF,SLIDE 1,2023-08-15,2023-08-23,1,3,1.0,472.7209,2020-2025,3269595.191,12733.71857
1116,2023,CA,CDF,COYOTE,2023-08-17,2023-08-19,14,7,1.0,466.5,2020-2025,2670139.785,8337.219729
1117,2023,CA,CDF,RECHE,2023-07-14,2023-07-23,7,2,1.0,435.684,2020-2025,2570257.996,8565.275166
1118,2023,CA,USF,AGUA,2023-07-25,2023-08-08,14,6,1.0,426.2046,2020-2025,2541744.766,8617.848862
1119,2023,CA,CDF,VINEYARD,2023-07-09,2023-07-10,14,1,1.0,391.3749,2020-2025,2412533.555,10733.81231
1120,2023,CA,USF,ISLAND,2023-08-15,2023-11-14,14,7,1.0,378.4197,2020-2025,2754376.875,14197.46923
1121,2023,CA,LRA,RAMONA,2023-05-22,2023-05-26,2,1,1.0,337.9316,2020-2025,1986003.473,7664.101118
1122,2023,CA,CDF,GAVILAN,2023-07-15,2023-07-23,14,2,1.0,334.5828,2020-2025,1966205.473,7959.666575
1123,2023,CA,USF,COWTRACK,2023-07-20,2023-07-20,14,1,1.0,322.9609,2020-2025,2101383.68,6473.235344
1124,2023,CA,CDF,QUAIL 2,2023-08-10,2023-08-10,7,3,1.0,300.792,2020-2025,1889136.363,8767.679546
1125,2023,CA,CDF,IDRIA,2023-07-19,2023-07-19,14,2,1.0,296.6445,2020-2025,1860464.301,10225.77424
1126,2023,CA,USF,DEN,2023-08-18,2023-08-24,1,7,1.0,294.8512,2020-2025,2152075.215,6968.732878
1127,2023,CA,USF,AVENALES,2023-10-12,2023-10-14,14,6,1.0,259.8927,2020-2025,1579435.297,8222.418468
1128,2023,CA,CDF,GREEN,2023-10-06,2023-10-09,11,1,1.0,247.2606,2020-2025,1514331.992,6555.816896
1129,2023,CA,BLM,GRADE,2023-06-24,2023-06-25,9,7,1.0,228.4782,2020-2025,1381892.43,12754.67306
1130,2023,CA,USF,NOB,2023-04-26,2023-05-11,14,5,1.0,226.9751,2020-2025,1348920.48,5930.428188
1131,2023,CA,CCO,BITTER,2023-05-12,2023-05-12,14,1,1.0,225.6406,2020-2025,1383222.348,5326.455438
1132,2023,CA,CCO,SUN,2023-11-09,2023-11-13,2,3,1.0,211.192,2020-2025,1263209.254,6407.743677
1133,2023,CA,USF,LAKE,2023-08-15,2023-09-07,1,3,1.0,200.2064,2020-2025,1448786.512,8863.538671
1134,2023,CA,CDF,BUNNIE,2023-08-09,2023-08-11,14,3,1.0,183.9228,2020-2025,1060934.363,6973.034253
1135,2023,CA,BLM,GRANITE,2023-07-14,2023-07-23,4,8,1.0,178.1577,2020-2025,1093542.129,6911.544944
1136,2023,CA,CCO,PINE,2023-12-15,2023-12-16,14,1,1.0,169.973,2020-2025,1041987.031,5519.316141
1137,2023,CA,CDF,WONDER,2023-07-24,2023-07-28,6,1,1.0,161.8137,2020-2025,1141858.59,7184.885556
1138,2023,CA,CDF,ROBIN,2023-08-10,2023-08-10,7,3,1.0,138.2095,2020-2025,867423.918,6351.43918
1139,2023,CA,CDF,PISTOL,2023-05-30,2023-05-30,9,1,1.0,127.146,2020-2025,806019.4688,4915.526109
1140,2023,CA,LRA,66,2023-05-15,2023-05-17,14,1,1.0,127.0,2020-2025,731642.0352,5497.28008
1141,2023,CA,BLM,ARROW,2023-05-15,2023-05-15,10,1,1.0,121.1558,2020-2025,737669.1055,3572.014098
1142,2023,CA,USF,KING,2023-10-14,2023-10-16,9,6,1.0,118.5461,2020-2025,757854.1055,5737.533666
1143,2023,CA,CDF,SHELL,2023-07-30,2023-08-03,10,1,1.0,114.7964,2020-2025,701703.5039,4835.690479
1144,2023,CA,CDF,ORANGE,2023-06-01,2023-06-02,2,1,1.0,108.165,2020-2025,677867.4844,5071.888375
1145,2023,CA,CCO,CHAMPAGNE,2023-06-30,2023-06-30,11,1,1.0,107.8487,2020-2025,651052.4961,4648.685372
1146,2023,CA,CDF,GANN,2023-07-02,2023-07-02,14,1,1.0,106.0,2020-2025,689467.5195,5341.280421
1147,2023,CA,CDF,HIGHLAND,2023-07-14,2023-07-23,14,1,1.0,104.0207,2020-2025,612635.0234,3915.572572
1148,2023,CA,CDF,SNELL,2023-06-16,2023-06-16,7,1,1.0,97.11945,2020-2025,646290.5742,4809.994658
1149,2023,CA,USF,RINCONADA,2023-08-11,2023-08-13,14,3,1.0,96.37685,2020-2025,583837.1289,4259.823555
1150,2023,CA,USF,LET ER-BUCK,2023-08-17,2023-09-28,1,3,1.0,95.91678,2020-2025,692201.1914,7400.785106
1151,2023,CA,CCO,GRADE,2023-10-06,2023-10-07,10,1,1.0,95.66613,2020-2025,572195.2266,5628.224113
1152,2023,CA,CDF,SCOTT,2023-06-15,2023-06-15,14,1,1.0,94.27705,2020-2025,729429.2852,4916.562531
1153,2023,CA,BLM,TRAM,2023-10-27,2023-10-28,14,6,1.0,90.48016,2020-2025,532339.4375,5119.0451
1154,2023,CA,CCO,BOULEVARD,2023-08-04,2023-08-07,14,1,1.0,89.46474,2020-2025,542043.4219,8956.07929
1155,2023,CA,CCO,LINE,2023-11-08,2023-11-08,14,1,1.0,86.2767,2020-2025,527799.0625,3885.537834
1156,2023,CA,CCO,HOSTLY,2023-05-01,2023-05-01,11,1,1.0,83.71268,2020-2025,512475.9492,3523.409965
1157,2023,CA,CCO,PENTLAND,2023-06-05,2023-06-06,14,1,1.0,83.47556,2020-2025,504927.5117,4146.015979
1158,2023,CA,CDF,WHISKEY,2023-07-03,2023-07-03,2,1,1.0,83.0,2020-2025,528590.0625,3723.288001
1159,2023,CA,BLM,STODDARD,2023-05-24,2023-05-27,14,6,1.0,81.68464,2020-2025,490680.3477,6520.465494
1160,2023,CA,USF,TOWNSEND,2023-08-15,2023-08-23,1,2,1.0,81.23029,2020-2025,590216.5859,4621.795022
1161,2023,CA,USF,PILOT,2023-08-15,2024-01-09,14,6,1.0,76.7887,2020-2025,539647.9141,3204.006118
1162,2023,CA,USF,TECUYA,2023-08-02,2023-08-20,14,7,1.0,76.19935,2020-2025,458969.375,5270.885272
1163,2023,CA,LRA,CEMETERY,2023-08-09,2023-08-09,14,1,1.0,74.10231,2020-2025,502589.3828,3982.267221
1164,2023,CA,USF,TITUS,2023-08-15,2023-08-31,1,7,1.0,71.79534,2020-2025,519821.1875,10073.96726
1165,2023,CA,CDF,LIBERTY,2023-07-11,2023-07-12,14,1,1.0,70.979,2020-2025,466456.0078,5106.936526
1166,2023,CA,CDF,BOULDER,2023-06-28,2023-06-28,11,1,1.0,70.79186,2020-2025,431352.0039,3756.05652
1167,2023,CA,CDF,PANOCHE,2023-06-03,2023-06-03,9,1,1.0,67.26041,2020-2025,424802.3203,3601.6956
1168,2023,CA,BLM,MIDWAY,2023-11-12,2023-11-14,14,1,1.0,63.70088,2020-2025,386476.668,4368.275657
1169,2023,CA,BLM,IMVITE,2023-04-17,2023-04-22,10,7,1.0,62.93432,2020-2025,394267.3203,6353.729086
1170,2023,CA,BLM,Winterhaven Drive,2023-07-18,2023-07-21,14,6,1.0,62.32319,2020-2025,357554.9922,2540.432385
1171,2023,CA,CDF,BORDER 14,2023-06-21,2023-06-22,14,6,1.0,61.07,2020-2025,346823.5234,3925.771368
1172,2023,CA,CCO,BEALE,2023-07-31,2023-08-01,14,1,1.0,60.6251,2020-2025,368792.3945,3734.179741
1173,2023,CA,CDF,POWER,2023-09-07,2023-09-07,9,1,1.0,60.4371,2020-2025,377722.9766,2728.967091
1174,2023,CA,CCO,LITTLE,2023-06-08,2023-06-08,5,1,1.0,59.26785,2020-2025,363380.9922,3161.213855
1175,2023,CA,CDF,CARBON,2023-07-11,2023-07-11,9,1,1.0,58.76023,2020-2025,388221.9531,2548.738779
1176,2023,CA,CDF,PEOIRA,2023-06-23,2023-06-23,14,1,1.0,58.00984,2020-2025,392011.0938,2779.400656
1177,2023,CA,LRA,VICTOR,2023-07-25,2023-07-27,4,7,1.0,57.49,2020-2025,343984.6484,3500.446814
1178,2023,CA,CDF,1-10,2023-08-15,2023-08-18,1,1,1.0,56.87772,2020-2025,392924.7188,3555.765061
1179,2023,CA,USF,JESS,2023-05-24,2023-05-26,14,7,1.0,56.06239,2020-2025,401150.5234,5383.565434
1180,2023,CA,CCO,CALIENTE ,2023-09-16,2023-09-17,14,1,1.0,55.02539,2020-2025,334837.2266,3260.976917
1181,2023,CA,CDF,MAIN,2023-04-06,2023-04-06,11,1,1.0,54.54718,2020-2025,350211.7852,2757.578935
1182,2023,CA,CDF,WILLIAMS,2023-10-06,2023-10-09,9,7,1.0,53.9,2020-2025,334473.5117,4810.724899
1183,2023,CA,USF,HILL,2023-10-25,2023-10-25,14,1,1.0,52.93411,2020-2025,360449.8633,4196.464519
1184,2023,CA,CCO,BODFISH,2023-07-19,2023-07-20,14,1,1.0,52.75753,2020-2025,321188.9844,2453.604666
1185,2023,CA,CCO,TROTTER,2023-08-14,2023-08-17,14,1,1.0,52.54716,2020-2025,318702.4023,4868.132912
1186,2023,CA,CDF,TURKEY,2023-07-26,2023-07-31,7,1,1.0,52.17383,2020-2025,354598.3047,3866.55622
1187,2023,CA,USF,GIFFORD,2023-05-19,2023-05-20,14,3,1.0,48.99358,2020-2025,296880.8359,2127.610874
1188,2023,CA,USF,WILDCAT,2023-06-17,2023-06-27,1,6,1.0,46.6567,2020-2025,295928.0234,3660.866521
1189,2023,CA,USF,HIGHWAY,2023-08-16,2023-08-17,14,6,1.0,44.80482,2020-2025,303525.9453,3664.241114
1190,2023,CA,LRA,ERIC,2023-06-09,2023-06-09,14,1,1.0,44.0,2020-2025,297833.75,3808.764007
1191,2023,CA,CDF,SLACKS,2023-07-15,2023-07-17,10,1,1.0,40.41796,2020-2025,249660.2734,2407.166957
1192,2023,CA,FWS,SAGE,2023-11-23,2023-11-28,14,4,1.0,39.37137,2020-2025,225787.957,2611.198009
1193,2023,CA,CDF,BORDER 42,2023-12-22,2023-12-22,14,1,1.0,38.60516,2020-2025,220667.3281,3493.3236
1194,2023,CA,CDF,BLACKWOOD,2023-06-20,2023-06-21,14,1,1.0,37.4,2020-2025,214332.0781,3972.248471
1195,2023,CA,LRA,JOHNSON,2023-05-20,2023-05-21,14,1,1.0,37.28043,2020-2025,217341.4961,2617.172917
1196,2023,CA,CCO,HABERKERN,2023-07-31,2023-08-01,14,1,1.0,34.74714,2020-2025,209238.9883,3222.649803
1197,2023,CA,CCO,BLACKWELL,2023-08-19,2023-08-19,1,1,1.0,34.64903,2020-2025,212358.3164,2262.750295
1198,2023,CA,BLM,KNOLL,2023-09-10,2023-09-10,14,4,1.0,34.17575,2020-2025,224238.4648,2694.351952
1199,2023,CA,CCO,DEN,2023-08-28,2023-08-28,14,1,1.0,33.32077,2020-2025,205300.0156,2251.139338
1200,2023,CA,USF,WOLF CREEK,2023-09-13,2023-09-20,14,7,1.0,32.59397,2020-2025,216134.7305,4029.09343
1201,2023,CA,USF,SULPHER,2023-08-15,2023-12-31,14,7,1.0,31.21948,2020-2025,218677.4453,2238.919096
1202,2023,CA,CDF,ALMOND,2023-11-13,2023-11-13,2,1,1.0,31.01117,2020-2025,189929.9883,1938.039336
1203,2023,CA,CDF,BRIDGE,2023-07-07,2023-07-07,10,1,1.0,30.3938,2020-2025,192113.9766,1855.005985
1204,2023,CA,CDF,LONG,2023-08-15,2023-08-28,1,7,1.0,29.74612,2020-2025,212868.7422,2876.961818
1205,2023,CA,CDF,DURA,2023-07-12,2023-07-12,2,1,1.0,28.96,2020-2025,202759.4727,2702.150511
1206,2023,CA,NPS,VALLEY,2023-06-17,2023-06-23,1,1,,28.64047,2020-2025,174526.1563,4156.498594
1207,2023,CA,CDF,CLAY,2023-06-18,2023-06-18,14,1,1.0,28.63791,2020-2025,188516.9844,1941.509834
1208,2023,CA,CDF,JACKSON,2023-07-01,2023-07-02,2,1,1.0,27.81446,2020-2025,183028.5,2697.587429
1209,2023,CA,BLM,R-1 Spencer Basin,2023-08-17,2023-08-18,1,1,1.0,27.64029,2020-2025,192656.5742,2375.264657
1210,2023,CA,CDF,LONG,2023-07-25,2023-07-27,15,1,1.0,27.6025,2020-2025,171684.0273,2019.182654
1211,2023,CA,FWS,WHIPPLE,2023-06-20,2023-06-20,4,4,1.0,26.82465,2020-2025,172802.5586,3060.632253
1212,2023,CA,USF,VISTA,2023-07-10,2023-07-11,14,6,1.0,25.90652,2020-2025,155243.7656,1782.72359
1213,2023,CA,CDF,GEORGE,2023-06-08,2023-06-08,10,1,1.0,25.7406,2020-2025,162906.5195,2143.026825
1214,2023,CA,CDF,DIABLO,2023-10-30,2023-10-30,2,1,1.0,25.73028,2020-2025,156659.0078,2154.118556
1215,2023,CA,LRA,FOOTHILLS,2023-08-05,2023-08-05,14,1,1.0,25.0,2020-2025,166830.6016,2057.586202
1216,2023,CA,NPS,SYCAMORE,2023-10-16,2023-10-20,2,1,1.0,23.93,2020-2025,150164.6484,1628.454834
1217,2023,CA,CDF,CRANE,2023-06-27,2023-06-27,2,1,1.0,23.8874,2020-2025,147926.9961,2307.82863
1218,2023,CA,CDF,BORDER 34,2023-10-29,2023-10-30,14,1,1.0,23.66831,2020-2025,135338.1172,2228.000928
1219,2023,CA,USF,COTTON,2023-07-11,2023-07-14,9,6,1.0,23.56014,2020-2025,149300.5742,2063.393486
1220,2023,CA,USF,LANE,2023-07-04,2023-07-04,14,6,1.0,23.00138,2020-2025,140823.3281,2772.240031
1221,2023,CA,BLM,BREEZE,2023-07-31,2023-08-04,14,6,1.0,22.55552,2020-2025,131573.4883,1749.770715
1222,2023,CA,BLM,MEADOW,2023-09-26,2023-09-27,14,1,1.0,22.08992,2020-2025,129652.1719,1774.831328
1223,2023,CA,CDF,OLIVE,2023-07-29,2023-07-29,2,1,1.0,20.67,2020-2025,143460.0078,2544.541868
1224,2023,CA,CCO,SCODIE,2023-07-28,2023-07-31,14,1,1.0,20.61374,2020-2025,126800.3203,4049.189388
1225,2023,CA,CDF,RODEO,2023-06-09,2023-06-10,7,1,1.0,20.1026,2020-2025,124507.4766,1543.886319
1226,2023,CA,USF,RIM,2023-09-19,2023-09-23,14,7,1.0,20.04021,2020-2025,146670.1484,2260.138454
1227,2023,CA,USF,IRON,2023-08-19,2023-09-02,1,7,1.0,20.01698,2020-2025,144629.1992,1822.039352
1228,2023,CA,BLM,Laguna,2023-04-20,2023-04-22,14,6,1.0,19.89741,2020-2025,114327.4648,2617.939535
1229,2023,CA,LRA,CANA,2023-09-16,2023-09-16,11,1,1.0,19.28816,2020-2025,132527.5547,1574.848976
1230,2023,CA,CDF,STRIKE,2023-08-12,2023-08-13,1,1,1.0,19.1282,2020-2025,120709.5039,1950.548028
1231,2023,CA,CDF,BORDER 13,2023-06-20,2023-06-20,14,6,1.0,17.95,2020-2025,1123003.902,7290.325809
1232,2023,CA,CCO,TRUCK,2023-06-30,2023-07-01,14,1,1.0,17.15697,2020-2025,103697.0508,2221.221103
1233,2023,CA,CCO,KERN,2023-11-02,2023-11-02,14,1,1.0,16.76435,2020-2025,102302.5898,1533.5444
1234,2023,CA,USF,DRY,2023-07-12,2023-07-21,14,6,1.0,16.75898,2020-2025,100156.1406,1554.751275
1235,2023,CA,CDF,WINCHELL,2023-07-23,2023-07-23,14,1,1.0,16.7198,2020-2025,106055.9609,1484.096199
1236,2023,CA,CDF,DOOLITTLE,2023-07-31,2023-07-31,14,1,1.0,16.6,2020-2025,16168.75391,721.6105664
1237,2023,CA,NPS,BRIDGE RIDGE,2023-08-25,2023-10-19,1,8,1.0,16.54212,2020-2025,118120.8828,1585.720548
1238,2023,CA,CDF,RANGE,2023-09-16,2023-09-16,5,1,1.0,16.14059,2020-2025,98402.02344,1327.044614
1239,2023,CA,CCO,GENERAL,2023-08-13,2023-08-13,1,1,1.0,16.05068,2020-2025,97481.03906,1702.39472
1240,2023,CA,BLM,Winterhaven,2023-03-11,2023-03-12,14,8,1.0,15.25318,2020-2025,87511.72656,1408.504739
1241,2023,CA,BLM,GOLF,2023-05-26,2023-05-26,14,7,1.0,15.10045,2020-2025,91857.28516,1790.434804
1242,2023,CA,CCO,FIELD,2023-11-10,2023-11-10,14,1,1.0,15.04139,2020-2025,92238.10547,1413.351239
1243,2023,CA,CDF,SHORES,2023-09-01,2023-09-01,2,1,1.0,14.83849,2020-2025,91436.52734,1464.358979
1244,2023,CA,BLM,HORN,2023-05-28,2023-05-28,14,7,1.0,14.80223,2020-2025,89621.67578,2073.539217
1245,2023,CA,CCO,LAVENDER ,2023-05-14,2023-05-14,2,1,1.0,14.74279,2020-2025,90465.5625,1800.283397
1246,2023,CA,CCO,EDMONSTON,2023-08-03,2023-08-04,14,1,1.0,14.59014,2020-2025,88044.42188,1789.612775
1247,2023,CA,CDF,ASH,2023-08-16,2023-08-18,1,7,1.0,14.55784,2020-2025,106294.4883,1706.836858
1248,2023,CA,CDF,ALMOND,2023-08-02,2023-08-03,14,1,1.0,14.43536,2020-2025,575218.6563,5876.394317
1249,2023,CA,CDF,PECK,2023-07-14,2023-07-15,10,1,1.0,14.3992,2020-2025,90620.97266,1396.624223
1250,2023,CA,CDF,SICARD,2023-05-30,2023-05-30,11,1,1.0,13.73,2020-2025,91543.41406,1820.06845
1251,2023,CA,CCO,ROCK,2023-09-27,2023-09-27,14,1,1.0,13.71712,2020-2025,82917.83594,1781.110361
1252,2023,CA,BLM,KERTO,2023-05-28,2023-05-28,14,4,1.0,13.71699,2020-2025,83084.67969,1718.069725
1253,2023,CA,LRA,KAISER,2023-06-02,2023-06-02,5,1,1.0,13.60238,2020-2025,93455.87891,1285.51455
1254,2023,CA,CDF,PAICINES,2023-07-13,2023-07-13,10,1,1.0,13.59313,2020-2025,85835.91797,1776.43876
1255,2023,CA,CDF,58 CARRIZO,2023-12-16,2023-12-16,10,1,1.0,13.34245,2020-2025,81375.99219,1892.446627
1256,2023,CA,CCO,HOLLOW,2023-10-18,2023-10-18,14,1,1.0,13.32836,2020-2025,81629.73047,1303.981655
1257,2023,CA,LRA,VILLANOVA,2023-07-05,2023-07-06,14,1,1.0,13.01236,2020-2025,77596.91016,1574.084649
1258,2023,CA,CDF,PECWAN,2023-08-08,2023-08-08,14,6,1.0,12.89246,2020-2025,92530.39844,1441.227204
1259,2023,CA,BLM,BORDER 38,2023-12-05,2023-12-05,14,6,1.0,12.77125,2020-2025,72986.67578,2030.133224
1260,2023,CA,BLM,MAJORS,2023-09-25,2023-09-25,14,6,1.0,12.74907,2020-2025,77988.32031,1521.073538
1261,2023,CA,USF,ROAD,2023-09-15,2023-09-15,14,6,1.0,12.56114,2020-2025,76082.48438,3080.892878
1262,2023,CA,NPS,DEVIL,2023-08-15,2023-10-19,1,1,1.0,12.40059,2020-2025,88464.69141,1468.33548
1263,2023,CA,USF,SPRING,2023-08-26,2023-08-26,14,7,1.0,12.34517,2020-2025,88649.96094,1544.82549
1264,2023,CA,CDF,WILDCAT 2,2023-06-20,2023-06-21,14,1,1.0,12.2,2020-2025,70128.07813,1661.040439
1265,2023,CA,CDF,PINE,2023-06-15,2023-06-15,2,1,1.0,11.91801,2020-2025,83320.98438,1388.850907
1266,2023,CA,USF,CARAWAY,2023-08-28,2023-08-31,1,6,1.0,11.8399,2020-2025,84188.16406,1504.035864
1267,2023,CA,CDF,MISTY,2023-10-14,2023-10-14,2,1,1.0,11.7,2020-2025,77082.01563,1326.148407
1268,2023,CA,LRA,BREWER,2023-07-11,2023-07-11,14,1,1.0,11.63,2020-2025,72340.89063,1438.594124
1269,2023,CA,CDF,JUNIPER,2023-07-18,2023-07-19,10,1,1.0,11.1383,2020-2025,66810.0,1221.562312
1270,2023,CA,CDF,WALL,2023-11-12,2023-11-12,7,1,1.0,11.12262,2020-2025,75606.78906,1183.889293
1271,2023,CA,CDF,PLYMOUTH,2023-11-02,2023-11-02,5,1,1.0,11.1,2020-2025,71774.98047,1248.542782
1272,2023,CA,CDF,GREY,2023-07-29,2023-07-29,2,1,1.0,11.02161,2020-2025,71534.49609,1156.623555
1273,2023,CA,CDF,SPENCEVILLE,2023-07-26,2023-07-31,2,1,1.0,10.8,2020-2025,71087.25,1270.332734
1274,2023,CA,CDF,BORDER 30,2023-10-07,2023-10-07,14,1,1.0,10.51,2020-2025,59312.51172,1135.858689
1275,2023,CA,CCO,FLAT,2023-09-21,2023-09-21,14,1,1.0,10.37647,2020-2025,63111.26172,1553.043777
1276,2023,CA,BLM,MINERAL,2023-06-04,2023-06-04,14,1,1.0,10.07988,2020-2025,60945.98438,1400.026159
1277,2023,CA,LRA,VIRGINIA,2023-06-21,2023-06-21,4,1,1.0,10.07201,2020-2025,68524.96875,1209.305534
1278,2023,CA,CCO,ELK,2023-05-21,2023-05-21,14,1,1.0,9.687215,2020-2025,58624.11328,1374.362261
1279,2023,CA,CCO,SOUTH 2,2023-07-03,2023-07-03,14,1,1.0,9.613276,2020-2025,67641.21484,1438.102788
1280,2023,CA,LRA,TANWOODS,2023-07-16,2023-07-16,14,4,1.0,9.532271,2020-2025,63489.28906,1306.552597
1281,2023,CA,CDF,VALLEY,2023-11-20,2023-11-20,2,1,1.0,9.52999,2020-2025,58357.01953,2106.673213
1282,2023,CA,CCO,CANYON,2023-07-02,2023-07-03,14,1,1.0,9.05986,2020-2025,54912.94531,1875.048162
1283,2023,CA,USF,L-1 BRANCH FISH,2023-08-15,2023-08-16,14,7,1.0,8.922971,2020-2025,62661.88281,1019.671797
1284,2023,CA,CDF,TOWNSITE,2023-09-10,2023-09-10,10,1,1.0,8.690822,2020-2025,52689.99609,985.4806931
1285,2023,CA,USF,JANES,2023-05-22,2023-05-23,14,8,1.0,8.502274,2020-2025,62117.34375,1985.069955
1286,2023,CA,CCO,SHERWOOD,2023-10-28,2023-10-28,14,1,1.0,8.496378,2020-2025,52123.60547,1176.991439
1288,2023,CA,USF,STINE,2023-07-03,2023-07-03,14,1,1.0,8.326042,2020-2025,48661.33203,1129.032027
1289,2023,CA,CCO,CROCKER,2023-10-29,2023-10-29,14,1,1.0,8.202892,2020-2025,49831.30469,1154.948386
1290,2023,CA,CDF,HOMESTEAD,2023-08-23,2023-08-24,14,1,1.0,8.132599,2020-2025,47442.86719,1386.479847
1291,2023,CA,CCO,BLUE BARN ,2023-09-26,2023-09-27,14,1,1.0,7.971368,2020-2025,48879.41016,1049.611246
1292,2023,CA,CCO,WATER,2023-06-27,2023-06-27,14,1,1.0,7.961721,2020-2025,48856.96875,1201.877918
1293,2023,CA,CCO,ROLLING,2023-09-09,2023-09-09,14,1,1.0,7.908133,2020-2025,48110.35156,1631.93772
1294,2023,CA,CCO,TULE,2023-09-09,2023-09-10,14,1,1.0,7.309518,2020-2025,44897.99219,924.0046553
1295,2023,CA,CCO,FRONT,2023-10-07,2023-10-07,14,1,1.0,7.258909,2020-2025,44394.96875,1535.679784
1296,2023,CA,CCO,TOLL,2023-05-22,2023-05-22,14,1,1.0,6.860587,2020-2025,41750.76172,1105.910521
1297,2023,CA,LRA,POND,2023-05-18,2023-05-18,14,7,1.0,6.763345,2020-2025,44627.17578,1060.998371
1298,2023,CA,CDF,SUMMIT,2023-11-10,2023-11-11,14,1,1.0,6.738468,2020-2025,40989.48047,1206.447219
1299,2023,CA,CCO,CORNER,2023-09-27,2023-09-27,14,1,1.0,6.430629,2020-2025,39461.25391,987.0435636
1300,2023,CA,CCO,FAMOSO,2023-06-23,2023-06-23,14,1,1.0,6.419109,2020-2025,39402.58203,773.8450447
1301,2023,CA,CCO,CREEK,2023-10-26,2023-10-26,14,1,1.0,6.315729,2020-2025,38482.625,850.9716783
1302,2023,CA,CDF,HILL,2023-10-21,2023-10-21,10,1,1.0,6.247237,2020-2025,38117.00391,853.7018552
1303,2023,CA,CCO,TREE,2023-07-04,2023-07-04,14,1,1.0,6.170191,2020-2025,37428.29297,1100.114064
1304,2023,CA,CCO,POST,2023-06-27,2023-06-27,14,1,1.0,5.966745,2020-2025,36596.77734,1362.921932
1305,2023,CA,CCO,ADOBE,2023-05-03,2023-05-03,14,1,1.0,5.948729,2020-2025,36450.41797,1312.571076
1306,2023,CA,CCO,TANK,2023-06-20,2023-06-21,14,1,1.0,5.777378,2020-2025,35535.09375,1446.944898
1307,2023,CA,CDF,WHITWORTH,2023-06-17,2023-06-17,5,1,1.0,5.729125,2020-2025,41407.83984,1247.166034
1308,2023,CA,USF,MULE,2023-07-02,2023-07-03,14,1,1.0,5.702603,2020-2025,40440.67969,1171.615664
1309,2023,CA,CCO,ELK,2023-06-13,2023-06-13,11,1,1.0,5.666053,2020-2025,34513.80078,1180.0278
1310,2023,CA,CDF,TOPAZ,2023-08-18,2023-08-18,11,1,1.0,5.66248,2020-2025,34542.0,744.2854631
1311,2023,CA,USF,MONTE,2023-06-06,2023-06-07,14,1,1.0,5.489922,2020-2025,39466.57813,1768.088511
1312,2023,CA,CCO,BRONZE,2023-10-29,2023-10-29,14,1,1.0,5.487661,2020-2025,33676.47656,978.3950902
1313,2023,CA,CDF,WILLOW,2023-08-16,2023-08-16,10,1,1.0,5.272589,2020-2025,32346.00391,802.6412733
1314,2023,CA,CCO,ANNETTE,2023-10-18,2023-10-18,14,1,1.0,5.226628,2020-2025,32146.07422,860.3486968
1315,2023,CA,CCO,TOWER ,2023-09-22,2023-09-22,14,1,1.0,5.175606,2020-2025,31535.89844,1666.751888
1316,2023,CA,CCO,POSO ,2023-09-22,2023-09-22,14,1,1.0,5.002238,2020-2025,30675.01172,1041.266043
1317,2023,CA,CCO,MID,2023-07-13,2023-07-13,14,1,1.0,4.990486,2020-2025,30309.01172,777.1840711
1318,2023,CA,CCO,POINT,2023-06-04,2023-06-04,2,1,1.0,4.915308,2020-2025,29805.71094,907.3030071
1319,2023,CA,CCO,GROVE,2023-08-14,2023-08-14,14,1,1.0,4.713907,2020-2025,28567.82422,1609.346326
1320,2023,CA,CDF,GREEN,2023-11-10,2023-11-10,14,1,1.0,4.502316,2020-2025,27563.99219,771.2271891
1321,2023,CA,CDF,WILLIAMS,2023-08-13,2023-08-16,9,7,1.0,4.5,2020-2025,27820.04297,740.6788169
1322,2023,CA,CCO,SKY,2023-10-06,2023-10-06,14,1,1.0,4.440306,2020-2025,27030.42578,1277.931063
1323,2023,CA,CCO,COMANCHE,2023-08-01,2023-08-01,14,1,1.0,4.387525,2020-2025,26755.98828,786.5703308
1324,2023,CA,CCO,SEMI,2023-08-27,2023-08-27,10,1,1.0,4.015996,2020-2025,24437.21094,825.4634468
1325,2023,CA,CCO,BRITE,2023-08-09,2023-08-09,14,1,1.0,3.816716,2020-2025,23131.67578,712.3148402
1326,2023,CA,CCO,BAKER,2023-07-11,2023-07-11,14,1,1.0,3.72376,2020-2025,22675.67188,1174.858487
1327,2023,CA,CDF,COUSER 2,2023-07-18,2023-07-18,14,1,1.0,3.5,2020-2025,20184.62891,649.5363835
1328,2023,CA,CCO,FANO 2,2023-11-21,2023-11-21,14,1,1.0,3.433622,2020-2025,21001.19531,568.7884946
1329,2023,CA,CDF,ROCK,2023-06-01,2023-06-01,2,1,1.0,3.37118,2020-2025,20769.66016,606.9995612
1330,2023,CA,CCO,LAST,2023-06-24,2023-06-24,14,1,1.0,3.334712,2020-2025,20361.14453,646.5848976
1331,2023,CA,FWS,RIVER,2023-07-04,2023-07-04,9,1,1.0,3.312726,2020-2025,22628.23438,819.9615095
1332,2023,CA,CCO,LAZY,2023-05-10,2023-05-10,14,1,1.0,3.267727,2020-2025,19948.78906,742.6678965
1333,2023,CA,CCO,TULE 2,2023-12-03,2023-12-03,14,1,1.0,3.12156,2020-2025,18763.00781,975.0705678
1334,2023,CA,CDF,PANZA,2023-12-16,2023-12-16,10,1,1.0,3.066564,2020-2025,18742.50391,907.4344349
1335,2023,CA,CCO,LIERLY,2023-10-07,2023-10-07,14,1,1.0,3.030688,2020-2025,18364.57422,881.1876633
1336,2023,CA,CCO,FANO,2023-05-11,2023-05-11,14,6,1.0,3.00047,2020-2025,46223.17578,1389.531203
1337,2023,CA,LRA,RUBY,2023-09-14,2023-09-14,2,1,1.0,2.58,2020-2025,19125.0,804.2190128
1338,2023,CA,FWS,CORCORAN,2023-05-30,2023-05-30,10,4,1.0,2.545945,2020-2025,15670.00391,2808.000994
1339,2023,CA,CDF,CREST,2023-08-27,2023-08-27,5,1,1.0,2.421318,2020-2025,14898.50391,648.9686714
1340,2023,CA,CCO,RANCHO,2023-12-04,2023-12-04,14,1,1.0,2.2649,2020-2025,13228.0,666.5913206
1341,2023,CA,CDF,NEAL,2023-06-16,2023-06-16,2,1,1.0,2.214254,2020-2025,13574.5,469.6282979
1342,2023,CA,LRA,JARDINE,2023-07-16,2023-07-16,3,1,1.0,2.151939,2020-2025,13226.49609,629.6460223
1343,2023,CA,CDF,VEGA,2023-08-30,2023-08-30,7,7,1.0,1.98,2020-2025,12562.90234,905.0682928
1344,2023,CA,CDF,MOSS,2023-09-13,2023-09-13,2,1,1.0,1.899265,2020-2025,11630.0,545.5958314
1345,2023,CA,CDF,GENESEO,2023-09-10,2023-09-10,14,1,1.0,1.702128,2020-2025,10438.49609,456.5777772
1346,2023,CA,CDF,WINEMAN,2023-08-26,2023-08-26,7,1,1.0,1.682815,2020-2025,10172.0,386.1112356
1347,2023,CA,CCO,TRAIL,2023-07-26,2023-07-27,14,3,1.0,1.655345,2020-2025,9795.050781,785.6992822
1348,2023,CA,LRA,BROADWAY,2023-08-06,2023-08-08,14,1,1.0,1.601149,2020-2025,9430.558594,498.0321237
1349,2023,CA,CDF,BRIDGE,2023-11-12,2023-11-12,4,1,1.0,1.519355,2020-2025,9182.496094,512.6882161
1350,2023,CA,CDF,ESTRELLA,2023-06-10,2023-06-10,3,1,1.0,1.184759,2020-2025,7278.503906,386.2766137
1351,2023,CA,LRA,JARDINE,2023-06-03,2023-06-03,2,1,1.0,1.171606,2020-2025,7202.011719,343.1320916
1352,2023,CA,CDF,FRANKLIN,2023-12-16,2023-12-16,14,1,1.0,1.008626,2020-2025,6185.5,321.1371467
1353,2023,CA,CDF,CATTLE,2023-08-16,2023-08-16,9,1,1.0,0.8171355,2020-2025,4988.0,328.3602865
1354,2023,CA,CDF,BITTER,2023-08-31,2023-08-31,10,1,1.0,0.7515653,2020-2025,4612.0,318.676944
1355,2023,CA,CDF,HAZEL,2023-08-29,2023-08-29,15,1,1.0,0.46,2020-2025,3168.898438,219.2832881
1356,2023,CA,CDF,BEAR,2023-09-26,2023-09-26,4,1,1.0,0.3076231,2020-2025,1873.503906,190.5231008
1357,2023,CA,CDF,AIRPORT,2023-10-20,2023-10-20,10,1,1.0,0.14,2020-2025,1003.761719,123.1301504
1358,2023,CA,LRA,OAK,2023-07-25,2023-07-25,5,1,1.0,0.1144218,2020-2025,703.0,158.4008366
1359,2023,CA,CDF,PARK,2023-07-03,2023-07-03,10,1,1.0,0.06657419,2020-2025,414.765625,76.78781006
1360,2022,CA,USF,MOSQUITO,2022-09-06,2022-10-22,9,3,1.0,76771.45,2020-2025,515461760.6,273643.9508
1361,2022,CA,USF,MCKINNEY,2022-07-29,2022-11-11,14,3,1.0,60102.26,2020-2025,438181343.5,227045.4384
1362,2022,CA,USF,CAMPBELL,2022-08-05,2022-09-09,14,3,1.0,30132.85,2020-2025,213957954.3,118434.523
1363,2022,CA,CDF,FAIRVIEW,2022-09-06,2022-09-30,14,1,1.0,28097.87,2020-2025,164597174.5,150836.6122
1364,2022,CA,CDF,OAK,2022-07-22,2022-08-10,14,3,1.0,18957.5,2020-2025,122238621.2,119368.1831
1365,2022,CA,CDF,MOUNTAIN,2022-09-02,2022-10-02,14,7,1.0,13440.71,2020-2025,96936212.2,172408.5937
1366,2022,CA,USF,AMMON,2022-08-05,2022-09-06,14,3,1.0,11464.9,2020-2025,81126625.42,64551.65677
1367,2022,CA,NPS,RED,2022-08-04,2022-11-06,1,3,2.0,8432.419,2020-2025,54552181.01,125075.9173
1368,2022,CA,USF,YETI,2022-07-29,2022-09-03,14,3,1.0,7886.011,2020-2025,57542116.01,50192.01371
1369,2022,CA,BIA,LOST LAKE,2022-05-26,2022-06-05,14,7,,5856.573,2020-2025,34585556.43,41912.4241
1370,2022,CA,USF,BARNES,2022-09-07,2022-11-01,1,7,1.0,5840.575,2020-2025,42656929.67,64728.55605
1371,2022,CA,CCO,ROUTE,2022-08-31,2022-09-07,14,7,1.0,5227.923,2020-2025,31259236.46,32350.69603
1372,2022,CA,NPS,WASHBURN,2022-07-07,2022-09-30,7,3,1.0,4886.124,2020-2025,31490865.88,50856.30167
1373,2022,CA,CDF,ELECTRA,2022-07-04,2022-07-28,14,1,1.0,4466.222,2020-2025,29423771.02,46575.69401
1374,2022,CA,CDF,BORDER 32,2022-08-31,2022-09-05,14,3,1.0,4456.34,2020-2025,25487012.39,47412.19519
1375,2022,CA,CDF,AIRPORT,2022-02-16,2022-02-26,14,3,1.0,4140.06,2020-2025,26508134.59,85420.83522
1376,2022,CA,CDF,MILL,2022-09-02,2022-09-11,14,7,1.0,3939.382,2020-2025,28423375.54,85721.1758
1377,2022,CA,NPS,RODGERS,2022-08-08,2022-11-06,1,3,2.0,2839.684,2020-2025,18516447.26,68655.68615
1378,2022,CA,CCO,THUNDER,2022-06-22,2022-07-03,1,1,1.0,2465.185,2020-2025,14874572.52,30232.71006
1379,2022,CA,NPS,SUMMIT,2022-08-03,2022-10-19,1,7,2.0,1394.44,2020-2025,8711427.309,19421.35342
1380,2022,CA,USF,RADFORD ,2022-09-05,2022-11-09,9,7,1.0,1079.279,2020-2025,6402730.738,21766.99643
1381,2022,CA,CDF,RICES,2022-06-28,2022-07-13,15,1,1.0,920.9178,2020-2025,6236026.676,15716.38215
1382,2022,CA,USF,SHEEP,2022-06-12,2022-06-19,14,7,1.0,865.1371,2020-2025,5151012.949,15607.50968
1383,2022,CA,CDF,FORK,2022-09-07,2022-09-13,10,3,1.0,818.4309,2020-2025,5231771.578,19405.30326
1384,2022,CA,CDF,COLORADO,2022-01-21,2022-02-02,5,1,1.0,687.4208,2020-2025,4300944.367,19831.89901
1385,2022,CA,CCO,EDMONSTON,2022-05-19,2022-05-24,14,1,1.0,682.0379,2020-2025,4115353.555,17318.59444
1386,2022,CA,CDF,RANCHO,2022-06-13,2022-06-19,14,1,1.0,589.8671,2020-2025,4071594.289,13299.52201
1387,2022,CA,CDF,BORDER 13,2022-06-13,2022-06-17,7,7,1.0,568.2128,2020-2025,3247700.398,12881.07631
1388,2022,CA,USF,JIM,2022-03-02,2022-03-27,14,7,1.0,552.538,2020-2025,3239249.246,9079.280665
1389,2022,CA,CDF,TESLA,2022-06-23,2022-06-23,10,1,1.0,551.7821,2020-2025,3567673.48,9866.887445
1390,2022,CA,CCO,PLANT,2022-06-11,2022-06-14,14,1,1.0,484.856,2020-2025,2923932.063,11022.40439
1391,2022,CA,NPS,ELK TRAIL,2022-05-26,2022-05-31,7,1,1.0,414.1108,2020-2025,2448922.379,13620.16714
1392,2022,CA,CDF,AGUA,2022-07-18,2022-07-23,10,2,1.0,396.7744,2020-2025,2554645.453,15351.48625
1393,2022,CA,CDF,CAMINO,2022-06-28,2022-07-04,9,1,1.0,386.9821,2020-2025,2347357.547,12143.27696
1394,2022,CA,CDF,OLD,2022-05-31,2022-06-03,14,1,1.0,375.9125,2020-2025,2479537.953,9589.115079
1395,2022,CA,CDF,NELSON,2022-06-30,2022-06-30,14,1,1.0,371.4677,2020-2025,2530611.766,11361.9184
1396,2022,CA,CDF,ROMERO,2022-06-23,2022-06-24,14,1,1.0,344.1595,2020-2025,2192217.844,10630.91059
1397,2022,CA,USF,WISHON,2022-08-15,2022-08-29,14,3,1.0,317.8171,2020-2025,1977380.824,8514.472925
1398,2022,CA,CDF,BURROWS,2022-06-28,2022-06-29,18,2,1.0,309.4793,2020-2025,2120494.129,7454.125266
1399,2022,CA,CDF,PETER,2022-07-14,2022-07-20,15,1,1.0,303.67,2020-2025,2124521.297,10686.44023
1400,2022,CA,CDF,COYOTE,2022-09-07,2022-09-08,1,8,1.0,296.9517,2020-2025,2166330.891,7277.62161
1401,2022,CA,FWS,BECKWITH,2022-06-27,2022-07-02,14,4,1.0,274.1842,2020-2025,1775047.117,9225.810952
1402,2022,CA,BLM,MESA,2022-07-30,2022-07-31,14,7,1.0,222.0774,2020-2025,1361562.578,7592.535275
1403,2022,CA,CCO,RAIL,2022-08-14,2022-08-17,14,1,1.0,216.2137,2020-2025,1316079.09,7150.05377
1404,2022,CA,CCO,COASTAL,2022-05-05,2022-05-17,11,1,1.0,202.0908,2020-2025,1179813.867,9001.515234
1405,2022,CA,USF,VALLEY,2022-08-22,2022-09-10,14,7,1.0,188.4808,2020-2025,1084171.211,7241.365293
1406,2022,CA,FWS,CA-WSF-22000274 GRAYSON,2022-04-10,2022-04-10,4,4,1.0,182.0349,2020-2025,1174468.09,7407.263058
1407,2022,CA,CDF,CASNER,2022-09-27,2022-09-29,2,3,1.0,178.2691,2020-2025,1030379.66,5348.079756
1408,2022,CA,USF,GRAHAM,2022-06-10,2022-06-17,14,7,1.0,177.4989,2020-2025,1227295.227,10425.40437
1409,2022,CA,CDF,FLYNN,2022-07-19,2022-07-19,10,1,1.0,173.7565,2020-2025,1125771.41,5923.650081
1410,2022,CA,CDF,PORTER,2022-07-09,2022-07-12,2,1,1.0,166.603,2020-2025,1118576.891,6024.870103
1411,2022,CA,CDF,FORWARD,2022-09-09,2022-09-22,10,3,1.0,159.9855,2020-2025,1118952.523,6372.68329
1412,2022,CA,CDF,HOUSE,2022-05-11,2022-05-15,2,1,1.0,159.2148,2020-2025,1011659.813,6335.680786
1413,2022,CA,CCO,EMERALD,2022-02-10,2022-02-19,14,1,1.0,154.6207,2020-2025,903499.582,6738.435667
1414,2022,CA,USF,ALEX,2022-07-31,2022-08-03,14,3,1.0,150.4035,2020-2025,1100802.367,6500.414625
1415,2022,CA,USF,EAST,2022-08-25,2022-09-11,14,3,1.0,147.6624,2020-2025,876444.6484,5256.763708
1416,2022,CA,CDF,GARRISON,2022-07-03,2022-07-05,11,2,1.0,147.4871,2020-2025,909506.6797,7024.205124
1417,2022,CA,LRA,UNION,2022-06-25,2022-06-29,5,6,1.0,144.8669,2020-2025,854548.582,5107.016653
1418,2022,CA,CDF,TULARE,2022-07-25,2022-07-25,10,4,1.0,134.4698,2020-2025,929037.6367,5645.738468
1419,2022,CA,CDF,POWER,2022-09-06,2022-09-06,10,1,1.0,133.7536,2020-2025,853166.168,3885.721859
1420,2022,CA,CDF,FLYNN,2022-05-15,2022-05-15,14,1,1.0,131.9128,2020-2025,854787.0156,7418.304907
1421,2022,CA,CDF,DONICA,2022-07-16,2022-07-18,10,1,1.0,129.1635,2020-2025,927202.0742,8290.924669
1422,2022,CA,CDF,MARMOT,2022-08-02,2022-08-08,14,3,1.0,126.6029,2020-2025,791809.6055,4416.464162
1423,2022,CA,CCO,SAM,2022-08-10,2022-08-11,14,7,1.0,125.3294,2020-2025,753342.0352,6504.561262
1424,2022,CA,CDF,HOLLISTER,2022-03-12,2022-03-17,7,1,1.0,123.7686,2020-2025,739058.9102,6803.878409
1425,2022,CA,CDF,WALKER,2022-09-01,2022-09-16,10,4,1.0,123.3361,2020-2025,836150.6836,6584.836915
1426,2022,CA,CDF,SCENIC,2022-06-23,2022-06-23,10,1,1.0,120.4983,2020-2025,787655.0273,5501.801024
1427,2022,CA,CDF,GULCH,2022-03-12,2022-03-14,14,5,1.0,113.4316,2020-2025,828753.0586,5989.006526
1428,2022,CA,USF,GULCH,2022-08-29,2022-09-11,14,7,1.0,113.4179,2020-2025,672409.1328,6612.418107
1429,2022,CA,CCO,REDWOOD,2022-06-27,2022-06-27,10,1,1.0,106.1611,2020-2025,696131.4766,6834.61901
1430,2022,CA,CDF,ANZAR,2022-07-21,2022-07-27,11,7,1.0,101.0951,2020-2025,640836.1172,13104.56593
1431,2022,CA,FWS,RIVER,2022-10-25,2022-10-25,4,7,1.0,98.25912,2020-2025,634321.2656,6145.23828
1432,2022,CA,CDF,BORDER 27,2022-07-17,2022-07-18,14,7,1.0,98.14726,2020-2025,561288.5234,5446.467188
1433,2022,CA,CDF,HESPERIA,2022-06-06,2022-06-09,2,3,1.0,96.88597,2020-2025,576094.7461,3879.872197
1434,2022,CA,CCO,RANGE,2022-06-03,2022-06-03,14,1,1.0,93.07888,2020-2025,565339.0234,2945.454839
1435,2022,CA,CDF,HIGHLAND,2022-05-23,2022-05-23,9,1,1.0,91.53281,2020-2025,593837.0391,3718.124846
1436,2022,CA,CDF,BENITO,2022-09-14,2022-09-15,14,7,1.0,89.9549,2020-2025,570010.4414,3390.522823
1437,2022,CA,USF,BRONCO,2022-08-17,2022-08-22,9,7,1.0,89.57446,2020-2025,531916.1836,3281.964947
1438,2022,CA,CDF,FLANAGAN,2022-03-04,2022-03-04,5,1,1.0,88.68606,2020-2025,624491.6016,3514.156231
1439,2022,CA,CDF,KIRKER,2022-06-24,2022-06-24,10,1,1.0,84.79446,2020-2025,553173.5078,5517.331407
1440,2022,CA,USF,KELSEY,2022-07-31,2022-08-24,14,7,1.0,84.64411,2020-2025,613775.1445,6689.77218
1441,2022,CA,CDF,WINDING,2022-07-18,2022-07-29,11,1,1.0,81.7844,2020-2025,553723.7578,5069.476112
1442,2022,CA,LRA,KING,2022-05-25,2022-05-26,7,7,1.0,79.60818,2020-2025,495721.832,6666.30071
1443,2022,CA,USF,HOWARD 2,2022-10-08,2022-10-10,9,2,1.0,74.61489,2020-2025,446285.1367,3865.438638
1444,2022,CA,CDF,GRANT,2022-07-14,2022-07-14,7,1,1.0,73.11472,2020-2025,484595.4922,3724.181695
1445,2022,CA,CDF,BRANDIE,2022-06-11,2022-06-19,2,1,1.0,71.87849,2020-2025,486724.832,3673.674678
1446,2022,CA,BLM,R-1 PIT,2022-07-31,2022-08-01,1,1,1.0,67.82058,2020-2025,473943.6016,3100.414133
1447,2022,CA,CDF,RAINBOW,2022-07-16,2022-07-23,7,1,1.0,66.32885,2020-2025,458162.7227,4725.083161
1448,2022,CA,CDF,NINETY-NINE,2022-06-22,2022-06-22,14,1,1.0,65.67123,2020-2025,445400.7617,4658.834524
1449,2022,CA,CDF,PASS,2022-05-18,2022-05-18,10,1,1.0,65.37904,2020-2025,423776.0195,3956.833327
1450,2022,CA,CDF,SLATE 2,2022-07-21,2022-07-21,6,1,1.0,63.70885,2020-2025,415112.9766,3527.718199
1451,2022,CA,CDF,ROBLAR,2022-06-27,2022-06-27,2,1,1.0,63.26585,2020-2025,416540.9336,2972.318543
1452,2022,CA,CDF,MEAMBER,2022-07-31,2022-08-01,1,1,1.0,62.63028,2020-2025,454616.75,4135.152694
1453,2022,CA,CCO,RANCH,2022-09-04,2022-09-05,14,1,1.0,62.03226,2020-2025,374423.9883,3613.005407
1454,2022,CA,CCO,QUAIL,2022-08-17,2022-08-18,14,7,1.0,60.45229,2020-2025,360946.043,4126.222301
1455,2022,CA,CDF,NELSON,2022-10-05,2022-10-05,2,1,1.0,60.11403,2020-2025,409988.5234,2653.027106
1456,2022,CA,FWS,POINT,2022-07-27,2022-07-27,10,4,1.0,58.67502,2020-2025,384496.4297,3468.328584
1457,2022,CA,CDF,EDEN,2022-08-15,2022-08-15,10,2,1.0,58.31763,2020-2025,377637.9453,4374.40493
1458,2022,CA,CDF,WINEMAN,2022-06-19,2022-06-19,7,1,1.0,56.78185,2020-2025,343231.582,3863.333754
1459,2022,CA,CDF,PARK,2022-07-09,2022-07-09,14,1,1.0,56.33854,2020-2025,382113.2891,3266.07796
1460,2022,CA,CDF,SHERIDAN,2022-06-24,2022-06-25,10,1,1.0,55.71469,2020-2025,373586.8047,4665.131684
1461,2022,CA,CDF,PEBBLE,2022-07-31,2022-08-03,15,1,1.0,54.41259,2020-2025,342989.6445,3417.401053
1462,2022,CA,CDF,TABLE,2022-07-01,2022-07-04,14,1,1.0,51.97977,2020-2025,330505.6836,4906.942873
1463,2022,CA,CDF,BULL,2022-05-24,2022-05-25,2,1,1.0,50.92991,2020-2025,307818.2461,2364.374839
1464,2022,CA,CCO,COMANCHE,2022-04-27,2022-04-27,14,1,1.0,50.66179,2020-2025,307306.0078,3433.747887
1465,2022,CA,CDF,CANYON,2022-06-23,2022-06-23,9,2,1.0,50.373,2020-2025,325599.0,2557.140821
1466,2022,CA,CDF,FRANKLIN,2022-09-05,2022-09-05,10,1,1.0,50.12971,2020-2025,327300.6328,4258.303123
1467,2022,CA,CDF,OWL,2022-08-20,2022-08-31,10,1,1.0,49.95041,2020-2025,337873.4922,2685.552882
1468,2022,CA,CDF,EAGLE,2022-06-06,2022-06-06,14,1,1.0,49.81456,2020-2025,306423.2656,2713.005924
1469,2022,CA,CDF,PLEASANT,2022-10-23,2022-10-24,10,3,1.0,49.56956,2020-2025,318312.8359,2329.832843
1470,2022,CA,CDF,BARRETT 4,2022-06-12,2022-06-16,7,1,1.0,49.2244,2020-2025,281441.6641,4428.45636
1471,2022,CA,USF,BOUQUET,2022-05-30,2022-06-05,14,7,1.0,48.40139,2020-2025,289601.8867,3688.368817
1472,2022,CA,USF,MCGINTY,2022-08-04,2022-08-07,1,7,1.0,48.1479,2020-2025,351251.4805,2750.559663
1473,2022,CA,CDF,CAESAR,2022-09-05,2022-09-05,10,1,1.0,47.70462,2020-2025,275637.6563,3112.514598
1474,2022,CA,CDF,BETABEL ,2022-06-14,2022-06-14,10,1,1.0,47.00494,2020-2025,298057.3555,3441.46735
1475,2022,CA,CDF,STILL,2022-08-27,2022-09-03,2,1,1.0,43.21048,2020-2025,290414.6602,2743.556996
1476,2022,CA,CDF,BELL,2022-07-17,2022-07-19,2,1,1.0,42.91696,2020-2025,295281.668,2944.754508
1477,2022,CA,CDF,WATT,2022-10-15,2022-10-21,11,1,1.0,42.42685,2020-2025,282640.8086,2502.249925
1478,2022,CA,CDF,APPLE,2022-07-27,2022-08-02,11,7,1.0,41.09785,2020-2025,278075.3555,2694.361499
1479,2022,CA,CDF,BARRY,2022-09-06,2022-09-06,9,1,1.0,40.30602,2020-2025,263157.0547,2493.864244
1480,2022,CA,CDF,BLOOMFIELD,2022-03-02,2022-03-02,18,2,1.0,39.55224,2020-2025,268347.4883,2844.621783
1481,2022,CA,CDF,PASS,2022-07-29,2022-07-29,14,1,1.0,38.44807,2020-2025,249253.9688,3222.695362
1482,2022,CA,CDF,AIRPORT,2022-07-30,2022-07-30,14,1,1.0,38.26443,2020-2025,256147.1289,2141.957256
1483,2022,CA,CDF,BIANCHI,2022-06-10,2022-06-10,2,1,1.0,38.15456,2020-2025,238912.1406,2354.748348
1484,2022,CA,CDF,RIOSA,2022-07-17,2022-07-17,3,1,1.0,37.56129,2020-2025,251954.5781,2741.030402
1485,2022,CA,CDF,LOPER,2022-05-15,2022-05-16,14,1,1.0,36.92672,2020-2025,234613.7344,3184.065032
1486,2022,CA,USF,WILLOW,2022-08-04,2022-08-07,1,1,1.0,35.42039,2020-2025,258266.1836,2371.880022
1487,2022,CA,CDF,SANDRA,2022-06-30,2022-06-30,2,1,1.0,34.40428,2020-2025,234031.7852,2578.061874
1488,2022,CA,CDF,OWENS,2022-05-20,2022-05-20,9,1,1.0,34.01559,2020-2025,227421.6797,2672.050103
1489,2022,CA,CDF,BRANSTETTER,2022-08-31,2022-08-31,4,3,1.0,33.77932,2020-2025,236878.1211,2275.391586
1490,2022,CA,USF,SMOKEY,2022-08-04,2022-08-09,14,6,1.0,33.67451,2020-2025,246744.8672,2102.001066
1491,2022,CA,CDF,NELSON,2022-09-10,2022-09-10,14,1,1.0,33.07443,2020-2025,225256.7969,2644.58777
1492,2022,CA,CCO,KERTO,2022-06-10,2022-06-11,14,1,1.0,31.69387,2020-2025,191845.5,2258.589367
1493,2022,CA,USF,NAVAJO,2022-05-08,2022-05-18,9,6,1.0,31.54411,2020-2025,192452.0156,2313.230186
1494,2022,CA,USF,BARNEY,2022-03-11,2022-04-14,9,6,1.0,31.46449,2020-2025,222635.1836,2544.922115
1495,2022,CA,CDF,SHACKLEFORD,2022-07-30,2022-07-31,1,3,1.0,30.94669,2020-2025,223937.0352,2285.868757
1496,2022,CA,CDF,JAN-DAR,2022-07-04,2022-07-04,14,1,1.0,30.50697,2020-2025,207210.3867,2297.12397
1497,2022,CA,CDF,BAYBERRY,2022-07-08,2022-07-18,7,1,1.0,30.11021,2020-2025,203762.5938,1938.865707
1498,2022,CA,BLM,ALPAUGH 2,2022-05-12,2022-05-13,14,7,1.0,30.102,2020-2025,185926.8125,1953.969122
1499,2022,CA,CDF,97,2022-09-27,2022-09-29,14,5,1.0,30.08391,2020-2025,217193.1367,3259.880984
1500,2022,CA,CDF,DENIZ,2022-05-24,2022-05-24,14,1,1.0,29.84678,2020-2025,202389.0859,2631.420753
1501,2022,CA,USF,CASUSE ,2022-07-03,2022-07-04,14,7,1.0,29.26842,2020-2025,213615.5508,2567.564562
1502,2022,CA,CDF,SANDIA,2022-09-04,2022-09-05,10,7,1.0,29.23103,2020-2025,170310.2813,2267.32641
1503,2022,CA,CDF,JEWEL,2022-05-14,2022-05-15,2,6,1.0,29.14392,2020-2025,166683.2969,1567.189145
1504,2022,CA,CDF,NELDA,2022-06-06,2022-06-06,14,1,1.0,28.99773,2020-2025,190812.3828,2156.19923
1505,2022,CA,CDF,BORDER 15,2022-06-20,2022-06-21,14,6,1.0,28.94558,2020-2025,165392.6836,2603.147485
1506,2022,CA,NPS,AVALANCHE,2022-07-18,2022-11-10,1,7,2.0,28.92503,2020-2025,182801.7852,1769.039533
1507,2022,CA,CDF,TOWER,2022-06-03,2022-06-03,7,1,1.0,28.68488,2020-2025,185603.0039,2034.754555
1508,2022,CA,CDF,WILLOW,2022-05-20,2022-05-20,2,1,1.0,28.56241,2020-2025,186536.043,2205.787831
1509,2022,CA,CDF,MCCOVEY,2022-08-29,2022-09-04,14,2,1.0,28.42003,2020-2025,204958.1563,2548.34874
1510,2022,CA,CDF,GARDEN BAR,2022-09-17,2022-09-19,7,1,1.0,28.27837,2020-2025,189716.8047,2141.875731
1511,2022,CA,CDF,HIGHWAY,2022-07-29,2022-07-31,7,2,1.0,28.10259,2020-2025,167094.9336,3772.209162
1512,2022,CA,CDF,VALE,2022-10-08,2022-10-08,2,1,1.0,27.99138,2020-2025,190517.1914,1766.291239
1513,2022,CA,FWS,SANDY,2022-09-09,2022-09-09,10,1,1.0,27.54214,2020-2025,175909.3086,4353.809851
1514,2022,CA,USF,MANZANITA,2022-09-23,2022-09-30,9,6,1.0,26.86633,2020-2025,159238.7188,2297.421281
1515,2022,CA,CDF,HARBISON 2,2022-07-12,2022-07-13,2,1,1.0,26.85744,2020-2025,154247.9844,2151.52291
1516,2022,CA,CDF,DUTCH,2022-09-13,2022-09-19,14,1,1.0,26.78517,2020-2025,180704.625,3557.205389
1517,2022,CA,CDF,LATROBE,2022-05-31,2022-05-31,2,1,1.0,26.74845,2020-2025,177734.0313,1948.665299
1518,2022,CA,USF,CACTUS ,2022-04-30,2022-05-08,9,6,1.0,26.48567,2020-2025,157403.8242,3050.365265
1519,2022,CA,CDF,RANCH,2022-08-29,2022-09-04,14,2,1.0,26.31805,2020-2025,189830.9336,2197.942426
1520,2022,CA,NPS,ASPEN,2022-09-04,2022-09-30,7,3,1.0,25.89259,2020-2025,168280.9219,2220.347686
1521,2022,CA,CDF,HAUSER,2022-09-17,2022-09-18,14,7,1.0,25.70823,2020-2025,147205.8867,2607.343855
1522,2022,CA,LRA,SYCAMORE,2022-07-22,2022-07-22,14,1,1.0,25.54512,2020-2025,155157.9414,2166.465262
1523,2022,CA,CDF,TEFT,2022-07-15,2022-07-17,10,1,1.0,25.53244,2020-2025,154433.9414,3046.942065
1524,2022,CA,CDF,BORDER 16,2022-06-21,2022-06-22,7,7,1.0,25.22921,2020-2025,144154.8281,3275.603419
1525,2022,CA,FWS,WOLFSEN,2022-07-08,2022-07-08,10,4,1.0,25.11741,2020-2025,160568.8867,2880.666589
1526,2022,CA,BIA,ALL AMERICAN,2022-07-05,2022-07-09,14,7,1.0,25.00471,2020-2025,143667.2344,5321.6111
1527,2022,CA,CDF,SLOUGH,2022-07-21,2022-07-21,14,1,1.0,24.96124,2020-2025,180436.1563,2136.415283
1528,2022,CA,NPS,SNOW,2022-06-17,2022-07-02,4,7,1.0,24.0517,2020-2025,156038.6953,4109.080735
1529,2022,CA,CDF,OAK,2022-08-15,2022-09-15,10,1,1.0,24.02003,2020-2025,161420.1563,2745.587313
1530,2022,CA,CDF,WOODS,2022-09-01,2022-09-03,14,1,1.0,22.1701,2020-2025,144602.8711,2503.238192
1531,2022,CA,BLM,MORGAN,2022-07-12,2022-07-12,14,7,1.0,22.02058,2020-2025,154059.0391,3028.679938
1532,2022,CA,CDF,SPENCEVILLE,2022-07-27,2022-07-31,9,1,1.0,21.81922,2020-2025,146961.2734,1658.177958
1533,2022,CA,CCO,TULE,2022-07-06,2022-07-06,14,1,1.0,21.6859,2020-2025,133192.9883,1691.654364
1534,2022,CA,CCO,JACK,2022-06-23,2022-06-25,1,1,1.0,21.38803,2020-2025,131757.5117,1703.882893
1535,2022,CA,CDF,SYLVANDALE,2022-10-20,2022-10-20,14,1,1.0,21.17796,2020-2025,146996.1719,2062.324927
1536,2022,CA,FWS,SIXTY,2022-07-30,2022-07-30,18,1,1.0,21.09291,2020-2025,143312.8516,2580.42886
1537,2022,CA,CDF,POWER,2022-10-23,2022-10-26,11,1,1.0,21.0131,2020-2025,138458.4414,2004.585246
1538,2022,CA,CDF,COBBLE,2022-04-26,2022-04-26,2,1,1.0,20.61224,2020-2025,130226.6445,1485.340971
1539,2022,CA,CDF,EDGEWOOD,2022-06-21,2022-06-22,11,1,1.0,20.54839,2020-2025,132200.9922,2399.998391
1540,2022,CA,USF,GOLDEN,2022-05-20,2022-05-31,9,6,1.0,19.4423,2020-2025,132051.1719,3044.250059
1541,2022,CA,CCO,GRAPE,2022-06-10,2022-06-11,14,1,1.0,19.35185,2020-2025,116664.0273,1993.370104
1542,2022,CA,USF,ELIZA,2022-09-09,2022-09-16,14,6,1.0,19.21475,2020-2025,139965.5,2655.263486
1543,2022,CA,CDF,CAMINO,2022-08-03,2022-08-03,14,1,1.0,19.18303,2020-2025,124655.8633,2921.786172
1544,2022,CA,CDF,MIRABELLE,2022-06-27,2022-06-28,15,1,1.0,18.67016,2020-2025,124351.707,1571.063239
1545,2022,CA,CDF,LONESTAR,2022-07-13,2022-07-13,14,6,1.0,18.62858,2020-2025,106465.8711,1370.495512
1546,2022,CA,CDF,ALPINE,2022-03-01,2022-03-01,7,1,1.0,18.43938,2020-2025,121889.8281,1543.84472
1547,2022,CA,CDF,EVITA,2022-05-18,2022-05-18,14,1,1.0,17.2802,2020-2025,117280.0078,1511.598992
1548,2022,CA,CDF,CANYON,2022-06-17,2022-06-17,7,5,1.0,17.27645,2020-2025,104430.3242,1692.943052
1549,2022,CA,CDF,CANYON,2022-09-04,2022-09-05,14,1,1.0,17.09855,2020-2025,118595.9805,1704.679967
1550,2022,CA,CDF,NISEMAN,2022-06-18,2022-06-21,2,1,1.0,17.06631,2020-2025,114730.8164,1556.536947
1551,2022,CA,CDF,BORDER 19,2022-06-24,2022-06-26,7,7,1.0,16.96958,2020-2025,97005.76563,1737.714248
1552,2022,CA,CDF,PINECREST,2022-06-23,2022-06-23,2,1,1.0,16.90405,2020-2025,114914.6133,1387.755933
1553,2022,CA,CDF,COAL,2022-08-07,2022-08-07,7,1,1.0,16.74895,2020-2025,110123.5234,1747.652861
1554,2022,CA,CDF,NOME,2022-07-05,2022-07-05,9,1,1.0,16.68011,2020-2025,114579.2891,2118.489174
1555,2022,CA,CDF,MEADOW,2022-07-19,2022-07-19,2,1,1.0,16.55005,2020-2025,111257.6406,2095.723681
1556,2022,CA,CDF,LOPEZ,2022-06-06,2022-06-10,9,1,1.0,16.42301,2020-2025,99875.13281,2598.685632
1557,2022,CA,CDF,CANYON,2022-06-13,2022-06-13,9,1,1.0,16.40938,2020-2025,105358.9063,2236.602945
1558,2022,CA,CDF,ROSA,2022-09-06,2022-09-06,9,1,1.0,16.23023,2020-2025,99537.95703,1724.073387
1559,2022,CA,CDF,NADER,2022-09-17,2022-09-19,10,1,1.0,16.17019,2020-2025,108377.0859,2655.552401
1560,2022,CA,CCO,BEAR,2022-06-01,2022-06-02,10,1,1.0,15.95058,2020-2025,97034.98438,1353.277972
1561,2022,CA,CDF,BIGGS,2022-08-04,2022-08-04,2,1,1.0,15.77412,2020-2025,107102.1133,1596.770634
1562,2022,CA,USF,PAYMASTER,2022-03-08,2022-03-11,9,6,1.0,15.13918,2020-2025,101535.4102,2051.839487
1563,2022,CA,CDF,SUEY,2022-05-22,2022-05-24,2,5,1.0,15.09703,2020-2025,91316.41797,1537.392898
1564,2022,CA,CDF,PIGEON,2022-09-26,2022-09-26,9,1,1.0,14.82357,2020-2025,94697.49609,1702.789437
1565,2022,CA,CDF,BORDER 31,2022-08-19,2022-08-20,14,1,1.0,14.64988,2020-2025,83814.53125,1972.871847
1566,2022,CA,CDF,DEER,2022-07-18,2022-07-18,7,1,1.0,14.51391,2020-2025,94507.52344,1774.282656
1567,2022,CA,CDF,OREGON,2022-06-13,2022-06-13,7,6,1.0,14.32328,2020-2025,97706.05078,1653.99934
1568,2022,CA,USF,CHERRY,2022-06-13,2022-06-14,14,6,1.0,14.31055,2020-2025,85623.08984,1853.32936
1569,2022,CA,CDF,AIRLINE,2022-09-01,2022-09-01,10,6,1.0,13.90262,2020-2025,87705.44531,1637.028025
1570,2022,CA,LRA,CENTER,2022-04-26,2022-04-26,14,1,1.0,13.84711,2020-2025,84470.51563,1260.799538
1571,2022,CA,CDF,WALL,2022-11-07,2022-11-07,2,1,1.0,13.76263,2020-2025,93533.23828,1345.803841
1572,2022,CA,CCO,EDISON,2022-09-25,2022-09-25,14,1,1.0,13.66138,2020-2025,83204.01953,1234.88533
1573,2022,CA,USF,GEORGE,2022-08-11,2022-08-24,14,6,1.0,13.57013,2020-2025,98586.47266,1411.995648
1574,2022,CA,CDF,MIDWAY,2022-06-21,2022-06-21,10,1,1.0,13.50571,2020-2025,87549.99609,1587.230254
1575,2022,CA,CDF,HILL,2022-09-06,2022-09-15,5,1,1.0,13.28599,2020-2025,89465.70703,1485.886038
1576,2022,CA,CDF,HOPE,2022-06-07,2022-06-09,2,1,1.0,13.11081,2020-2025,82843.30469,1834.851603
1577,2022,CA,USF,TEXAS,2022-09-09,2022-09-10,14,6,1.0,12.91249,2020-2025,89850.25781,2061.55088
1578,2022,CA,CDF,EVERGREEN,2022-03-12,2022-03-12,14,1,1.0,12.58272,2020-2025,90709.80469,1712.72082
1579,2022,CA,CDF,BUTTERFIELD,2022-07-07,2022-07-13,14,1,1.0,12.36755,2020-2025,83773.92578,1395.457752
1580,2022,CA,CDF,HOBBY,2022-10-06,2022-10-06,14,1,1.0,12.32455,2020-2025,86329.50781,1422.433799
1581,2022,CA,USF,PLUM,2022-08-11,2022-08-22,9,6,1.0,12.28059,2020-2025,83405.36328,3387.932558
1582,2022,CA,CDF,BRUNS,2022-05-24,2022-05-24,2,1,1.0,12.17408,2020-2025,79041.08594,1564.277814
1583,2022,CA,CDF,ALTA,2022-08-25,2022-08-25,14,1,1.0,11.93287,2020-2025,75294.48438,1350.631329
1584,2022,CA,CDF,RUN,2022-10-29,2022-11-02,2,1,1.0,11.89783,2020-2025,80003.92188,1165.612043
1585,2022,CA,USF,BIG BAR,2022-10-12,2022-10-23,14,7,1.0,11.87628,2020-2025,85110.08203,1256.732685
1586,2022,CA,CDF,FAIRVIEW,2022-07-08,2022-07-10,11,1,1.0,11.73994,2020-2025,75324.45703,1483.489468
1587,2022,CA,CDF,3-8 DIXON,2022-08-08,2022-08-09,1,1,1.0,11.36938,2020-2025,80933.24609,2120.065317
1588,2022,CA,BLM,DUNE,2022-06-16,2022-06-18,7,1,1.0,11.36639,2020-2025,80480.14453,1470.535443
1589,2022,CA,USF,WAGON TRAIN,2022-05-22,2022-05-26,9,6,1.0,10.86248,2020-2025,64487.75,1724.500285
1590,2022,CA,LRA,LOBO,2022-09-24,2022-09-25,14,7,1.0,10.79503,2020-2025,63953.00781,1397.116264
1591,2022,CA,BLM,VIEWLAND,2022-07-22,2022-07-22,14,6,1.0,10.53279,2020-2025,73518.67578,1251.126859
1592,2022,CA,CDF,RIDGE,2022-06-25,2022-07-08,14,1,1.0,10.26019,2020-2025,73656.26953,2147.685816
1593,2022,CA,USF,SIERRA,2022-06-15,2022-06-16,14,7,1.0,10.23126,2020-2025,61185.80859,2138.478424
1594,2022,CA,USF,CASTILE,2022-05-10,2022-05-11,9,6,1.0,9.858478,2020-2025,57912.73047,984.837124
1595,2022,CA,CDF,RAIL,2022-05-08,2022-05-08,9,1,1.0,9.837949,2020-2025,66774.43359,1418.314799
1596,2022,CA,CDF,BEAR,2022-07-28,2022-07-30,2,1,1.0,9.674923,2020-2025,65133.41797,1078.816258
1597,2022,CA,CDF,CANFIELD,2022-06-23,2022-06-23,14,1,1.0,9.554518,2020-2025,65135.02734,1850.448485
1598,2022,CA,CDF,WHITLOW,2022-03-25,2022-03-26,14,1,1.0,9.162147,2020-2025,65715.125,1461.037441
1599,2022,CA,FWS,WILLOW 9,2022-11-16,2022-11-17,15,4,1.0,8.228877,2020-2025,47217.61719,1167.502216
1600,2022,CA,CCO,RIVER,2022-06-17,2022-06-17,14,1,1.0,8.022064,2020-2025,49004.49609,1305.62794
1601,2022,CA,CDF,BORDER 21,2022-07-03,2022-07-03,14,8,1.0,8.020247,2020-2025,45829.23438,1325.69853
1602,2022,CA,CCO,HUGHES,2022-08-06,2022-08-06,10,7,1.0,7.944128,2020-2025,47749.11328,1204.863
1603,2022,CA,CCO,BEALE,2022-06-30,2022-07-01,14,1,1.0,7.937709,2020-2025,48292.50781,1779.420716
1604,2022,CA,CDF,PROVENZA,2022-11-13,2022-11-16,5,1,1.0,7.863962,2020-2025,52880.96484,1597.367798
1605,2022,CA,LRA,BARREL,2022-06-29,2022-06-30,9,7,1.0,7.608925,2020-2025,45513.29688,1584.632985
1606,2022,CA,CDF,BORDER 22,2022-07-08,2022-07-08,7,6,1.0,7.280743,2020-2025,41599.21875,910.0635081
1607,2022,CA,CCO,CURVE,2022-08-03,2022-08-03,14,1,1.0,7.132461,2020-2025,42955.50391,1085.237395
1608,2022,CA,CDF,SPLAWN,2022-10-19,2022-10-19,14,1,1.0,7.118451,2020-2025,50963.95313,1493.932312
1609,2022,CA,LRA,ROW,2022-07-05,2022-07-05,14,1,1.0,7.051614,2020-2025,42568.5,920.421077
1610,2022,CA,CCO,PYRAMID,2022-10-21,2022-10-22,10,7,1.0,6.758175,2020-2025,40658.81641,946.0952249
1611,2022,CA,CCO,SCRAPER,2022-09-15,2022-09-15,14,1,1.0,6.637007,2020-2025,40419.00781,1034.749698
1612,2022,CA,CDF,HURLETON,2022-08-09,2022-08-09,14,1,1.0,6.635188,2020-2025,45155.35938,888.2592531
1613,2022,CA,CDF,WINDWOOD,2022-07-29,2022-07-29,10,5,1.0,6.372824,2020-2025,39090.92969,1166.868096
1614,2022,CA,CCO,JUMPER,2022-05-28,2022-05-28,14,1,1.0,5.989886,2020-2025,36669.01953,1028.42022
1615,2022,CA,CDF,NELSON,2022-07-18,2022-07-18,14,1,1.0,5.888545,2020-2025,40099.00391,1114.945675
1616,2022,CA,CCO,LYNN,2022-11-17,2022-11-17,14,1,1.0,5.761822,2020-2025,34135.40625,955.7682741
1617,2022,CA,CCO,OAKS,2022-06-29,2022-06-29,14,1,1.0,5.585199,2020-2025,33977.97266,1084.908295
1618,2022,CA,CDF,SCARFACE,2022-06-10,2022-06-12,14,1,1.0,5.558662,2020-2025,40220.82422,920.6107556
1619,2022,CA,CDF,AGUAJITO,2022-10-02,2022-10-03,11,1,1.0,5.257333,2020-2025,33052.73047,828.9815009
1620,2022,CA,CCO,PASS,2022-07-28,2022-07-28,14,1,1.0,5.047825,2020-2025,31070.50781,880.8560323
1621,2022,CA,LRA,RIDGE,2022-08-18,2022-08-19,14,7,1.0,4.834825,2020-2025,28648.24219,978.5689546
1622,2022,CA,CDF,BORDER 10,2022-05-15,2022-05-15,4,7,1.0,4.806643,2020-2025,27462.24609,1474.037981
1623,2022,CA,CCO,WATER,2022-05-26,2022-05-26,14,1,1.0,4.557865,2020-2025,27499.99219,987.8220305
1624,2022,CA,CDF,BORDER 26,2022-07-17,2022-07-17,7,6,1.0,4.541373,2020-2025,25957.83594,630.5893122
1625,2022,CA,CCO,PURPLE,2022-08-04,2022-08-04,14,1,1.0,4.185538,2020-2025,25437.5,801.3146622
1626,2022,CA,CDF,MESA 4,2022-05-07,2022-05-07,9,6,1.0,4.030843,2020-2025,23044.79297,646.8986993
1627,2022,CA,CCO,SYCAMORE,2022-02-10,2022-02-11,14,7,1.0,3.735543,2020-2025,22052.17578,1130.499813
1628,2022,CA,BLM,CHIMNEY,2022-10-09,2022-10-10,14,6,1.0,3.574984,2020-2025,22043.13672,1157.030173
1629,2022,CA,CCO,FREEWAY,2022-05-19,2022-05-19,14,1,1.0,3.372502,2020-2025,20482.48047,1018.596356
1630,2022,CA,CDF,TOPAZ,2022-06-10,2022-06-10,9,1,1.0,3.162654,2020-2025,19293.35938,595.1203155
1631,2022,CA,CDF,EMPIRE,2022-08-01,2022-08-02,1,1,1.0,3.141882,2020-2025,22970.37109,1020.957452
1632,2022,CA,CCO,SAND,2022-06-08,2022-06-09,14,1,1.0,2.995723,2020-2025,18155.00391,992.6069889
1633,2022,CA,CDF,BORDER 18,2022-06-24,2022-06-24,14,6,1.0,2.849159,2020-2025,16279.89453,506.4720021
1634,2022,CA,BLM,R-3 VINCENT,2022-09-14,2022-09-14,1,7,1.0,2.810175,2020-2025,19788.16797,811.3105607
1635,2022,CA,CDF,ROBERT,2022-07-09,2022-07-09,14,1,1.0,2.653836,2020-2025,15561.51953,681.3971547
1636,2022,CA,CCO,CANYON,2022-04-06,2022-04-06,9,7,1.0,2.593182,2020-2025,15407.35547,645.2177964
1637,2022,CA,CCO,LOST HILLS,2022-07-05,2022-07-05,2,1,1.0,2.507146,2020-2025,15405.99219,617.2891281
1638,2022,CA,LRA,CUT OFF,2022-07-10,2022-07-10,14,7,1.0,2.501228,2020-2025,14755.64453,901.8165976
1639,2022,CA,CCO,BEAR,2022-04-17,2022-04-18,10,1,1.0,2.163002,2020-2025,13145.99219,527.4618021
1640,2022,CA,CCO,OAKWILDE,2022-10-01,2022-10-02,10,7,1.0,2.106468,2020-2025,12509.70703,621.9348473
1641,2022,CA,CCO,TIERRA,2022-08-17,2022-08-17,14,7,1.0,2.101613,2020-2025,12569.51172,718.012932
1642,2022,CA,CCO,GENERAL,2022-06-25,2022-06-26,14,1,1.0,1.991478,2020-2025,12130.51563,680.2338861
1643,2022,CA,CCO,VINE,2022-07-15,2022-07-15,14,1,1.0,1.986299,2020-2025,11984.00391,676.486562
1644,2022,CA,CDF,ESTRELLA,2022-03-23,2022-03-23,11,6,1.0,1.968684,2020-2025,12101.24219,534.18598
1645,2022,CA,CDF,WILDERNESS,2022-03-07,2022-03-07,5,1,1.0,1.894144,2020-2025,13736.82031,735.2945271
1646,2022,CA,LRA,ROBERTS,2022-04-12,2022-04-12,14,1,1.0,1.882066,2020-2025,11492.51172,481.5467739
1647,2022,CA,CCO,MUNZ,2022-09-13,2022-09-14,14,7,1.0,1.847821,2020-2025,11081.22656,461.6190761
1648,2022,CA,CCO,ANA,2022-08-25,2022-08-25,14,3,1.0,1.841502,2020-2025,10971.17188,475.3209456
1649,2022,CA,FWS,FURY,2022-09-08,2022-09-08,14,1,1.0,1.715104,2020-2025,9838.046875,573.3598286
1650,2022,CA,LRA,KING,2022-08-17,2022-08-17,14,1,1.0,1.569355,2020-2025,9534.0,488.248291
1651,2022,CA,CCO,HART,2022-06-24,2022-06-24,14,1,1.0,1.566871,2020-2025,9528.488281,570.6425029
1652,2022,CA,LRA,CHAMBERS,2022-03-16,2022-03-17,14,1,1.0,1.547286,2020-2025,9217.691406,537.6913468
1653,2022,CA,CCO,FORT,2022-07-16,2022-07-16,10,1,1.0,1.504349,2020-2025,9074.011719,913.8467503
1654,2022,CA,LRA,MOON,2022-08-14,2022-08-14,14,1,1.0,1.424808,2020-2025,8444.238281,452.7993093
1655,2022,CA,LRA,MARIA,2022-06-21,2022-06-21,9,5,1.0,1.397867,2020-2025,8447.972656,468.4988883
1656,2022,CA,FWS,WILLOW 8,2022-10-20,2022-10-20,14,1,1.0,1.318015,2020-2025,7560.441406,532.6159062
1657,2022,CA,CCO,CUMMINGS,2022-09-21,2022-09-21,14,1,1.0,1.312247,2020-2025,7978.988281,527.3358286
1658,2022,CA,LRA,UPLAND,2022-06-06,2022-06-06,14,1,1.0,1.288484,2020-2025,7875.011719,429.1140907
1659,2022,CA,CDF,WILSON,2022-04-28,2022-04-28,5,1,1.0,1.261111,2020-2025,7700.941406,500.5467235
1660,2022,CA,CCO,LERDO,2022-06-12,2022-06-12,14,1,1.0,1.217743,2020-2025,7453.0,541.5071379
1661,2022,CA,CDF,FELIPE,2022-04-23,2022-04-23,5,7,1.0,1.16234,2020-2025,6734.511719,475.3789135
1662,2022,CA,CCO,CHESEBORO,2022-09-07,2022-09-08,14,7,1.0,1.093091,2020-2025,6529.660156,350.4432939
1663,2022,CA,CCO,BROOME,2022-05-31,2022-05-31,10,1,1.0,1.092994,2020-2025,6639.5,550.7102949
1664,2022,CA,CDF,ESTATES,2022-07-17,2022-07-17,16,1,1.0,0.7762036,2020-2025,5163.34375,291.0611975
1665,2022,CA,FWS,FIVE,2022-03-23,2022-03-23,14,4,1.0,0.6094487,2020-2025,3484.375,288.3219042
1666,2022,CA,CDF,PRICE,2022-01-01,2022-01-01,4,6,1.0,0.06728618,2020-2025,408.3359375,80.86275159
1667,2021,CA,CDF,DIXIE,2021-07-13,2021-10-25,11,7,1.0,963405.4,2020-2025,6692866165.0,2010262.448
1668,2021,CA,USF,MONUMENT,2021-07-31,2021-11-03,1,7,1.0,223107.9,2020-2025,1574029698.0,535745.1154
1669,2021,CA,USF,CALDOR,2021-08-14,2021-11-18,14,7,1.0,221786.4,2020-2025,1476039182.0,472891.2824
1670,2021,CA,USF,RIVER COMPLEX,2021-07-31,2021-10-25,1,7,1.0,199354.1,2020-2025,1422803379.0,1615527.514
1671,2021,CA,USF,ANTELOPE,2021-08-01,2022-01-03,1,7,1.0,145631.8,2020-2025,1055549373.0,509731.6469
1672,2021,CA,USF,MCFARLAND,2021-07-30,2021-10-26,1,3,1.0,122447.7,2020-2025,852182962.6,277221.6896
1673,2021,CA,USF,SUGAR,2021-07-02,2021-10-28,14,7,1.0,105003.9,2020-2025,723650604.5,293807.5056
1674,2021,CA,BIA,WINDY,2021-09-09,2021-11-11,1,7,1.0,97528.27,2020-2025,603989861.1,326999.085
1675,2021,CA,USF,MCCASH,2021-08-01,2021-10-27,1,7,1.0,94970.47,2020-2025,687051428.0,418328.5657
1676,2021,CA,NPS,KNP COMPLEX,2021-09-09,2021-12-16,1,7,1.0,88257.13,2020-2025,554850423.5,490677.2823
1677,2021,NV,USF,TAMARACK,2021-07-04,2021-10-26,1,7,1.0,67054.51,2020-2025,446412142.5,345181.6606
1678,2021,CA,BLM,FRENCH,2021-08-18,2021-10-19,14,7,1.0,26535.06,2020-2025,163150301.6,179208.5381
1679,2021,CA,USF,LAVA,2021-06-25,2021-10-26,1,7,1.0,26328.9,2020-2025,189991722.7,159380.002
1680,2021,CA,USF,ALISAL,2021-10-11,2021-12-01,1,7,1.0,16953.24,2020-2025,101244824.7,128410.9876
1681,2021,CA,USF,SALT,2021-06-30,2021-10-26,2,4,1.0,12599.14,2020-2025,89360822.12,80335.8714
1682,2021,CA,USF,TENNANT,2021-06-28,2022-01-03,14,3,1.0,10591.03,2020-2025,76985666.88,95932.74815
1683,2021,CA,CDF,RIVER,2021-07-11,2021-07-19,14,8,1.0,9655.188,2020-2025,61910651.02,70479.31673
1684,2021,CA,USF,WALKERS,2021-08-15,2021-12-08,1,7,1.0,8778.784,2020-2025,54817879.15,83505.43853
1685,2021,CA,CDF,FAWN,2021-09-22,2021-09-29,7,3,1.0,8576.493,2020-2025,60482385.65,62296.72974
1686,2021,CA,CDF,SOUTHERN,2021-05-02,2022-05-06,2,7,1.0,5365.902,2020-2025,30944913.94,55683.48803
1687,2021,CA,USF,DEXTER,2021-07-12,2021-11-01,1,7,1.0,2967.832,2020-2025,19274317.93,31681.68153
1688,2021,CA,USF,WILLOW,2021-06-17,2021-07-12,9,7,1.0,2877.869,2020-2025,17924778.89,24069.32787
1689,2021,CA,CDF,RIVER,2021-08-04,2021-08-13,14,7,1.0,2618.794,2020-2025,17629432.46,30707.81411
1690,2021,CA,NPS,MOJAVE,2021-06-17,2021-06-25,1,1,1.0,2490.498,2020-2025,15188693.28,34761.85177
1691,2021,CA,USF,KNOB,2021-08-29,2021-10-20,14,7,1.0,2421.245,2020-2025,17169735.93,33269.49514
1692,2021,CA,NPS,TILTILL,2021-07-31,2021-08-15,1,7,2.0,2348.53,2020-2025,15328712.38,29291.62713
1693,2021,CA,BLM,PEAK,2021-07-20,2021-07-31,14,7,1.0,2096.645,2020-2025,12804983.94,27703.33446
1694,2021,CA,CCO,SHELL,2021-06-27,2021-07-02,14,1,1.0,1828.035,2020-2025,11024040.71,18696.06671
1695,2021,CA,USF,CHAPARRAL,2021-08-28,2021-09-09,9,3,1.0,1427.293,2020-2025,8326812.98,18836.24128
1696,2021,CA,BLM,OWENS,2021-05-01,2021-05-01,9,4,1.0,1390.015,2020-2025,8548232.641,30887.31857
1697,2021,CA,BIA,NETTLE ,2021-06-18,2021-07-16,14,3,1.0,1265.746,2020-2025,7843390.473,13774.53052
1698,2021,CA,LRA,PALISADES,2021-05-15,2021-05-21,14,1,1.0,1202.648,2020-2025,7115175.367,19990.11432
1699,2021,CA,USF,EAST FORK,2021-07-01,2021-07-11,1,3,1.0,1135.744,2020-2025,7571123.559,24604.14491
1700,2021,CA,CDF,SARGENT,2021-05-30,2021-05-31,5,7,1.0,1117.899,2020-2025,6927974.184,12596.68798
1701,2021,CA,DOD,SIERRA,2021-06-09,2021-06-11,14,7,1.0,968.2691,2020-2025,5627170.531,17180.72018
1702,2021,CA,CDF,INTANKO,2021-06-08,2021-06-16,14,1,1.0,938.9399,2020-2025,6318144.02,16870.9325
1703,2021,CA,NPS,LUKENS,2021-07-01,2021-08-19,1,7,2.0,918.1719,2020-2025,5970996.613,25798.69227
1704,2021,CA,USF,JUNIPER,2021-07-05,2021-07-21,1,5,1.0,882.0248,2020-2025,6432934.984,14339.86482
1705,2021,CA,CCO,TUMBLEWEED,2021-07-04,2021-07-08,14,1,1.0,856.8701,2020-2025,5150536.137,17039.12144
1706,2021,CA,LRA,REFUGE,2021-03-27,2021-03-28,5,4,1.0,856.3962,2020-2025,6268401.453,13260.1399
1707,2021,OR,BLM,WILLOW VALLEY,2021-08-12,2021-08-31,1,3,1.0,823.8505,2020-2025,6041624.453,13288.36277
1708,2021,CA,CDF,SOUTH,2021-08-25,2021-09-02,14,3,1.0,810.9695,2020-2025,4808983.957,16562.19847
1709,2021,CA,CDF,COW,2021-06-20,2021-06-26,2,3,1.0,761.1113,2020-2025,5340043.988,12304.19191
1710,2021,CA,CDF,BONITA,2021-01-15,2021-03-10,14,6,1.0,681.1813,2020-2025,3993626.059,21209.41253
1711,2021,CA,CCO,WOLF,2021-01-19,2021-01-20,14,4,1.0,674.1259,2020-2025,4074735.629,15512.5878
1712,2021,CA,CDF,AIROLA,2021-08-25,2021-08-26,14,1,1.0,644.3386,2020-2025,4213097.047,12402.37206
1713,2021,CA,USF,INYO CREEK,2021-06-19,2021-07-06,1,3,1.0,601.6085,2020-2025,3783794.531,17419.12857
1714,2021,CA,CDF,ALABAMA,2021-06-18,2021-06-21,1,1,1.0,566.5927,2020-2025,3566649.211,12433.68332
1715,2021,CA,CDF,OVERLAND,2021-06-19,2021-06-24,4,7,1.0,559.1455,2020-2025,3216346.602,9142.848991
1716,2021,CA,CCO,NORTH,2021-04-28,2021-04-30,14,1,1.0,552.1964,2020-2025,3295783.605,12210.64252
1717,2021,CA,CDF,GUNNISON,2021-05-08,2021-05-12,2,1,1.0,548.9937,2020-2025,3775210.875,10415.38178
1718,2021,CA,USF,DOTTA,2021-06-30,2021-07-22,14,8,1.0,531.91,2020-2025,3664169.332,16139.45704
1719,2021,CA,CDF,MILE,2021-05-27,2021-05-28,7,1,1.0,507.8524,2020-2025,3304328.934,10016.00295
1720,2021,CA,NPS,POND,2021-08-30,2021-09-04,1,1,1.0,490.7352,2020-2025,2985202.84,8340.726704
1721,2021,CA,USF,ROUTE,2021-09-11,2021-09-16,4,3,1.0,455.3456,2020-2025,2724727.09,11270.75345
1722,2021,CA,CCO,PINE,2021-05-12,2021-05-14,14,1,1.0,441.2523,2020-2025,2631239.492,21430.13485
1723,2021,CA,CDF,YSABEL 2,2021-07-03,2021-07-06,14,1,1.0,428.2403,2020-2025,2478876.262,6427.659896
1724,2021,CA,CDF,SUCCESS 2,2021-06-18,2021-06-21,1,1,1.0,423.5609,2020-2025,2626246.711,8313.949496
1725,2021,CA,CDF,BRIDGE,2021-09-05,2021-09-16,14,1,1.0,415.955,2020-2025,2784959.285,9337.056701
1726,2021,CA,CDF,MAIN,2021-07-03,2021-07-04,14,4,1.0,378.4724,2020-2025,2351430.652,8360.638593
1727,2021,CA,USF,ABERNATHY,2021-01-19,2021-01-26,11,7,1.0,373.5444,2020-2025,2429981.742,9041.855246
1728,2021,CA,CCO,HUNGRY,2021-07-31,2021-08-02,10,2,1.0,365.7711,2020-2025,2199828.426,8384.852128
1729,2021,CA,USF,BRADLEY,2021-07-11,2021-10-25,9,7,1.0,356.868,2020-2025,2559677.5,8052.704082
1730,2021,CA,USF,FLATS,2021-06-13,2021-06-29,9,6,1.0,342.571,2020-2025,2002828.496,10930.81875
1731,2021,CA,CDF,ROCK,2021-08-24,2021-08-27,7,1,1.0,318.4139,2020-2025,1857293.484,9089.973938
1732,2021,CA,USF,BLUE,2021-06-29,2021-07-03,14,5,1.0,291.1255,2020-2025,1851909.633,7681.800839
1733,2021,CA,CDF,MESA 3,2021-06-23,2021-06-27,14,7,1.0,277.8741,2020-2025,1615720.086,7219.430075
1734,2021,CA,CDF,CALVERT,2021-03-01,2021-03-01,18,1,1.0,257.8323,2020-2025,1638694.504,10145.66944
1735,2021,CA,LRA,HOPKINS,2021-09-12,2021-09-19,7,3,1.0,253.9064,2020-2025,1714855.902,7163.090273
1736,2021,CA,LRA,FARMINGTON,2021-06-09,2021-06-11,14,2,1.0,248.6175,2020-2025,1481024.242,9309.880253
1737,2021,CA,NPS,COUNTY LINE,2021-07-01,2021-08-15,1,7,2.0,224.9265,2020-2025,1462300.121,6674.041393
1738,2021,CA,USF,EMIGRANT,2021-09-17,2021-09-27,2,7,1.0,221.0323,2020-2025,1325705.238,6544.656414
1739,2021,CA,FWS,68,2021-08-18,2021-08-18,9,4,1.0,219.7282,2020-2025,1491105.309,11603.51435
1740,2021,CA,BLM,DESERT,2021-06-09,2021-06-17,9,7,1.0,216.6215,2020-2025,1241887.809,10830.35988
1741,2021,CA,CCO,CANYON,2021-06-26,2021-06-27,14,1,1.0,216.5297,2020-2025,1323217.207,5812.189026
1742,2021,CA,USF,SYD,2021-08-19,2021-11-09,9,3,1.0,204.8307,2020-2025,1419543.871,6601.25965
1743,2021,CA,CDF,BEALE,2021-06-13,2021-06-19,11,1,1.0,201.303,2020-2025,1356606.363,7798.924221
1744,2021,CA,CDF,TURNOUT,2021-04-18,2021-04-25,18,1,1.0,191.6513,2020-2025,1287947.625,11247.11277
1745,2021,CA,CCO,CASITAS,2021-06-14,2021-06-15,14,3,1.0,188.1755,2020-2025,1122120.184,5112.766367
1746,2021,CA,CDF,GLEN,2021-08-11,2021-08-11,10,7,1.0,184.0656,2020-2025,1249403.332,6300.941045
1747,2021,CA,CCO,TOWSLEY,2021-01-19,2021-01-22,14,1,1.0,183.8866,2020-2025,1094378.07,7867.451433
1748,2021,CA,FWS,TURKEY,2021-06-10,2021-06-11,14,1,1.0,171.3908,2020-2025,1059602.484,9241.683677
1749,2021,CA,CDF,PINNACLES,2021-07-28,2021-07-30,9,7,1.0,170.7329,2020-2025,1070524.309,7063.94467
1750,2021,CA,CDF,BUTANO,2021-01-19,2021-01-21,1,7,1.0,169.8688,2020-2025,1086456.98,5329.488831
1751,2021,CA,USF,GRAVEL,2021-10-15,2021-10-17,9,7,1.0,169.4866,2020-2025,1237623.461,5708.038603
1752,2021,CA,FWS,DAIRY,2021-06-15,2021-06-23,18,4,1.0,161.2339,2020-2025,1116694.051,6686.923041
1753,2021,CA,CDF,CAMPO,2021-04-29,2021-05-04,5,1,1.0,159.9778,2020-2025,1050184.473,7467.235544
1754,2021,CA,CDF,PANOCHE,2021-06-23,2021-06-23,10,7,1.0,146.4311,2020-2025,921913.8047,5324.387887
1755,2021,CA,FWS,SUTTER,2021-09-27,2021-09-27,2,6,1.0,141.5167,2020-2025,951334.5664,3877.476497
1756,2021,CA,CDF,NEWELL,2021-10-11,2021-10-11,10,1,1.0,137.1334,2020-2025,899414.3086,5250.501641
1757,2021,CA,CDF,WASHINGTON,2021-08-26,2021-08-31,14,1,1.0,135.7753,2020-2025,885531.5195,5669.030233
1758,2021,CA,CDF,4-3 PUMA,2021-06-24,2021-06-25,1,1,1.0,132.4866,2020-2025,958271.4648,6023.275705
1759,2021,CA,USF,COYOTE,2021-07-09,2021-07-19,2,1,1.0,132.2827,2020-2025,962648.8008,9799.265066
1760,2021,CA,CDF,DIABLO,2021-07-11,2021-07-11,14,2,1.0,127.659,2020-2025,828774.707,5690.561471
1761,2021,CA,CDF,ESTRADA,2021-10-15,2021-10-16,18,7,1.0,124.7229,2020-2025,793089.2773,5057.738112
1762,2021,CA,USF,MOUNTAIN,2021-06-18,2021-06-19,1,7,1.0,124.1572,2020-2025,771117.0039,7246.957554
1763,2021,CA,BLM,MINERAL,2021-11-26,2021-11-29,14,8,1.0,122.8651,2020-2025,715547.0,10861.55355
1764,2021,CA,CDF,BESWICK,2021-06-28,2021-07-03,14,1,1.0,118.0034,2020-2025,862439.5352,7735.893147
1765,2021,CA,BLM,CHICKEN,2021-07-18,2021-07-20,2,6,1.0,117.692,2020-2025,833953.2734,7119.085596
1766,2021,CA,USF,ANTELOPE,2021-06-22,2021-06-29,1,1,1.0,111.5138,2020-2025,807067.3867,5589.725297
1767,2021,CA,CDF,ROCK,2021-06-15,2021-06-19,2,1,1.0,107.1646,2020-2025,753830.9922,4574.984404
1768,2021,CA,BLM,YUHA,2021-02-20,2021-03-04,14,7,1.0,106.2004,2020-2025,608553.3789,3721.151273
1769,2021,CA,NPS,LOST,2021-07-10,2021-07-18,1,1,1.0,100.7824,2020-2025,639338.8125,7246.821691
1770,2021,CA,CDF,KETTLE,2021-10-11,2021-10-11,14,1,1.0,92.35461,2020-2025,571369.9883,4098.8563
1771,2021,CA,CDF,WESTWARD,2021-08-25,2021-08-26,14,6,1.0,88.36302,2020-2025,520486.6641,4046.91438
1772,2021,CA,BLM,GRAPEVINE,2021-03-14,2021-03-20,5,6,1.0,86.20689,2020-2025,530694.5234,8134.011938
1773,2021,CA,USF,ONION,2021-04-08,2021-04-12,14,1,1.0,85.5384,2020-2025,540524.3516,4859.846274
1774,2021,CA,BLM,POLELINE,2021-07-05,2021-07-05,14,6,1.0,83.93266,2020-2025,511229.4844,3115.315438
1775,2021,CA,USF,ROAD,2021-07-10,2021-07-18,2,1,1.0,83.56132,2020-2025,480396.6953,5193.225969
1776,2021,CA,CDF,KIRKER,2021-07-04,2021-07-04,10,1,1.0,83.55169,2020-2025,545069.582,4400.705927
1777,2021,CA,BLM,SCENIC,2021-06-25,2021-06-28,14,7,1.0,80.03923,2020-2025,467968.4492,2540.777581
1778,2021,CA,USF,SKY,2021-06-27,2021-07-29,14,7,1.0,79.92484,2020-2025,552330.2539,5497.576997
1779,2021,CA,USF,LONE ROCK,2021-08-06,2021-08-10,14,6,,78.31017,2020-2025,544566.6445,3802.747801
1780,2021,CA,CDF,MAXWELL,2021-10-05,2021-10-10,7,1,1.0,76.48464,2020-2025,538284.5664,4057.041972
1781,2021,CA,LRA,RIVER,2021-09-12,2021-09-13,10,6,1.0,70.8007,2020-2025,475787.0117,4770.757566
1782,2021,CA,CDF,BUZZARD,2021-05-11,2021-05-11,2,1,1.0,70.24671,2020-2025,441414.7539,3900.183397
1783,2021,CA,CDF,BROILER,2021-07-07,2021-07-08,2,5,1.0,69.5676,2020-2025,470225.4297,4839.666417
1784,2021,CA,CCO,CABALLO,2021-09-06,2021-09-07,2,1,1.0,69.51533,2020-2025,416871.4414,7245.440822
1785,2021,CA,USF,ROADSIDE,2021-08-28,2021-09-09,2,2,1.0,66.24019,2020-2025,393369.5,4638.006772
1786,2021,CA,CDF,GOOSE,2021-06-13,2021-06-13,2,1,1.0,65.68092,2020-2025,432205.4648,3444.848792
1787,2021,CA,CDF,FISH,2021-07-04,2021-07-06,3,1,1.0,65.27412,2020-2025,412917.7734,4967.81397
1788,2021,CA,CDF,TOBIN,2021-07-31,2021-07-31,10,1,1.0,64.70691,2020-2025,397522.8945,3789.784559
1789,2021,CA,BLM,R-1 RYE,2021-07-01,2021-07-01,1,1,1.0,64.69015,2020-2025,455782.8516,3945.928652
1790,2021,CA,CDF,TULLEY,2021-04-28,2021-04-30,5,1,1.0,62.66148,2020-2025,416141.9336,2981.475997
1791,2021,CA,USF,SPRINGS,2021-04-05,2021-04-12,14,7,1.0,62.07942,2020-2025,369774.4219,5370.618914
1792,2021,CA,USF,RAILROAD,2021-08-29,2021-09-05,9,1,1.0,61.72803,2020-2025,367256.0,3968.921654
1793,2021,CA,CCO,LIMA,2021-07-06,2021-07-06,14,1,1.0,61.52447,2020-2025,368931.2813,3723.940782
1794,2021,CA,LRA,BROADWAY,2021-05-08,2021-05-08,14,4,1.0,60.39558,2020-2025,405824.3477,3771.293377
1795,2021,CA,CDF,GOLD,2021-06-09,2021-06-10,14,1,1.0,60.24131,2020-2025,383285.3281,3759.149642
1796,2021,CA,CDF,HOUSE,2021-08-04,2021-08-09,3,1,1.0,59.11795,2020-2025,415496.1797,3304.571069
1797,2021,CA,NPS,HOOVER,2021-07-19,2021-07-24,1,1,1.0,58.59269,2020-2025,378834.6406,5137.095325
1798,2021,CA,CDF,SKY,2021-04-29,2021-04-29,5,1,1.0,58.34655,2020-2025,390167.832,2873.109103
1799,2021,CA,FWS,RIVER,2021-06-14,2021-06-14,4,7,1.0,57.37954,2020-2025,371750.5547,5596.127156
1801,2021,CA,DOD,BEALE2,2021-10-12,2021-10-12,11,5,1.0,55.49031,2020-2025,373419.0664,6790.078105
1802,2021,CA,CDF,LOPEZ,2021-05-08,2021-05-11,2,1,1.0,55.25064,2020-2025,361697.5352,3198.162964
1803,2021,CA,LRA,FIDDYMENT,2021-05-23,2021-05-23,14,5,1.0,55.11501,2020-2025,368047.9492,4411.860916
1804,2021,CA,CDF,ARUBA,2021-09-05,2021-09-09,14,1,1.0,54.22581,2020-2025,315547.1406,3331.185747
1805,2021,CA,CDF,FRENCHTOWN,2021-07-20,2021-07-22,10,1,1.0,54.10636,2020-2025,367060.6641,3358.423185
1806,2021,CA,USF,HARTMAN,2021-06-29,2021-07-14,14,6,1.0,53.54,2020-2025,367371.8008,2276.207323
1807,2021,CA,CDF,CLEVENGER,2021-06-20,2021-06-21,14,7,1.0,53.04443,2020-2025,306656.1055,2440.774988
1808,2021,CA,USF,GULCH,2021-08-12,2021-08-13,1,1,,52.51308,2020-2025,377430.8398,2460.3166
1809,2021,CA,CDF,PINE,2021-06-23,2021-06-23,2,1,1.0,50.93539,2020-2025,356470.7539,3139.791789
1810,2021,CA,USF,HAMBONE,2021-08-06,2021-08-23,1,1,1.0,50.69745,2020-2025,364482.5039,3076.705722
1811,2021,CA,CDF,BENNETT,2021-08-25,2021-09-03,14,1,1.0,50.27335,2020-2025,339428.5234,3973.494516
1812,2021,CA,USF,ANTONIO,2021-08-03,2021-08-04,2,3,1.0,49.89998,2020-2025,296061.1992,3424.1068
1813,2021,CA,BLM,OLD WOMAN,2021-06-17,2021-06-27,1,8,1.0,47.4764,2020-2025,283983.6406,3866.992343
1814,2021,CA,CCO,CRANE,2021-06-18,2021-06-20,14,1,1.0,46.83553,2020-2025,281977.2734,3756.318723
1815,2021,CA,CDF,LAWRENCE,2021-09-05,2021-09-05,14,1,1.0,45.94286,2020-2025,304279.4922,2553.265106
1816,2021,CA,CDF,ABERDEEN,2021-10-05,2021-10-08,14,1,1.0,45.5523,2020-2025,289918.1055,3357.530029
1817,2021,CA,CDF,SETTLERS,2021-05-19,2021-05-19,2,1,1.0,45.35123,2020-2025,300596.4414,3378.575398
1818,2021,CA,USF,ELK,2021-04-04,2021-04-13,14,1,1.0,45.00793,2020-2025,327217.4688,4123.702628
1819,2021,CA,CDF,CANNON,2021-07-14,2021-07-14,7,1,1.0,43.3417,2020-2025,301282.1875,2611.590109
1820,2021,CA,CDF,COYOTE,2021-06-02,2021-06-06,9,1,1.0,42.75489,2020-2025,251915.832,3495.827569
1821,2021,CA,LRA,STAR BEND,2021-10-05,2021-10-05,14,6,1.0,41.59887,2020-2025,279239.4727,3446.297763
1822,2021,CA,CDF,HIDING,2021-08-01,2021-08-02,2,1,1.0,41.50576,2020-2025,290559.957,3147.131639
1823,2021,CA,CDF,FORK,2021-07-17,2021-07-17,9,1,1.0,40.82636,2020-2025,281808.6875,3066.329215
1824,2021,CA,BLM,HIGHLINE,2021-04-18,2021-04-24,9,7,1.0,40.42638,2020-2025,232397.2539,9509.942934
1825,2021,CA,LRA,FRANKLIN,2021-09-10,2021-09-10,5,6,1.0,40.32301,2020-2025,247334.7305,2804.365865
1826,2021,CA,LRA,WATT,2021-06-21,2021-06-23,14,1,1.0,39.57343,2020-2025,263568.0547,2825.321546
1827,2021,CA,LRA,PIERCY,2021-06-14,2021-06-14,14,1,1.0,39.47499,2020-2025,252569.8008,2560.512035
1828,2021,CA,USF,PAN,2021-07-03,2021-07-09,1,8,1.0,38.7627,2020-2025,255887.1836,3662.138869
1829,2021,CA,BLM,FLATS,2021-09-05,2021-09-05,2,6,1.0,38.58012,2020-2025,230966.1523,2310.47801
1830,2021,CA,CDF,PASEO,2021-06-25,2021-06-25,2,1,1.0,37.56758,2020-2025,239502.043,3190.051224
1831,2021,CA,CDF,MARRON 4,2021-07-11,2021-07-15,10,1,1.0,37.3201,2020-2025,213430.4023,2583.485728
1832,2021,CA,USF,GLACIER NORTH,2021-07-15,2021-08-20,1,6,1.0,37.2558,2020-2025,237742.9805,2932.28464
1833,2021,CA,CCO,BALLARD,2021-06-08,2021-06-09,5,1,1.0,37.1573,2020-2025,222814.3945,4835.326818
1834,2021,CA,CCO,ONE,2021-06-21,2021-06-22,5,1,1.0,37.05353,2020-2025,221572.7891,3102.803103
1835,2021,CA,USF,HENRY,2021-06-25,2021-08-18,1,5,1.0,36.14811,2020-2025,238976.3672,3555.462171
1836,2021,CA,BLM,YANKEE,2021-06-15,2021-06-16,10,1,1.0,35.21027,2020-2025,216288.0313,5889.279636
1837,2021,CA,CDF,BLACKSTONE,2021-06-21,2021-06-21,9,1,1.0,34.85899,2020-2025,231589.9922,2143.979142
1838,2021,CA,USF,COLD,2021-01-19,2021-01-20,5,1,1.0,34.51343,2020-2025,229683.8086,2968.487085
1839,2021,CA,CDF,FREEDOM,2021-01-19,2021-01-22,11,1,1.0,33.25922,2020-2025,211295.8281,4130.55441
1840,2021,CA,CDF,QUEEN,2021-08-01,2021-08-09,2,6,1.0,32.81554,2020-2025,189603.6719,2718.15342
1841,2021,CA,CDF,CREEK,2021-05-04,2021-05-04,14,1,1.0,31.87381,2020-2025,186166.9609,2265.050144
1842,2021,CA,BLM,WILLOW,2021-04-17,2021-04-29,14,7,1.0,31.76766,2020-2025,195872.3516,4721.147444
1843,2021,CA,CDF,SALMON,2021-05-01,2021-05-01,14,1,1.0,31.73762,2020-2025,211634.4922,2540.168887
1844,2021,CA,LRA,VICTORIA,2021-12-11,2021-12-12,14,2,1.0,31.69551,2020-2025,188125.0742,2486.347725
1845,2021,CA,USF,DRY,2021-05-09,2021-05-14,14,6,1.0,31.50628,2020-2025,193104.9219,3923.876592
1846,2021,CA,CDF,GIBSON,2021-07-20,2021-07-22,7,1,1.0,29.98372,2020-2025,197580.6758,2232.545408
1847,2021,CA,CCO,OAK,2021-06-30,2021-07-03,14,1,1.0,29.9392,2020-2025,181033.9648,1597.196114
1848,2021,CA,CDF,MARLAR,2021-08-15,2021-08-18,10,1,1.0,29.3616,2020-2025,185466.8164,2898.594379
1849,2021,CA,LRA,JOLON,2021-07-25,2021-07-25,2,7,1.0,28.44884,2020-2025,177152.6914,4084.40347
1850,2021,CA,CDF,MARRON 6,2021-08-30,2021-09-04,5,6,1.0,28.44671,2020-2025,162554.1016,2330.370548
1851,2021,CA,LRA,ERBES,2021-01-14,2021-01-15,14,8,1.0,27.63296,2020-2025,164004.9805,2622.906656
1852,2021,CA,CDF,PASO,2021-04-12,2021-04-13,18,1,1.0,26.79597,2020-2025,154438.8672,1833.83437
1853,2021,CA,BLM,BACKUS,2021-04-18,2021-04-19,14,7,1.0,26.61396,2020-2025,160721.0352,3074.905503
1854,2021,CA,LRA,COUNTRY,2021-04-29,2021-04-30,8,8,1.0,26.53975,2020-2025,157269.9219,1911.355896
1855,2021,CA,USF,PEAK,2021-06-28,2021-06-29,9,7,1.0,26.09075,2020-2025,154748.6836,2729.925039
1856,2021,CA,CCO,WOLVES,2021-04-22,2021-04-22,18,2,1.0,26.06954,2020-2025,157404.1758,1527.870096
1857,2021,CA,USF,HOBART,2021-08-09,2021-08-18,9,6,1.0,25.8245,2020-2025,170393.8281,2138.599
1858,2021,CA,BLM,OLD WOMAN 2,2021-06-20,2021-06-20,1,8,1.0,25.38194,2020-2025,151781.4609,1402.706342
1859,2021,CA,USF,GIBRALTAR,2021-05-22,2021-05-27,14,1,1.0,25.36633,2020-2025,151575.2578,2824.424565
1860,2021,CA,CDF,QUAIL,2021-05-12,2021-05-12,9,1,1.0,25.35059,2020-2025,171304.918,2361.26222
1861,2021,CA,CDF,MOUNTAIN,2021-07-23,2021-07-23,7,1,1.0,25.31992,2020-2025,174727.1523,1928.953196
1862,2021,CA,CDF,MIDDLE,2021-08-13,2021-08-13,11,1,1.0,25.11647,2020-2025,165056.8008,1627.57632
1863,2021,CA,USF,COLDWATER,2021-08-10,2021-08-11,9,7,1.0,25.10539,2020-2025,148820.2383,1980.512677
1864,2021,CA,CDF,TIVY,2021-09-07,2022-09-07,2,1,1.0,25.03143,2020-2025,158204.332,2381.460886
1865,2021,CA,CDF,BAKER,2021-05-27,2021-05-30,7,1,1.0,24.94695,2020-2025,157418.3906,1811.267532
1866,2021,CA,CDF,WOODMAN,2021-04-01,2021-04-01,5,1,1.0,24.85209,2020-2025,175050.3047,2716.048359
1867,2021,CA,USF,PINE,2021-07-07,2021-07-10,14,1,1.0,24.69208,2020-2025,158490.3789,2705.11174
1868,2021,CA,LRA,DANTONI,2021-09-11,2021-09-12,14,6,1.0,24.35467,2020-2025,164267.918,1850.804609
1869,2021,CA,CDF,GROVE,2021-07-28,2021-07-28,10,5,1.0,24.01903,2020-2025,147569.9023,2125.589069
1870,2021,CA,CDF,SLOPE,2021-05-31,2021-06-03,11,1,1.0,23.99675,2020-2025,151983.8203,2092.672617
1871,2021,CA,CDF,BORDER 13,2021-07-15,2021-07-16,11,7,1.0,23.32513,2020-2025,133303.4727,1963.816354
1872,2021,CA,CDF,CREEKSIDE,2021-07-12,2021-07-13,9,1,1.0,23.22825,2020-2025,162162.2695,2484.785336
1873,2021,CA,CDF,KIRK,2021-06-21,2021-06-22,9,1,1.0,23.05541,2020-2025,155760.0156,2163.52317
1874,2021,CA,CCO,WESTWOOD,2021-04-04,2021-04-04,14,1,1.0,22.98317,2020-2025,136646.3008,1773.007976
1875,2021,CA,CDF,MANZANITA,2021-01-19,2021-01-19,5,1,1.0,22.3779,2020-2025,143206.6133,2317.680099
1876,2021,CA,USF,SUMMIT,2021-07-20,2021-10-26,1,6,1.0,22.27062,2020-2025,147890.5,2639.828517
1877,2021,CA,FWS,POINT,2021-08-20,2021-08-20,2,1,1.0,22.15831,2020-2025,162212.7969,1969.708972
1878,2021,CA,USF,FLAT,2021-02-24,2021-02-25,14,7,1.0,21.96283,2020-2025,158878.2695,3837.431381
1879,2021,CA,CDF,CHINA,2021-01-19,2021-01-21,9,1,1.0,21.93688,2020-2025,140121.8281,2424.069939
1880,2021,CA,LRA,MEISS,2021-04-05,2021-04-05,5,1,1.0,21.86377,2020-2025,159533.5586,2282.702452
1881,2021,CA,CDF,SPENCEVILLE,2021-05-31,2021-06-04,14,5,1.0,21.81921,2020-2025,146961.2266,1658.177463
1882,2021,CA,CDF,STUHR,2021-06-05,2021-06-05,9,1,1.0,21.63566,2020-2025,138728.3164,1600.129901
1883,2021,CA,CCO,NIGUEL,2021-10-03,2021-10-03,14,1,1.0,21.61345,2020-2025,127395.8516,1807.959099
1884,2021,CA,CDF,LINE,2021-03-28,2021-03-28,5,1,1.0,21.61033,2020-2025,140340.4805,1938.253849
1885,2021,CA,FWS,MIGUEL 3,2021-01-07,2021-01-07,14,4,1.0,21.31999,2020-2025,122097.4258,1645.445255
1886,2021,CA,USF,LAKIN,2021-08-06,2021-08-23,1,6,1.0,20.79543,2020-2025,149522.5078,2779.364197
1887,2021,CA,USF,UNION,2021-01-19,2021-01-20,14,6,,20.37977,2020-2025,136346.0313,1581.752892
1888,2021,CA,CDF,BONNY COMPLEX,2021-01-19,2021-01-22,9,7,1.0,20.30736,2020-2025,129374.5859,2331.546483
1889,2021,CA,CDF,MOODY,2021-05-16,2021-05-17,9,1,1.0,20.24225,2020-2025,134086.8906,1689.146471
1890,2021,CA,CCO,GOLDEN,2021-08-07,2021-08-07,10,1,1.0,19.88849,2020-2025,118472.0117,3090.815604
1891,2021,CA,CDF,PANTHER RIDGE,2021-01-19,2021-01-22,11,1,1.0,19.72582,2020-2025,126036.8633,2212.695146
1892,2021,CA,USF,FAIRCHILD,2021-06-23,2021-06-26,1,7,1.0,19.52532,2020-2025,141454.9922,2130.663558
1893,2021,CA,BLM,HANDLINE,2021-05-18,2021-05-19,14,6,1.0,19.10735,2020-2025,115522.2461,3350.891834
1894,2021,CA,CDF,MOUNTAIN,2021-09-25,2021-09-25,10,1,1.0,19.0184,2020-2025,131720.2734,2146.130389
1895,2021,CA,CDF,BORDER 2,2021-01-13,2021-01-21,5,7,1.0,18.64428,2020-2025,106607.168,1924.436321
1896,2021,CA,CDF,BELL,2021-05-20,2021-05-20,2,1,1.0,18.61205,2020-2025,123299.0156,1628.985844
1897,2021,CA,CCO,CALIENTE,2021-07-12,2021-07-12,6,1,1.0,18.59738,2020-2025,113191.6016,10961.87234
1898,2021,CA,CDF,CREEK WEST,2021-06-09,2021-06-10,7,1,1.0,18.52191,2020-2025,123894.0703,1364.235275
1899,2021,CA,CDF,KATHRYN,2021-06-15,2021-06-15,14,1,1.0,18.46991,2020-2025,108179.4844,1782.158574
1900,2021,CA,LRA,WISE,2021-05-19,2021-05-20,11,1,1.0,18.2641,2020-2025,122304.3906,1544.113384
1901,2021,CA,CDF,SPRING,2021-06-12,2021-06-16,2,1,1.0,18.20975,2020-2025,123101.9844,1789.660769
1902,2021,CA,CDF,TOMKI,2021-05-21,2021-05-24,14,1,1.0,18.17299,2020-2025,123207.0273,2539.833688
1903,2021,CA,CDF,OWENS,2021-06-06,2021-06-08,9,1,1.0,17.97407,2020-2025,114103.0,1763.181938
1904,2021,CA,USF,CORRAL,2021-04-05,2021-04-06,14,1,1.0,17.29091,2020-2025,103841.9922,1313.595887
1905,2021,CA,CCO,MIDDLE,2021-11-11,2021-11-11,11,1,1.0,17.06123,2020-2025,99265.79688,1238.323525
1906,2021,CA,USF,CLOUD,2021-06-13,2021-06-13,9,6,1.0,16.93808,2020-2025,100420.7461,2241.213226
1907,2021,CA,CDF,HARRIS,2021-07-06,2021-07-06,14,1,1.0,16.39773,2020-2025,113554.9258,1504.078138
1908,2021,CA,CDF,TOWER,2021-06-05,2021-06-05,14,5,1.0,16.29048,2020-2025,99274.60938,1468.536705
1909,2021,CA,LRA,MYRNA,2021-08-12,2021-08-12,14,6,1.0,15.82752,2020-2025,106460.4609,1192.102873
1910,2021,CA,LRA,MOUNTAIN,2021-05-26,2021-05-26,14,1,1.0,15.71013,2020-2025,95985.24609,2354.517123
1911,2021,CA,CDF,BORDER 9,2021-05-28,2021-05-31,9,6,1.0,15.36915,2020-2025,87824.92188,1571.356985
1912,2021,CA,LRA,COYOTE,2021-04-30,2021-05-01,14,3,1.0,15.35531,2020-2025,91153.19141,1334.569588
1913,2021,CA,CDF,LITTLE,2021-07-03,2021-07-04,9,6,1.0,15.33097,2020-2025,107866.7656,1828.984301
1914,2021,CA,USF,BOYDEN 1,2021-03-03,2021-03-18,5,6,1.0,14.57344,2020-2025,92198.8125,1159.946336
1915,2021,CA,CDF,AMERICAN,2021-08-27,2021-08-27,7,1,1.0,14.40411,2020-2025,90826.26563,1617.258008
1916,2021,CA,CDF,GRAHAM,2021-05-27,2021-05-27,2,1,1.0,14.35726,2020-2025,100359.4336,1803.091169
1917,2021,CA,LRA,MADERA 2,2021-04-01,2021-04-01,2,4,1.0,14.21907,2020-2025,84508.24609,1480.0335
1918,2021,CA,CDF,CARY,2021-05-06,2021-05-10,14,6,1.0,14.00693,2020-2025,81929.67969,1246.008548
1919,2021,CA,USF,LITTLE MARBLE,2021-09-08,2021-09-14,4,1,1.0,14.00079,2020-2025,101266.3672,6310.330487
1920,2021,CA,CDF,1-4 BIZZ,2021-06-23,2021-06-25,1,1,1.0,13.89517,2020-2025,97056.53906,1569.627664
1921,2021,CA,CDF,DEVORE,2021-05-04,2021-05-04,9,1,1.0,13.80691,2020-2025,82032.84375,2189.944481
1922,2021,CA,CDF,FERRIS,2021-02-21,2021-02-21,5,7,1.0,13.79761,2020-2025,85414.65625,1590.783722
1923,2021,CA,CDF,STEINS,2021-06-26,2021-06-26,9,1,1.0,13.73235,2020-2025,91277.00781,3142.997438
1924,2021,CA,CDF,DOOLITTLE,2021-09-03,2021-09-04,10,1,1.0,13.62084,2020-2025,91843.74219,1421.609039
1925,2021,CA,CDF,RUTH 2,2021-06-06,2021-06-08,2,1,1.0,13.3051,2020-2025,83972.91406,1702.75225
1926,2021,CA,USF,DOW,2021-10-05,2021-10-11,9,6,1.0,12.49597,2020-2025,88104.69531,1451.592362
1927,2021,CA,NPS,SENTINEL,2021-07-29,2021-10-25,1,2,1.0,12.4895,2020-2025,78887.57031,1434.669025
1928,2021,CA,BLM,R-1 ROCK,2021-05-14,2021-05-18,1,1,1.0,12.32582,2020-2025,87600.67188,1675.70405
1929,2021,CA,LRA,KELLOGG,2021-01-19,2021-01-19,14,1,1.0,12.2616,2020-2025,72488.96094,1239.724519
1930,2021,CA,CCO,DULCE,2021-07-04,2021-07-04,14,1,1.0,12.19143,2020-2025,72843.36328,1372.733613
1931,2021,CA,CDF,LOMA,2021-08-08,2021-08-10,2,1,1.0,12.10306,2020-2025,81916.97656,1553.262511
1932,2021,CA,CCO,ROOST,2021-07-17,2021-07-17,14,1,1.0,12.09895,2020-2025,73388.55078,1211.347168
1933,2021,CA,CDF,WATTS,2021-05-05,2021-05-05,9,1,1.0,11.88744,2020-2025,75282.08984,1546.41664
1934,2021,CA,CDF,HUTTO,2021-05-31,2021-05-31,2,1,1.0,11.46257,2020-2025,77278.06641,1489.562814
1935,2021,CA,NPS,PORCUPINE,2021-07-02,2021-08-04,1,1,1.0,11.19756,2020-2025,72742.02734,1902.722723
1936,2021,CA,USF,MOSS,2021-08-27,2021-08-31,9,7,1.0,11.17857,2020-2025,79185.89063,1792.255235
1937,2021,CA,NPS,KING,2021-06-29,2021-07-06,1,2,1.0,11.13475,2020-2025,72126.58203,1011.515513
1938,2021,CA,USF,TANGLE,2021-07-05,2021-07-13,9,7,1.0,11.05462,2020-2025,79132.99609,1661.808745
1939,2021,CA,CDF,CRESTON,2021-06-18,2021-06-18,14,5,1.0,11.01676,2020-2025,67544.01953,1942.019273
1940,2021,CA,CDF,EASTSIDE,2021-08-03,2021-08-04,2,1,1.0,10.85849,2020-2025,72149.05859,1196.395819
1941,2021,CA,CDF,ANTELOPE,2021-05-04,2021-05-04,10,1,1.0,10.67426,2020-2025,65701.80859,2707.340827
1942,2021,CA,CCO,LAGUNA,2021-06-16,2021-06-16,14,1,1.0,10.62967,2020-2025,62165.10156,2761.005063
1943,2021,CA,USF,HORSE,2021-03-26,2021-04-01,9,6,1.0,10.61282,2020-2025,77501.07031,1051.316122
1944,2021,CA,USF,BLUE,2021-05-11,2021-05-19,9,1,1.0,10.4138,2020-2025,61909.66406,1285.11258
1945,2021,CA,LRA,PRESERVE,2021-10-03,2021-10-03,14,1,1.0,10.0517,2020-2025,61757.99609,1179.088647
1946,2021,CA,USF,GREENHORN,2021-04-13,2021-04-13,14,6,1.0,9.6,2020-2025,66120.29688,1152.333307
1947,2021,CA,CDF,KIBBIE,2021-09-06,2021-09-12,14,1,1.0,9.580426,2020-2025,64664.52734,1105.681577
1948,2021,CA,LRA,SMITH,2021-06-11,2021-06-11,2,1,1.0,9.446896,2020-2025,65249.25,1322.699479
1949,2021,CA,CCO,EDMONSON,2021-06-30,2021-06-30,10,1,1.0,9.158972,2020-2025,55302.03516,997.1794058
1950,2021,CA,CCO,RIDGE,2021-08-28,2021-08-29,14,1,1.0,8.997741,2020-2025,54170.6875,1332.458592
1951,2021,CA,FWS,CAMPO,2021-01-20,2021-01-20,14,1,1.0,8.976994,2020-2025,51492.5625,1402.73121
1952,2021,CA,CCO,BEALE,2021-06-19,2021-06-19,10,1,1.0,8.94504,2020-2025,54448.69922,1454.872767
1953,2021,CA,CDF,TWITCHELL,2021-05-10,2021-05-10,10,6,1.0,8.925045,2020-2025,53981.66797,2025.305304
1954,2021,CA,CDF,TRAIL,2021-04-10,2021-04-10,14,1,1.0,8.890034,2020-2025,54083.41797,1846.23265
1955,2021,CA,CDF,GROVE,2021-05-26,2021-05-26,14,1,1.0,8.765407,2020-2025,57675.94531,1159.548581
1956,2021,CA,CDF,SCOTTS,2021-04-28,2021-04-28,9,1,1.0,8.720953,2020-2025,58736.39844,1454.226318
1957,2021,CA,CDF,GREEN,2021-05-08,2021-05-08,5,1,1.0,8.655844,2020-2025,58145.94141,1538.644948
1958,2021,CA,CDF,BLOOM,2021-01-19,2021-01-21,9,1,1.0,8.611075,2020-2025,54969.96484,1321.454041
1959,2021,CA,NPS,FORK,2021-07-01,2021-07-12,1,1,1.0,8.557461,2020-2025,55406.86328,1718.098503
1960,2021,CA,USF,LONE,2021-07-04,2021-07-05,9,1,1.0,8.430901,2020-2025,50106.65234,1580.078955
1961,2021,CA,CDF,MUSTANG,2021-06-13,2021-06-13,7,1,1.0,7.733727,2020-2025,51569.26953,880.1330076
1962,2021,CA,CCO,HERMOSA,2021-09-12,2021-09-12,14,1,1.0,7.573153,2020-2025,46081.55078,2815.833042
1963,2021,CA,USF,BAMBI,2021-08-11,2021-08-18,4,7,1.0,7.521858,2020-2025,43252.22656,1202.477173
1964,2021,CA,CCO,PICO,2021-07-06,2021-07-06,2,1,1.0,7.302879,2020-2025,42588.39453,1087.057333
1965,2021,CA,CCO,FLORES,2021-07-19,2021-07-19,14,1,1.0,6.922003,2020-2025,40922.27734,1173.61545
1966,2021,CA,CDF,CLOVER,2021-08-26,2021-08-26,14,1,1.0,6.763107,2020-2025,45186.42578,818.171835
1967,2021,CA,CDF,GRANGE,2021-07-07,2021-07-07,2,1,1.0,6.612106,2020-2025,43608.45313,1151.747327
1968,2021,CA,NPS,COLD,2021-08-13,2021-10-03,1,1,2.0,6.576556,2020-2025,42874.73438,3256.497043
1969,2021,CA,CCO,AROSA,2021-07-08,2021-07-08,14,1,1.0,6.567343,2020-2025,39798.08203,1171.857966
1970,2021,CA,NPS,HART,2021-08-31,2021-09-04,1,1,1.0,6.53971,2020-2025,39732.16406,1483.513305
1971,2021,CA,LRA,VIRGENES,2021-04-29,2021-04-29,14,1,1.0,6.461127,2020-2025,38272.45313,841.4407503
1972,2021,CA,CDF,PLYE,2021-08-07,2021-08-07,7,1,1.0,6.29127,2020-2025,42376.30469,926.6712534
1973,2021,CA,CCO,CECIL,2021-07-15,2021-07-15,10,1,1.0,6.260819,2020-2025,36566.91406,971.1904597
1974,2021,CA,CCO,HILL NORTH DIVISION,2021-06-21,2021-06-21,14,1,1.0,6.112738,2020-2025,37065.98828,1097.099261
1975,2021,CA,CDF,ACACIA,2021-05-29,2021-05-29,2,1,1.0,6.082049,2020-2025,40184.58594,1055.994916
1976,2021,CA,CCO,MESA,2021-08-12,2021-08-12,14,1,1.0,5.923486,2020-2025,35656.57813,963.5340793
1977,2021,CA,LRA,RIDGE,2021-08-06,2021-08-06,2,1,1.0,5.647393,2020-2025,33082.9375,879.3353478
1978,2021,CA,CDF,LEESVILLE,2021-07-03,2021-07-03,8,1,1.0,5.558945,2020-2025,37438.71094,787.935723
1979,2021,CA,CCO,GRAPEVINE,2021-04-20,2021-04-20,10,1,1.0,5.185684,2020-2025,31299.73438,1241.40265
1980,2021,CA,NPS,CASTLE,2021-03-19,2021-03-21,4,7,1.0,5.136026,2020-2025,31292.46875,1465.369354
1981,2021,CA,CDF,VISTA,2021-04-27,2021-04-27,5,1,1.0,5.135205,2020-2025,31311.63672,711.1946359
1982,2021,CA,LRA,KNOLLS,2021-02-28,2021-02-28,14,1,1.0,5.079092,2020-2025,30009.52344,1699.601727
1983,2021,CA,CDF,COYOTE,2021-01-21,2021-01-21,5,1,1.0,4.889593,2020-2025,29889.125,924.4682806
1984,2021,CA,CDF,DIMOND,2021-07-30,2021-07-30,7,1,1.0,4.771153,2020-2025,31877.6875,1058.486029
1985,2021,CA,CDF,DREAM,2021-06-23,2021-06-23,7,1,1.0,4.769748,2020-2025,31392.32813,769.1524617
1986,2021,CA,CDF,HOVEY,2021-05-05,2021-05-05,5,1,1.0,4.767107,2020-2025,34677.00391,909.0903613
1987,2021,CA,CCO,TUNA,2021-07-09,2021-07-09,14,4,1.0,4.544237,2020-2025,26855.39453,893.3741584
1988,2021,CA,CCO,SULPHUR,2021-04-17,2021-04-17,14,6,1.0,4.328094,2020-2025,25764.02344,586.8886529
1989,2021,CA,LRA,VIRGINIA,2021-03-05,2021-03-06,14,6,1.0,4.259815,2020-2025,25313.70313,615.986734
1990,2021,CA,CDF,MALLARD,2021-06-11,2021-06-11,2,6,1.0,4.217206,2020-2025,29556.3125,788.7741594
1991,2021,CA,CDF,BROWNELL,2021-04-13,2021-04-13,5,1,1.0,4.151186,2020-2025,30385.97656,1084.379114
1992,2021,CA,CDF,MARY,2021-04-22,2021-04-22,18,1,1.0,4.059574,2020-2025,29278.50781,994.964289
1993,2021,CA,CDF,OLD,2021-01-18,2021-01-18,11,1,1.0,3.873497,2020-2025,25848.53906,756.577794
1994,2021,CA,CCO,FREEWAY,2021-04-17,2021-04-17,10,1,1.0,3.822008,2020-2025,23087.5,906.8241426
1995,2021,CA,CDF,CREEK,2021-08-01,2021-08-01,7,1,1.0,3.695564,2020-2025,24640.68359,937.8176019
1996,2021,CA,CCO,SYCAMORE,2021-08-02,2021-08-02,10,1,1.0,3.27472,2020-2025,19692.67578,615.4391221
1997,2021,CA,CCO,SCALES,2021-06-27,2021-06-27,10,1,1.0,3.222384,2020-2025,19528.5,683.4971763
1998,2021,CA,CDF,AROMAS,2021-06-26,2021-06-26,10,7,1.0,3.190873,2020-2025,20208.73438,591.4617995
1999,2021,CA,LRA,LAND,2021-06-03,2021-06-03,14,1,1.0,3.060403,2020-2025,18649.18359,861.60353
2000,2021,CA,LRA,LAURIE,2021-04-25,2021-04-25,14,6,1.0,3.041959,2020-2025,18099.14063,860.7990096
2001,2021,CA,LRA,LAVAL,2021-05-23,2021-05-23,14,1,1.0,2.929613,2020-2025,17706.69922,710.9957374
2002,2021,CA,CCO,Backus 2,2021-04-25,2021-04-25,14,1,1.0,2.897352,2020-2025,17495.64453,777.9218719
2003,2021,CA,CCO,PACIFICO,2021-01-17,2021-01-17,15,7,1.0,2.883715,2020-2025,17045.55859,769.7211016
2004,2021,CA,CDF,COUNTY,2021-05-08,2021-05-08,11,1,1.0,2.854398,2020-2025,19001.35938,638.5582904
2005,2021,CA,CDF,OAK,2021-06-14,2021-06-14,2,1,1.0,2.842491,2020-2025,18991.38281,555.3291773
2006,2021,CA,FWS,CASJR STRINGER,2021-06-17,2021-06-17,11,1,1.0,2.734319,2020-2025,17696.94922,1193.708413
2007,2021,CA,CDF,COLEMAN,2021-07-18,2021-07-18,7,1,1.0,2.714847,2020-2025,17912.99609,595.9980963
2008,2021,CA,CCO,SPRINGS,2021-01-19,2021-01-19,14,1,1.0,2.711827,2020-2025,16191.21094,602.7698071
2009,2021,CA,CDF,REGIONAL,2021-06-05,2021-06-05,9,7,1.0,2.635708,2020-2025,16564.72266,676.5536045
2010,2021,CA,CDF,WEST,2021-05-26,2021-05-26,10,1,1.0,2.58838,2020-2025,17132.08203,540.4750705
2011,2021,CA,CDF,TIFFANY,2021-01-13,2021-01-13,5,1,1.0,2.45159,2020-2025,14885.60547,637.8794208
2012,2021,CA,CCO,GRANITE INC,2021-03-01,2021-03-01,11,1,1.0,2.381455,2020-2025,14589.46094,711.6617135
2013,2021,CA,CDF,MEAMBER,2021-05-30,2021-05-30,5,1,1.0,2.300643,2020-2025,16686.0,586.9836072
2014,2021,CA,CCO,NEWTON,2021-01-08,2021-01-08,14,1,1.0,2.265879,2020-2025,13399.23828,443.8706464
2015,2021,CA,LRA,PECK,2021-06-24,2021-06-24,14,6,1.0,2.240738,2020-2025,13332.38672,468.8201391
2016,2021,CA,CCO,ROCKY 3,2021-08-18,2021-08-18,14,4,1.0,2.237706,2020-2025,13293.89844,486.8620665
2017,2021,CA,CDF,MUNIZ,2021-04-20,2021-04-20,5,1,1.0,2.227886,2020-2025,14745.20313,521.1592674
2018,2021,CA,CCO,DALTON,2021-09-24,2021-09-24,10,1,1.0,2.21358,2020-2025,13117.14844,665.0760048
2019,2021,CA,CCO,PARK,2021-06-12,2021-06-12,10,1,1.0,2.092052,2020-2025,12587.01953,671.9723123
2020,2021,CA,LRA,TONNER,2021-09-30,2021-09-30,14,1,1.0,1.969455,2020-2025,11616.12109,442.4694596
2021,2021,CA,CDF,INDEPENDENCE,2021-05-24,2021-05-24,2,5,1.0,1.923519,2020-2025,11833.21875,434.8527862
2022,2021,CA,CDF,SPRING,2021-07-09,2021-07-09,9,1,1.0,1.90975,2020-2025,12644.34375,467.6411589
2023,2021,CA,USF,NEWTON,2021-01-08,2021-01-08,14,1,1.0,1.865689,2020-2025,11034.14844,782.094252
2024,2021,CA,CDF,BORDER,2021-01-10,2021-01-21,9,7,1.0,1.850452,2020-2025,10579.11719,504.8226508
2025,2021,CA,LRA,RANCH,2021-04-15,2021-04-15,14,6,1.0,1.800984,2020-2025,10723.02344,373.7584272
2026,2021,CA,LRA,KIWI,2021-06-07,2021-06-07,2,1,1.0,1.75886,2020-2025,11575.72656,489.9099888
2027,2021,CA,CCO,SABODAN,2021-06-01,2021-06-01,2,1,1.0,1.751998,2020-2025,10596.625,626.6847844
2028,2021,CA,CDF,CRYSTAL,2021-08-25,2021-08-25,4,1,1.0,1.731484,2020-2025,10812.875,441.4216302
2029,2021,CA,CDF,ROUND,2021-06-08,2021-06-08,14,1,1.0,1.699813,2020-2025,11905.72266,611.3045701
2030,2021,CA,CDF,RANCH,2021-05-05,2021-05-05,5,1,1.0,1.678553,2020-2025,12076.01172,594.3555453
2031,2021,CA,CCO,WINDY RIDGE,2021-05-26,2021-05-26,14,1,1.0,1.663294,2020-2025,9771.527344,593.6791647
2032,2021,CA,CDF,WILSON,2021-04-29,2021-04-29,5,1,1.0,1.552339,2020-2025,10328.99219,462.6340484
2033,2021,CA,CCO,VASQUEZ,2021-08-06,2021-08-06,14,1,1.0,1.501651,2020-2025,8964.011719,594.4010241
2034,2021,CA,CCO,BOAT,2021-07-01,2021-07-01,10,1,1.0,1.496656,2020-2025,9008.015625,807.783561
2035,2021,CA,CCO,TURNBULL,2021-04-18,2021-04-18,14,1,1.0,1.467101,2020-2025,8657.671875,419.574015
2036,2021,CA,CDF,ADOBE,2021-01-18,2021-01-18,2,1,1.0,1.444209,2020-2025,8835.589844,410.6619693
2037,2021,CA,CDF,OLD HIGHWAY 80  / LA POSTA RD,2021-09-24,2021-09-24,1,6,1.0,1.378734,2020-2025,7924.023438,357.627549
2038,2021,CA,CDF,STUBBS,2021-08-02,2021-08-02,7,1,1.0,1.37785,2020-2025,9251.789063,417.9256317
2039,2021,CA,CCO,YOSEMITE,2021-07-22,2021-07-23,14,1,1.0,1.366251,2020-2025,8119.894531,517.2997251
2040,2021,CA,CDF,CREEK,2021-08-29,2021-08-29,7,1,1.0,1.284499,2020-2025,8543.523438,362.969167
2041,2021,CA,LRA,PEAK,2021-07-20,2021-07-20,10,7,1.0,1.283047,2020-2025,7621.835938,374.381936
2042,2021,CA,CDF,IRON,2021-05-06,2021-05-06,9,1,1.0,1.248572,2020-2025,7645.886719,327.2343295
2043,2021,CA,CDF,SODA,2021-04-17,2021-04-17,5,1,1.0,1.20866,2020-2025,8055.453125,389.7807375
2044,2021,CA,LRA,MANOR,2021-09-06,2021-09-06,14,1,1.0,1.198664,2020-2025,7317.832031,327.385448
2045,2021,CA,LRA,RYE,2021-02-02,2021-02-02,2,1,1.0,1.171693,2020-2025,6991.007813,381.443667
2046,2021,CA,CCO,UNNAMED,2021-06-18,2021-06-18,2,6,1.0,1.121165,2020-2025,6691.34375,485.1409095
2047,2021,CA,CDF,I-80 LYNCH,2021-08-17,2021-08-17,10,1,1.0,1.08848,2020-2025,7141.320313,528.1533265
2048,2021,CA,CDF,CERRITO,2021-04-18,2021-04-18,9,1,1.0,1.056455,2020-2025,7094.75,391.3540875
2049,2021,CA,CDF,MOUNTAIN,2021-08-22,2021-08-22,7,1,1.0,1.039344,2020-2025,6912.84375,466.035335
2050,2021,CA,CDF,HIGUERA,2021-10-10,2021-10-10,14,6,1.0,1.038185,2020-2025,6310.464844,500.8615761
2051,2021,CA,CCO,DOYLE,2021-06-28,2021-06-28,14,1,1.0,1.020253,2020-2025,6273.125,352.9911993
2052,2021,CA,CDF,SPRING,2021-01-19,2021-01-19,5,1,1.0,1.017629,2020-2025,6736.792969,334.0909642
2053,2021,CA,LRA,BONITA,2021-07-24,2021-07-24,10,1,1.0,1.013455,2020-2025,5927.4375,449.2836413
2054,2021,CA,FWS,MILLAR,2021-10-01,2021-10-01,11,4,1.0,0.4009637,2020-2025,2297.476563,202.4807269
2055,2020,CA,USF,AUGUST COMPLEX,2020-08-16,2020-11-11,1,3,1.0,1032700.0,2020-2025,7116307900.0,1695542.555
2056,2020,CA,CDF,SCU LIGHTNING COMPLEX,2020-08-16,2020-09-11,1,2,1.0,396824.5,2020-2025,2545883719.0,634336.3388
2057,2020,CA,USF,CREEK,2020-09-04,2020-12-24,14,8,1.0,379842.4,2020-2025,2435747264.0,1030210.522
2058,2020,CA,USF,NORTH COMPLEX,2020-08-17,2020-12-03,1,1,1.0,318797.3,2020-2025,2183903307.0,515161.1407
2059,2020,CA,CDF,HENNESSEY,2020-08-17,2020-09-16,1,7,1.0,305351.9,2020-2025,2027266568.0,1008834.884
2060,2020,CA,USF,CASTLE,2020-08-19,2021-01-04,1,7,1.0,170647.9,2020-2025,1063135640.0,897716.7605
2061,2020,CA,USF,SLATER,2020-09-08,2020-12-12,14,3,1.0,157429.9,2020-2025,1152491340.0,580102.5519
2062,2020,CA,USF,RED SALMON COMPLEX,2020-07-27,2020-11-19,1,8,1.0,143836.4,2020-2025,1026602327.0,464942.0179
2063,2020,CA,USF,DOLAN,2020-08-18,2020-12-31,14,7,1.0,124527.4,2020-2025,772950527.9,255261.3971
2064,2020,CA,USF,BOBCAT,2020-09-06,2020-10-19,14,7,1.0,115998.0,2020-2025,690091830.3,433313.0739
2065,2020,CA,CDF,CZU LIGHTNING COMPLEX,2020-08-16,2020-09-24,1,7,1.0,86553.46,2020-2025,552318495.8,255052.1933
2066,2020,CA,BLM,W-5 COLD SPRINGS,2020-08-18,2020-09-13,1,7,1.0,84817.6,2020-2025,604907700.0,218761.3435
2067,2020,CA,NPS,CALDWELL,2020-07-22,2020-09-01,1,7,1.0,81224.68,2020-2025,590731985.5,236072.5003
2068,2020,CA,CDF,GLASS,2020-09-27,2020-10-20,14,7,1.0,67484.41,2020-2025,447043239.0,272074.1735
2069,2020,CA,CDF,ZOGG,2020-09-27,2020-10-13,14,3,1.0,56338.05,2020-2025,393993433.3,190609.1699
2070,2020,CA,CDF,WALBRIDGE,2020-08-17,2020-09-11,1,7,1.0,55208.94,2020-2025,366514226.4,157572.9083
2071,2020,CA,CDF,RIVER,2020-08-16,2020-09-04,1,7,1.0,50213.82,2020-2025,314948094.0,188233.1559
2072,2020,CA,USF,LOYALTON,2020-08-14,2020-08-27,1,8,1.0,46720.91,2020-2025,319860110.6,132036.5505
2073,2020,CA,NPS,DOME,2020-08-15,2020-09-12,1,8,1.0,44211.25,2020-2025,269171466.6,94295.13924
2074,2020,CA,CDF,APPLE,2020-07-31,2020-11-15,2,1,1.0,33235.8,2020-2025,196302156.8,153641.7457
2075,2020,CA,USF,LAKE,2020-08-12,2020-08-30,14,7,1.0,30999.4,2020-2025,185934914.7,117870.1978
2076,2020,CA,CDF,MINERAL,2020-07-13,2020-07-26,14,2,1.0,29666.96,2020-2025,184633612.4,113981.4023
2077,2020,CA,USF,SHEEP,2020-08-17,2020-09-07,1,7,1.0,29541.14,2020-2025,205912404.5,123134.8698
2078,2020,CA,USF,SLINK,2020-08-29,2020-11-13,14,7,1.0,26751.78,2020-2025,177137743.0,120615.4476
2079,2020,CA,CDF,GOLD,2020-07-20,2020-10-29,14,7,1.0,22652.56,2020-2025,161406943.3,129127.7856
2080,2020,CA,USF,EL DORADO,2020-09-05,2020-11-16,14,2,1.0,22503.71,2020-2025,133129604.0,116688.8401
2081,2020,CA,BLM,MOUNTAIN VIEW,2020-11-17,2020-11-30,14,2,1.0,20374.56,2020-2025,135042607.6,71386.55605
2082,2020,CA,USF,VALLEY,2020-09-05,2020-09-24,14,3,1.0,16389.54,2020-2025,94002681.05,112779.7882
2083,2020,CA,CDF,BLUE RIDGE,2020-10-26,2020-11-02,14,7,1.0,13694.53,2020-2025,80671871.36,65838.87538
2084,2020,CA,CDF,SILVERADO,2020-10-26,2020-11-02,14,7,1.0,12469.21,2020-2025,73125983.45,65362.59357
2085,2020,CA,BLM,BACCARAT,2020-10-04,2020-10-11,14,2,1.0,10456.4,2020-2025,71729594.34,48876.51909
2086,2020,CA,CDF,HOG,2020-07-18,2020-08-28,14,7,1.0,9566.36,2020-2025,66866941.31,85678.34404
2087,2020,CA,BLM,NADEAU,2020-07-29,2020-08-04,14,7,1.0,9150.402,2020-2025,56715274.25,81985.60845
2089,2020,CA,NPS,RATTLESNAKE,2020-08-16,2020-12-28,1,7,2.0,8422.869,2020-2025,52760004.86,142312.8367
2090,2020,CA,CCO,STAGECOACH,2020-08-03,2020-08-03,14,1,1.0,7750.637,2020-2025,47373861.88,46920.3382
2091,2020,CA,CDF,CARMEL,2020-08-18,2020-09-06,10,7,1.0,6996.944,2020-2025,43813350.5,55600.12332
2092,2020,CA,NPS,BLUEJAY,2020-07-25,2020-11-19,1,7,2.0,6922.014,2020-2025,44992207.99,55875.1321
2093,2020,CA,BLM,NORTH,2020-08-02,2020-08-10,10,7,1.0,6882.293,2020-2025,47310873.33,55841.28808
2094,2020,CA,CDF,BOND,2020-12-03,2020-12-07,14,7,1.0,6681.099,2020-2025,39200475.43,52771.36548
2095,2020,CA,CDF,SNOW,2020-09-17,2020-09-24,10,2,1.0,6253.439,2020-2025,36805044.79,48686.07831
2096,2020,CA,CDF,CREWS,2020-07-05,2020-07-15,8,2,1.0,5513.191,2020-2025,35060829.5,45170.97856
2097,2020,CA,CDF,GRANT,2020-06-12,2020-06-12,2,1,1.0,5062.198,2020-2025,33560841.75,31944.67194
2098,2020,CA,NPS,WOODWARD,2020-08-18,2020-11-20,1,7,1.0,4901.727,2020-2025,32017438.93,38442.99328
2099,2020,CA,USF,RANCH2,2020-08-13,2020-10-01,14,7,1.0,4119.205,2020-2025,24427703.5,36629.8507
2100,2020,CA,USF,BEACH,2020-08-16,2020-08-27,1,7,1.0,3668.429,2020-2025,23903367.41,33018.52124
2101,2020,CA,DOD,CREEK 5,2020-12-24,2020-12-31,14,8,1.0,3052.173,2020-2025,17761235.52,30411.79422
2102,2020,CA,CDF,BRANCH,2020-07-28,2020-08-03,10,7,1.0,2922.204,2020-2025,17791770.46,37572.32948
2103,2020,CA,CCO,BENA,2020-07-01,2020-07-05,14,1,1.0,2884.41,2020-2025,17566953.14,21314.972
2104,2020,CA,CDF,MOC,2020-08-20,2020-09-05,9,1,1.0,2857.605,2020-2025,18547049.61,24671.34816
2105,2020,CA,BLM,LAURA 2,2020-11-17,2020-11-23,14,7,1.0,2729.027,2020-2025,18876446.07,54526.19056
2106,2020,CA,CDF,MEYERS,2020-08-17,2020-09-02,1,7,1.0,2360.251,2020-2025,15621426.32,22388.50201
2107,2020,CA,CCO,HOLSER,2020-08-17,2020-08-22,14,7,1.0,2188.634,2020-2025,13059172.33,19186.82943
2108,2020,CA,CDF,PASS,2020-06-28,2020-07-01,11,1,1.0,2163.698,2020-2025,13770400.12,16695.52567
2109,2020,CA,CDF,HILLS,2020-08-15,2020-09-27,1,2,1.0,2120.98,2020-2025,13134178.93,20374.51688
2110,2020,CA,NPS,WOLF,2020-08-10,2020-11-19,1,7,2.0,2057.296,2020-2025,13386476.63,23606.28773
2111,2020,CA,USF,FOX,2020-09-14,2020-09-28,4,3,1.0,2027.554,2020-2025,14524107.97,35565.75751
2112,2020,CA,CDF,POND,2020-08-01,2020-08-09,7,1,1.0,1962.329,2020-2025,11977219.27,27175.70695
2113,2020,CA,CDF,SANDERSON,2020-12-13,2020-12-14,4,7,1.0,1954.651,2020-2025,11511422.74,19690.78285
2114,2020,CA,CDF,QUAIL,2020-06-06,2020-06-18,14,7,1.0,1841.0,2020-2025,12174059.36,16855.23955
2115,2020,CA,USF,FORK,2020-09-08,2020-11-08,14,7,1.0,1668.45,2020-2025,11191288.77,27875.0338
2116,2020,CA,CDF,SODA,2020-06-10,2020-06-10,10,6,1.0,1653.114,2020-2025,10073813.3,19675.84924
2117,2020,CA,CDF,SALT,2020-08-18,2020-08-28,9,1,1.0,1593.732,2020-2025,10403242.57,16443.51696
2118,2020,CA,CCO,SOLEDAD,2020-07-05,2020-07-07,9,1,1.0,1525.536,2020-2025,9101965.324,23117.55826
2119,2020,CA,CDF,COYOTE,2020-07-15,2020-07-18,14,1,1.0,1485.075,2020-2025,9360859.672,16996.49701
2120,2020,CA,CDF,WALKER,2020-06-16,2020-06-23,9,2,1.0,1398.004,2020-2025,9143297.871,19226.90335
2121,2020,CA,USF,DALTON ,2020-07-23,2020-08-15,1,3,1.0,1367.078,2020-2025,9939544.84,23649.39721
2122,2020,CA,NPS,SCORPION,2020-05-31,2020-06-05,2,1,1.0,1320.728,2020-2025,7802740.031,28437.06377
2123,2020,CA,NPS,MORAINE,2020-08-21,2020-12-29,1,2,1.0,1316.038,2020-2025,8306597.441,15529.47741
2124,2020,CA,CDF,WILLOWS,2020-09-09,2020-10-13,7,3,1.0,1309.09,2020-2025,8877495.797,15221.41054
2125,2020,CA,CDF,OAK,2020-09-07,2020-09-28,9,7,1.0,1146.466,2020-2025,7799786.219,18184.11758
2126,2020,CA,CDF,AIRPORT,2020-12-01,2020-12-13,14,2,1.0,1085.7,2020-2025,6394320.586,21111.07575
2127,2020,CA,NPS,IVANPAH,2020-06-22,2020-06-26,8,8,1.0,1051.485,2020-2025,6385724.965,12295.63866
2128,2020,CA,CDF,GRADE,2020-06-22,2020-06-25,7,1,1.0,1050.24,2020-2025,6599440.164,13592.22281
2129,2020,CA,USF,ALLEN,2020-07-21,2020-08-27,1,3,1.0,1034.795,2020-2025,7439245.473,19543.30775
2130,2020,CA,DOD,INDIA,2020-06-09,2020-06-14,9,8,1.0,959.2821,2020-2025,5579077.5,15945.70344
2131,2020,CA,CDF,1-12,2020-08-24,2020-09-10,1,1,1.0,946.5836,2020-2025,6530778.578,18556.52565
2132,2020,CA,CDF,5-4 POTTERS ,2020-08-17,2020-09-10,1,1,1.0,925.4019,2020-2025,6307904.035,16613.48391
2133,2020,CA,USF,ADAMS,2020-07-26,2020-07-31,1,2,1.0,901.6728,2020-2025,6213201.703,14572.36531
2134,2020,CA,CDF,BITTER,2020-06-16,2020-06-20,10,1,1.0,895.4044,2020-2025,5605739.777,12797.67401
2135,2020,CA,USF,SHOTGUN,2020-08-19,2021-01-04,1,3,1.0,840.8506,2020-2025,5256307.855,23325.47131
2136,2020,CA,CDF,CREEK,2020-08-18,2020-08-26,10,7,1.0,834.2442,2020-2025,5727850.402,12821.81315
2137,2020,CA,CCO,LIME,2020-06-10,2020-06-17,14,7,1.0,802.5537,2020-2025,4788548.145,13860.1065
2138,2020,CA,CDF,COTTONWOOD,2020-07-27,2020-07-29,10,4,1.0,788.082,2020-2025,5019931.582,13227.93484
2139,2020,CA,CDF,CLAY,2020-07-29,2020-07-29,3,1,1.0,740.1123,2020-2025,4886122.641,15488.66036
2140,2020,CA,CDF,ELK,2020-08-16,2020-08-17,1,1,1.0,730.4814,2020-2025,4982413.309,12016.13872
2141,2020,CA,CDF,JONES,2020-08-17,2020-09-28,1,3,1.0,705.546,2020-2025,4770841.824,15226.05477
2142,2020,CA,CCO,DRUM,2020-06-14,2020-06-17,2,1,1.0,695.4706,2020-2025,4167186.676,18011.62011
2143,2020,CA,CDF,AMORUSO,2020-06-01,2020-06-04,2,1,1.0,685.585,2020-2025,4578171.914,12399.37539
2144,2020,CA,USF,BULLFROG,2020-09-08,2020-11-09,14,7,1.0,654.6398,2020-2025,4175193.848,10191.63846
2145,2020,CA,USF,ROWHER,2020-07-01,2020-07-09,7,7,1.0,648.1807,2020-2025,3876623.852,17177.21978
2146,2020,CA,USF,TRIMMER,2020-08-03,2020-09-01,14,8,1.0,593.8648,2020-2025,3765339.039,10322.53487
2147,2020,CA,BLM,R-2 TRUMBULL,2020-06-23,2020-06-28,1,1,1.0,576.6608,2020-2025,4040625.441,15222.41121
2148,2020,CA,CDF,SITES,2020-08-02,2020-08-02,14,1,1.0,569.5134,2020-2025,3854750.738,8133.105361
2149,2020,CA,CDF,LAKE,2020-07-04,2020-07-04,10,1,1.0,567.0063,2020-2025,3459823.297,14090.65428
2150,2020,CA,BLM,R-8 PINECODE,2020-08-24,2020-08-29,1,7,1.0,566.4945,2020-2025,4002114.391,13005.85523
2151,2020,CA,USF,COLEMAN,2020-10-18,2020-11-15,14,8,1.0,562.9138,2020-2025,3497453.773,14566.24352
2152,2020,CA,CDF,BADGER,2020-07-18,2020-07-19,10,1,1.0,557.3061,2020-2025,4060376.105,13506.56665
2153,2020,CA,DOD,PAVE PAWS,2020-08-02,2020-08-02,11,1,1.0,532.7733,2020-2025,3589054.992,10122.68925
2154,2020,CA,USF,HOG,2020-06-12,2020-06-18,14,6,1.0,527.4882,2020-2025,3342182.105,7973.111745
2155,2020,CA,CDF,MEISS,2020-08-13,2020-08-13,9,1,1.0,509.1472,2020-2025,3365238.551,10408.34868
2156,2020,CA,BLM,R-5 SNOWSTORM,2020-08-17,2020-08-18,1,4,1.0,471.722,2020-2025,3314899.777,12670.0493
2157,2020,CA,CDF,AVILA,2020-06-15,2020-06-20,14,1,1.0,434.291,2020-2025,2636154.871,15280.53623
2158,2020,CA,BLM,SODA,2020-06-17,2020-06-17,1,1,1.0,421.4699,2020-2025,2545329.93,8257.52921
2159,2020,CA,USF,HOBO,2020-09-01,2020-09-10,11,8,1.0,413.5251,2020-2025,2926304.918,10122.19591
2160,2020,CA,CDF,HENSLEY,2020-08-30,2020-09-02,7,1,1.0,398.4815,2020-2025,2538309.848,14750.30341
2161,2020,CA,DOD,VALLEY,2020-07-15,2020-07-16,14,1,1.0,376.9104,2020-2025,2538316.879,9803.350364
2162,2020,CA,CDF,PARK,2020-07-04,2020-07-10,2,2,1.0,342.5213,2020-2025,2186240.574,7516.04467
2163,2020,CA,CDF,PLATINA,2020-07-19,2020-07-21,9,1,1.0,339.4666,2020-2025,2374022.141,9206.192733
2164,2020,CA,CDF,RICO,2020-06-22,2020-06-23,11,1,1.0,338.1396,2020-2025,2094725.047,7785.799561
2165,2020,CA,USF,STUMP,2020-08-01,2020-08-11,14,8,1.0,325.4124,2020-2025,2269874.672,8490.008298
2166,2020,CA,CDF,PASS,2020-08-04,2020-08-05,10,1,1.0,323.1761,2020-2025,1991152.844,10759.2126
2167,2020,CA,CDF,WHALE,2020-08-15,2020-08-18,1,1,1.0,322.3367,2020-2025,1972454.324,6142.230578
2168,2020,CA,CCO,RIDGE,2020-07-27,2020-07-28,14,7,1.0,320.8393,2020-2025,1928676.691,12353.96593
2169,2020,CA,CCO,ELIZABETH,2020-06-10,2020-06-13,14,6,1.0,298.9597,2020-2025,1778128.586,6564.640207
2170,2020,CA,CCO,JOHNSON,2020-08-28,2020-08-29,10,1,1.0,291.9492,2020-2025,1750755.305,7290.871992
2171,2020,CA,CDF,4-8,2020-08-17,2020-08-18,1,1,1.0,278.01,2020-2025,1891689.641,8954.967188
2172,2020,CA,CDF,POINT,2020-10-25,2020-10-27,9,1,1.0,276.6583,2020-2025,1931390.746,9622.195991
2173,2020,CA,BLM,W-4 TERMO,2020-08-17,2020-08-20,1,4,1.0,265.5839,2020-2025,1883874.984,13848.35429
2174,2020,CA,BLM,BEND,2020-06-25,2020-06-27,14,7,1.0,264.3114,2020-2025,1609881.02,8049.680724
2175,2020,CA,CDF,5-6 CASCADE CREEK,2020-08-17,2020-09-10,1,1,1.0,260.1756,2020-2025,1780346.898,7022.574927
2176,2020,CA,BLM,R-1 MAPES,2020-08-10,2020-08-13,1,4,1.0,258.9581,2020-2025,1817475.813,10098.68736
2177,2020,CA,BLM,AURORA,2020-06-26,2020-07-02,1,7,1.0,238.2839,2020-2025,1567149.25,9380.459453
2178,2020,CA,USF,MARTINDALE,2020-09-28,2020-09-29,14,3,1.0,233.3453,2020-2025,1395509.25,6201.777625
2179,2020,CA,CCO,SHEEP,2020-07-30,2020-07-30,14,1,1.0,233.0561,2020-2025,1413545.836,7205.225392
2180,2020,CA,CDF,BRADLEY,2020-06-08,2020-06-09,2,1,1.0,230.3548,2020-2025,1424371.152,5835.150037
2181,2020,CA,USF,SPRING,2020-08-17,2020-08-27,1,6,1.0,228.8344,2020-2025,1601273.645,5181.593242
2182,2020,CA,USF,DAM,2020-07-30,2020-10-01,14,1,1.0,226.3658,2020-2025,1341769.281,5915.385827
2183,2020,CA,CDF,SPRINGS,2020-06-19,2020-06-22,10,1,1.0,223.8869,2020-2025,1381668.32,6273.755132
2184,2020,CA,USF,BASEBALL,2020-02-25,2020-03-03,18,8,1.0,215.5255,2020-2025,1477447.488,7197.504819
2185,2020,CA,CDF,BITTERWATER,2020-06-07,2020-06-08,11,1,1.0,210.5436,2020-2025,1313615.355,6469.821062
2186,2020,CA,USF,TEXAS,2020-08-06,2020-08-11,2,3,1.0,209.9507,2020-2025,1253999.844,7050.448059
2187,2020,CA,NPS,NORTH WHIZZ DOME,2020-08-25,2020-11-19,1,7,2.0,199.9823,2020-2025,1301046.375,5300.896432
2188,2020,CA,BLM,R-3 SKEDDADLE,2020-06-23,2020-06-28,1,1,1.0,197.5077,2020-2025,1376990.273,11419.16818
2189,2020,CA,CDF,DYER,2020-07-06,2020-07-06,8,1,1.0,194.6603,2020-2025,1296860.605,7757.246838
2190,2020,CA,CDF,HUNTER,2020-06-21,2020-06-25,4,1,1.0,194.558,2020-2025,1201839.723,6820.75933
2191,2020,CA,BLM,R-3 LITTLE FREDOYNER,2020-07-21,2020-07-26,1,1,1.0,187.3438,2020-2025,1319821.0,6833.524495
2192,2020,CA,CDF,CARRIZO,2020-08-12,2020-08-12,10,1,1.0,184.9174,2020-2025,1126390.402,4863.026813
2193,2020,CA,USF,BROOK,2020-07-29,2020-08-01,9,8,1.0,183.2128,2020-2025,1088039.621,7953.742306
2194,2020,CA,CDF,BEEGUM,2020-02-22,2020-02-23,18,2,1.0,181.4404,2020-2025,1264981.578,10696.81651
2195,2020,CA,CCO,CASTAIC,2020-08-01,2020-08-01,14,1,1.0,178.3116,2020-2025,1066001.359,6079.351514
2196,2020,CA,BLM,R-6 TUNNISON,2020-07-28,2020-07-30,1,7,1.0,175.148,2020-2025,1227196.203,5068.737188
2197,2020,CA,CDF,1-7,2020-08-17,2020-09-26,1,1,1.0,174.789,2020-2025,1207708.797,6517.765383
2198,2020,CA,CDF,BRUDER,2020-10-14,2020-10-15,14,1,1.0,169.5485,2020-2025,1001062.055,5739.959449
2199,2020,CA,CCO,BAKER,2020-06-17,2020-06-18,14,1,1.0,165.1797,2020-2025,1006161.898,7573.073402
2200,2020,CA,CDF,LAKEVILLE,2020-06-05,2020-06-05,2,6,1.0,159.6805,2020-2025,1048803.695,4456.877916
2201,2020,CA,CCO,ELSMERE,2020-08-03,2020-08-03,14,8,1.0,159.2057,2020-2025,947991.3672,8008.788574
2202,2020,CA,CDF,MINA,2020-08-10,2020-08-15,4,2,1.0,158.8692,2020-2025,1091466.074,5106.029786
2203,2020,CA,CDF,TOPAZ,2020-06-12,2020-06-12,2,1,1.0,157.1149,2020-2025,958376.8047,5750.035587
2204,2020,CA,CCO,HOLLISTER,2020-05-07,2020-05-10,11,1,1.0,157.0178,2020-2025,937233.7188,5267.798345
2205,2020,CA,CDF,GRIZZLY,2020-03-02,2020-03-06,14,1,1.0,155.273,2020-2025,1064278.563,6540.583641
2206,2020,CA,CDF,SODA,2020-07-03,2020-07-03,2,1,1.0,152.5866,2020-2025,928273.8125,4996.199946
2207,2020,CA,CDF,POWER,2020-07-11,2020-07-15,11,1,1.0,151.5495,2020-2025,967344.7031,5184.749506
2208,2020,CA,CDF,VINEYARD,2020-06-09,2020-06-18,2,1,1.0,150.4945,2020-2025,1007057.359,5675.645916
2209,2020,CA,CDF,HILL,2020-07-24,2020-07-24,10,6,1.0,139.1295,2020-2025,934300.1641,4013.696165
2210,2020,CA,CDF,AVOCADO,2020-06-30,2020-07-11,14,1,1.0,137.5814,2020-2025,933389.9766,4076.504034
2212,2020,CA,CDF,DERSCH,2020-10-25,2021-01-25,7,1,1.0,133.2995,2020-2025,933421.0508,9483.093424
2213,2020,CA,BLM,RAILROAD,2020-06-23,2020-06-25,1,1,1.0,131.8772,2020-2025,904462.6797,4927.756382
2214,2020,CA,BLM,SMOKETREE,2020-06-02,2020-06-05,8,7,1.0,129.9944,2020-2025,763479.7891,4593.449565
2215,2020,CA,CCO,SAN DIMAS,2020-11-06,2020-11-06,7,7,1.0,128.1708,2020-2025,759180.5547,3681.258025
2216,2020,CA,USF,IRIS,2020-07-21,2020-08-04,1,8,1.0,124.9983,2020-2025,805416.3711,10749.2027
2217,2020,CA,BLM,166,2020-08-03,2020-08-04,14,1,1.0,120.7202,2020-2025,728607.125,4938.812417
2218,2020,CA,CDF,PITZER,2020-07-17,2020-07-18,9,1,1.0,118.7805,2020-2025,707587.0898,5085.815638
2219,2020,CA,CDF,FORKS,2020-06-18,2020-06-21,15,1,1.0,117.2348,2020-2025,733209.3281,5251.157509
2220,2020,CA,BLM,BASIC,2020-06-24,2020-06-24,1,7,1.0,116.1777,2020-2025,702693.1914,5144.109807
2221,2020,CA,CDF,NELSON,2020-06-18,2020-06-23,11,1,1.0,109.6023,2020-2025,733134.7305,4179.743142
2222,2020,CA,CDF,CLARK,2020-08-14,2020-08-14,14,1,1.0,106.785,2020-2025,729464.8555,5533.236416
2223,2020,CA,CDF,NELSON,2020-06-17,2020-06-25,14,1,1.0,103.3316,2020-2025,703657.6367,5758.364508
2224,2020,CA,BLM,ELLIOT,2020-07-07,2020-07-13,14,7,1.0,102.6417,2020-2025,587306.4805,5400.210928
2225,2020,CA,USF,ANTELOPE,2020-02-17,2020-02-18,5,8,1.0,101.7666,2020-2025,695930.8594,4195.576081
2226,2020,CA,CDF,REDWOOD,2020-10-23,2020-10-23,2,1,1.0,101.4003,2020-2025,711099.6328,3753.852905
2228,2020,CA,USF,POINT,2020-10-26,2020-11-05,14,8,1.0,93.22421,2020-2025,625576.8945,5586.636446
2230,2020,CA,CCO,ROCK POOL,2020-08-16,2020-08-17,14,7,1.0,92.71667,2020-2025,548603.207,4264.610928
2231,2020,CA,CDF,1-8,2020-08-17,2020-09-10,1,1,1.0,92.39507,2020-2025,637869.1992,3794.789843
2232,2020,CA,CDF,CASINO,2020-07-13,2020-07-13,7,7,1.0,91.579,2020-2025,534893.168,3965.862754
2233,2020,CA,CCO,WOODY,2020-08-14,2020-08-14,14,1,1.0,90.52191,2020-2025,555702.6992,3524.333234
2234,2020,CA,BLM,STANDING ROCK,2020-07-19,2020-07-20,14,4,1.0,90.21207,2020-2025,539748.1875,7007.208039
2235,2020,CA,CDF,LIBERTY,2020-06-17,2020-06-17,5,1,1.0,88.69255,2020-2025,582787.0078,6146.408183
2236,2020,CA,CDF,HONCUT,2020-06-20,2020-06-22,14,1,1.0,88.18584,2020-2025,597747.5117,4162.198454
2237,2020,CA,CDF,SALT,2020-10-05,2020-10-05,10,6,1.0,86.66375,2020-2025,576695.5977,4835.896323
2238,2020,CA,CCO,EQUESTRIAN,2020-06-08,2020-06-09,11,1,1.0,83.61877,2020-2025,499137.7695,3815.298252
2239,2020,CA,USF,RIDGE,2020-06-17,2020-06-20,10,7,1.0,82.71301,2020-2025,511365.8203,4049.042638
2240,2020,CA,CDF,HUNTERS,2020-06-07,2020-06-11,2,1,1.0,82.1401,2020-2025,530471.418,4659.651118
2241,2020,CA,CDF,SKYLINE 3,2020-06-11,2020-06-14,14,1,1.0,79.95433,2020-2025,458460.9688,4983.22669
2242,2020,CA,BLM,BARNES,2020-08-30,2020-09-02,14,4,1.0,79.4174,2020-2025,473966.1445,3394.956152
2243,2020,CA,CCO,VIEW,2020-06-06,2020-06-07,11,1,1.0,77.05924,2020-2025,461807.9297,3887.79851
2244,2020,CA,CDF,DULUTH,2020-08-10,2020-08-12,10,1,1.0,71.94994,2020-2025,480239.207,5784.257079
2245,2020,CA,CDF,BORDER 7,2020-06-11,2020-06-13,14,1,1.0,70.65142,2020-2025,403717.0313,2918.53238
2246,2020,CA,CCO,COMANCHE,2020-07-26,2020-07-27,14,1,1.0,66.15605,2020-2025,401194.1094,4069.537767
2247,2020,CA,CDF,KINGS,2020-07-05,2020-07-05,2,1,1.0,65.94609,2020-2025,416526.9648,3621.588375
2248,2020,CA,CDF,3-19,2020-08-18,2020-10-21,1,4,1.0,65.00854,2020-2025,439629.1055,2611.286609
2249,2020,CA,CDF,II-2,2020-08-15,2020-08-15,1,1,1.0,64.87589,2020-2025,392548.4063,3325.652852
2250,2020,CA,CDF,POPE,2020-10-23,2020-10-23,10,6,1.0,64.28315,2020-2025,426249.7773,3286.326297
2251,2020,CA,BLM,HILL,2020-06-23,2020-06-25,1,1,1.0,63.22726,2020-2025,433835.0273,4078.117613
2252,2020,CA,CDF,AIRLINE,2020-12-25,2020-12-25,7,1,1.0,62.40783,2020-2025,388882.0938,5360.407905
2253,2020,CA,USF,FLAT,2020-06-30,2020-08-22,10,7,1.0,62.04057,2020-2025,438504.7578,4750.319092
2254,2020,CA,USF,MOUNT R,2020-07-03,2020-07-06,2,1,1.0,61.77013,2020-2025,366166.0508,5096.232882
2256,2020,CA,CDF,BORDER 11,2020-07-28,2020-07-30,14,1,1.0,59.76928,2020-2025,341525.9102,4060.841304
2257,2020,CA,CDF,TRIPP,2020-07-09,2020-07-09,2,7,1.0,59.73152,2020-2025,349042.7852,3773.59929
2258,2020,CA,CDF,WILLOWS,2020-12-02,2020-12-03,14,1,1.0,58.15114,2020-2025,333622.3047,4342.902697
2259,2020,CA,CDF,BAR,2020-04-25,2020-04-26,5,1,1.0,57.78563,2020-2025,406463.2305,6053.002952
2260,2020,CA,CDF,PARISH,2020-06-27,2020-06-27,14,6,1.0,57.63135,2020-2025,377416.6992,3209.251361
2261,2020,CA,USF,EASTON,2020-07-20,2020-07-21,7,8,1.0,56.79852,2020-2025,336392.4883,4628.908899
2262,2020,CA,CDF,FIELDS,2020-10-06,2020-10-09,5,1,1.0,55.32843,2020-2025,373125.2734,3143.530999
2263,2020,CA,USF,COPPER,2020-08-18,2020-08-22,1,7,1.0,54.70824,2020-2025,379644.0,4405.754997
2264,2020,CA,BLM,WOOD,2020-02-23,2020-02-23,5,6,1.0,54.35728,2020-2025,382484.0313,2872.6431
2265,2020,CA,CDF,PLACER,2020-08-25,2020-08-25,2,1,1.0,53.15897,2020-2025,324301.125,2960.151717
2267,2020,CA,CCO,LILAC,2020-10-18,2020-10-19,14,1,1.0,52.84681,2020-2025,320521.6797,3232.548108
2268,2020,CA,CDF,STAGE,2020-06-21,2020-06-22,7,1,1.0,51.16013,2020-2025,322586.0781,3336.97263
2269,2020,CA,CDF,GARDEN,2020-05-06,2020-05-09,2,1,1.0,49.00878,2020-2025,334118.9258,3611.378663
2270,2020,CA,CDF,BEN,2020-07-15,2020-07-17,11,1,1.0,48.12535,2020-2025,309356.2461,2971.192793
2271,2020,CA,CDF,SKYLINE,2020-08-03,2020-08-16,14,1,1.0,47.93214,2020-2025,281870.625,3076.177951
2272,2020,CA,USF,BAKER,2020-03-03,2020-03-07,5,6,1.0,47.61832,2020-2025,323691.3828,3530.698309
2273,2020,CA,CDF,HUASNA,2020-05-13,2020-05-13,5,1,1.0,47.4296,2020-2025,287161.2969,3280.433226
2274,2020,CA,CDF,MENTONE,2020-10-12,2020-10-13,10,6,1.0,47.27253,2020-2025,279545.1016,3559.136297
2275,2020,CA,CCO,WEST,2020-06-21,2020-06-21,14,1,1.0,46.83757,2020-2025,281528.8555,2371.90874
2276,2020,CA,CDF,COPPER,2020-09-30,2020-09-30,3,1,1.0,46.58341,2020-2025,308142.9102,3134.084533
2277,2020,CA,CDF,VOLCANO,2020-08-20,2020-08-22,9,1,1.0,46.38861,2020-2025,270454.582,2163.211527
2278,2020,CA,BLM,R-5 DRY,2020-06-23,2020-06-28,1,1,1.0,45.45549,2020-2025,316572.418,3922.004981
2280,2020,CA,CDF,CACHE,2020-07-06,2020-07-06,4,6,1.0,44.79775,2020-2025,298307.8203,2862.177473
2281,2020,CA,CCO,SHERWOOD,2020-08-29,2020-08-29,14,1,1.0,44.59859,2020-2025,273941.7656,2299.939726
2282,2020,CA,CDF,HILLS,2020-07-28,2020-07-28,9,1,1.0,44.13896,2020-2025,278570.2734,3468.796414
2283,2020,CA,CDF,FRUDDEN,2020-06-03,2020-06-04,14,1,1.0,43.21143,2020-2025,267048.3398,2652.845246
2284,2020,CA,FWS,TULE,2020-10-02,2020-10-02,2,1,1.0,43.19823,2020-2025,315974.1602,2626.825273
2285,2020,CA,USF,PUMICE ,2020-06-15,2020-06-21,1,8,1.0,43.0267,2020-2025,277498.1289,3403.530852
2286,2020,CA,CDF,DEN,2020-05-23,2020-05-23,11,1,1.0,42.87516,2020-2025,264731.4375,2238.833309
2287,2020,AZ,BIA,AHA MACAV,2020-09-11,2020-09-11,9,8,1.0,42.10368,2020-2025,254583.6406,3502.269874
2288,2020,CA,USF,GIBSON,2020-07-19,2020-07-20,9,8,1.0,41.67092,2020-2025,296706.4102,3394.082272
2289,2020,CA,CCO,FLAT,2020-07-09,2020-07-12,14,1,1.0,40.12797,2020-2025,244002.3359,3515.808805
2290,2020,CA,CDF,JOHNSON,2020-08-04,2020-08-05,14,1,1.0,39.91976,2020-2025,250837.0938,2822.623525
2291,2020,CA,CDF,WATT,2020-06-11,2020-06-13,14,1,1.0,39.86606,2020-2025,265518.2227,3532.947958
2292,2020,CA,CCO,PERKIN,2020-12-08,2020-12-11,14,7,1.0,39.82645,2020-2025,236398.9258,2695.474566
2293,2020,CA,USF,FEATHER,2020-08-13,2020-08-17,2,1,1.0,39.70483,2020-2025,271903.3594,5203.518928
2294,2020,CA,USF,PITMAN,2020-12-26,2020-12-26,2,7,1.0,39.66626,2020-2025,235298.9688,3027.958161
2295,2020,CA,CDF,SIERRA,2020-06-08,2020-06-08,8,1,1.0,39.05026,2020-2025,229655.6602,6088.606313
2296,2020,CA,CCO,JOHNSON,2020-08-05,2020-08-06,14,1,1.0,38.07296,2020-2025,230876.0781,2953.056531
2297,2020,CA,USF,IRON,2020-08-17,2020-08-22,1,7,1.0,37.90358,2020-2025,262137.0313,2710.740885
2298,2020,CA,CDF,SHACKLEFORD,2020-09-11,2020-09-11,14,1,1.0,37.65027,2020-2025,272468.9805,2903.044779
2299,2020,CA,CDF,SCHOOLHOUSE,2020-09-09,2020-09-09,14,1,1.0,37.06404,2020-2025,269098.0898,2367.926695
2300,2020,CA,CDF,PFE,2020-07-05,2020-07-05,14,1,1.0,36.70193,2020-2025,244431.5273,3012.198354
2301,2020,CA,CDF,GREEN,2020-06-14,2020-06-14,9,1,1.0,36.14019,2020-2025,213904.1094,3125.917768
2302,2020,CA,CDF,WATER,2020-08-02,2020-08-02,14,7,1.0,36.02038,2020-2025,212564.4766,3032.668537
2303,2020,CA,BLM,ORANGE,2020-09-19,2020-10-06,14,6,1.0,35.97919,2020-2025,212844.7578,3375.206663
2304,2020,CA,CCO,VISTA ,2020-09-09,2020-09-09,14,1,1.0,34.71796,2020-2025,210541.8242,2535.847867
2305,2020,CA,CDF,WILLOW,2020-03-10,2020-03-11,5,1,1.0,33.97389,2020-2025,230549.7813,2477.151815
2306,2020,CA,USF,33,2020-05-22,2020-05-24,2,1,1.0,33.6675,2020-2025,202790.1563,3052.428607
2307,2020,CA,CDF,JUAN,2020-07-05,2020-07-05,11,6,1.0,33.28214,2020-2025,203983.5859,2251.941808
2308,2020,CA,CDF,METZ,2020-05-24,2020-05-24,2,1,1.0,33.09181,2020-2025,207268.6953,3239.205524
2309,2020,CA,CDF,GAGE,2020-06-28,2020-06-28,2,1,1.0,33.05524,2020-2025,203234.3711,3411.537511
2310,2020,CA,BLM,CIMA,2020-09-04,2020-09-06,14,1,1.0,32.43561,2020-2025,198352.5977,3584.988413
2311,2020,CA,CDF,CIRCLE,2020-10-07,2020-10-08,8,1,1.0,32.20207,2020-2025,200531.3789,2582.135487
2312,2020,CA,CDF,GATOS,2020-04-26,2020-04-26,2,1,1.0,31.95898,2020-2025,199029.6367,2149.264853
2313,2020,CA,CDF,GRAND,2020-10-15,2020-10-20,14,1,1.0,31.06108,2020-2025,211492.5273,3068.50147
2314,2020,CA,NPS,HORSE,2020-08-23,2020-11-19,1,1,2.0,30.1925,2020-2025,195135.8789,5326.920237
2315,2020,CA,CDF,KARCHNER,2020-06-05,2020-06-06,2,1,1.0,30.02494,2020-2025,201532.5898,1974.730536
2317,2020,CA,CDF,INDIAN,2020-06-26,2020-06-28,9,1,1.0,29.49193,2020-2025,172265.7422,2363.192692
2318,2020,CA,CCO,KIRSCHEMANN,2020-05-28,2020-05-28,2,1,1.0,28.75139,2020-2025,173394.8477,1724.029761
2319,2020,CA,CCO,TWITCHELL,2020-06-06,2020-06-06,1,1,1.0,28.68455,2020-2025,173213.0781,3330.00789
2320,2020,CA,LRA,SIMPSON,2020-10-15,2020-10-17,14,6,1.0,28.57458,2020-2025,192491.0586,1971.429707
2321,2020,CA,CDF,CRONAN,2020-06-09,2020-06-09,2,1,1.0,28.27121,2020-2025,188749.9883,1949.28488
2322,2020,CA,CDF,MOUNTAIN,2020-06-17,2020-06-17,11,6,1.0,28.20186,2020-2025,185579.5703,2577.978049
2323,2020,CA,CDF,VISTA,2020-06-21,2020-06-22,11,1,1.0,27.80219,2020-2025,176097.0586,2666.986283
2324,2020,CA,CDF,2-26,2020-08-17,2020-09-10,1,1,1.0,27.64174,2020-2025,191103.5742,1987.669251
2325,2020,CA,CDF,ATHENS,2020-08-10,2020-08-11,14,1,1.0,27.30048,2020-2025,182387.6445,2119.19412
2326,2020,CA,CDF,SUTTER,2020-05-24,2020-05-24,11,1,1.0,26.95898,2020-2025,167316.2422,1946.584466
2327,2020,CA,CCO,PEAK,2020-08-11,2020-08-11,10,7,1.0,26.72971,2020-2025,158808.4492,1872.924436
2328,2020,CA,CDF,SYCAMORE,2020-06-23,2020-06-25,7,1,1.0,26.59245,2020-2025,168936.418,2418.989114
2329,2020,CA,CDF,STAGE,2020-09-23,2020-09-23,11,6,1.0,26.56782,2020-2025,174493.5117,2879.021708
2330,2020,CA,CDF,RED,2020-04-23,2020-04-24,5,1,1.0,26.40666,2020-2025,182659.8945,2684.268887
2331,2020,CA,CCO,LITO,2020-09-07,2020-09-07,9,1,1.0,25.82244,2020-2025,154580.9141,1976.451964
2332,2020,CA,CDF,LYONS,2020-10-13,2020-10-13,10,6,1.0,25.58551,2020-2025,172188.1055,2419.233863
2333,2020,CA,BLM,HORN,2020-06-02,2020-06-03,14,1,1.0,25.20167,2020-2025,178314.4883,3307.505489
2334,2020,CA,USF,BIRD,2020-07-21,2020-07-23,1,1,1.0,25.04811,2020-2025,173300.7734,2078.422954
2335,2020,CA,CDF,CROSS,2020-10-07,2020-10-07,2,1,1.0,24.49597,2020-2025,151625.8359,2109.645491
2336,2020,CA,CDF,BERRY,2020-08-01,2020-08-01,2,1,1.0,24.21436,2020-2025,148446.5703,2849.763563
2337,2020,CA,CCO,PARK,2020-07-05,2020-07-07,14,1,1.0,24.09784,2020-2025,141579.5117,2020.079466
2338,2020,CA,BLM,STANDARD,2020-07-05,2020-07-05,14,1,1.0,23.77994,2020-2025,145240.625,2905.421948
2339,2020,CA,CDF,MINER,2020-07-25,2020-07-25,14,1,1.0,23.13611,2020-2025,166418.6016,2899.109655
2340,2020,CA,CDF,HUTTON,2020-12-07,2020-12-07,14,1,1.0,22.70941,2020-2025,137253.6133,2046.486098
2341,2020,CA,FWS,SANDY,2020-09-08,2020-09-08,10,1,1.0,22.68961,2020-2025,144926.9023,2730.386688
2342,2020,CA,CDF,COPPERHEAD,2020-10-26,2020-10-26,2,1,1.0,22.66812,2020-2025,139948.1719,1915.848542
2343,2020,CA,CDF,FARRIER,2020-07-24,2020-07-31,8,1,1.0,22.6343,2020-2025,150787.4414,1693.89813
2344,2020,CA,CCO,KUEHNER 2,2020-07-07,2020-07-07,14,4,1.0,22.42503,2020-2025,133219.2539,2186.40052
2345,2020,CA,CCO,WATER,2020-12-02,2020-12-03,14,1,1.0,22.27073,2020-2025,134343.5703,2196.957677
2346,2020,CA,CDF,CATHOLIC,2020-09-01,2020-09-01,10,6,1.0,22.23492,2020-2025,149261.957,1451.68021
2347,2020,CA,CDF,BRIM,2020-07-19,2020-07-19,9,6,1.0,21.9246,2020-2025,147766.668,2296.01739
2348,2020,CA,CDF,DUNFIELD,2020-03-13,2020-03-13,5,6,1.0,21.91274,2020-2025,150780.5195,1856.856932
2349,2020,CA,BLM,PINEY,2020-05-11,2020-05-23,2,1,1.0,21.87061,2020-2025,134344.582,2685.9398
2350,2020,CA,CDF,LAMBERT,2020-10-04,2020-10-04,9,1,1.0,21.81627,2020-2025,144216.9492,1873.866967
2351,2020,CA,CDF,JULIUS,2020-05-17,2020-05-17,11,1,1.0,21.76851,2020-2025,135336.3047,2165.334368
2352,2020,CA,CDF,FRONTIER,2020-06-23,2020-06-23,7,1,1.0,21.7087,2020-2025,137924.6289,1565.048464
2353,2020,CA,CDF,2-28,2020-08-17,2020-09-10,1,1,1.0,21.37203,2020-2025,147417.5469,1901.836225
2354,2020,CA,CDF,KIRKLAND,2020-07-27,2020-07-27,11,6,1.0,21.10397,2020-2025,138551.1094,1836.36067
2355,2020,CA,CDF,TAR,2020-08-13,2020-08-18,1,1,1.0,20.48829,2020-2025,126743.3164,1688.988884
2356,2020,CA,CDF,III_2,2020-08-15,2020-08-15,1,1,1.0,20.435,2020-2025,125110.832,1838.694102
2357,2020,CA,CDF,INDIAN,2020-08-26,2020-08-26,14,1,1.0,20.42734,2020-2025,137415.957,2058.552387
2358,2020,CA,CDF,COAST,2020-06-29,2020-06-29,7,7,1.0,20.2083,2020-2025,128343.1602,1702.000922
2359,2020,CA,CCO,BLUE,2020-08-16,2020-08-17,14,1,1.0,19.94945,2020-2025,120367.2109,1994.094611
2360,2020,CA,CCO,CLARK,2020-12-16,2020-12-16,7,1,1.0,18.82918,2020-2025,113445.0039,2217.942008
2361,2020,CA,CDF,CRESTA BLANCA,2020-06-10,2020-06-10,10,1,1.0,18.42477,2020-2025,112122.3477,1440.234946
2362,2020,CA,CDF,BROWN,2020-09-22,2020-09-23,11,1,1.0,18.3533,2020-2025,116118.1602,1399.693051
2363,2020,CA,USF,BALD,2020-07-28,2020-08-01,1,6,1.0,17.9241,2020-2025,127838.6602,1380.620548
2364,2020,CA,CDF,SIERRA,2020-05-24,2020-05-24,10,6,1.0,17.90481,2020-2025,117854.6523,1821.154772
2365,2020,CA,CCO,BALLARD,2020-10-31,2020-10-31,14,1,1.0,17.29714,2020-2025,103688.5078,2112.363662
2366,2020,CA,CDF,SPANISH,2020-05-24,2020-05-24,2,6,1.0,17.29441,2020-2025,115108.8281,1342.050066
2367,2020,CA,CDF,RIDGE,2020-09-14,2021-01-14,10,1,1.0,17.10545,2020-2025,119773.0742,2050.818243
2368,2020,CA,BLM,POWER,2020-05-29,2020-06-12,14,1,1.0,17.04566,2020-2025,97760.89844,1788.22586
2369,2020,CA,CCO,DEVILS GULCH,2020-08-16,2020-08-16,1,1,1.0,16.94518,2020-2025,110702.9922,2153.502821
2370,2020,CA,USF,LAGO,2020-05-09,2020-05-09,2,8,1.0,16.89021,2020-2025,101283.9141,1364.39909
2371,2020,CA,USF,GIFFORD ,2020-06-08,2020-06-10,10,7,1.0,16.80192,2020-2025,101776.9531,2249.649291
2372,2020,CA,CDF,LEOPARD,2020-05-31,2020-05-31,7,1,1.0,16.629,2020-2025,116484.6875,2867.553878
2373,2020,CA,CDF,OAKS,2020-06-08,2020-06-08,9,8,1.0,16.56991,2020-2025,97329.46484,1567.898459
2374,2020,CA,CCO,VISTA,2020-06-12,2020-06-12,14,4,1.0,16.15369,2020-2025,95632.78906,3240.069214
2375,2020,CA,CCO,MEDIO,2020-08-28,2020-08-28,14,7,1.0,16.061,2020-2025,95454.09766,1272.472149
2376,2020,CA,CDF,LOCUST,2020-12-31,2020-12-31,5,1,1.0,15.85951,2020-2025,105708.1484,1604.873418
2377,2020,CA,CDF,FRANCISCAN,2020-08-15,2020-08-15,2,1,1.0,15.77986,2020-2025,110504.7227,2337.834049
2378,2020,CA,CDF,PINES,2020-08-13,2020-08-13,9,1,1.0,15.73703,2020-2025,109947.4375,1828.767568
2379,2020,CA,CDF,RIATA,2020-06-16,2020-06-16,2,1,1.0,15.23254,2020-2025,92896.53125,1633.05767
2380,2020,CA,USF,ADOBE,2020-05-07,2020-05-07,4,8,1.0,15.18358,2020-2025,89918.67578,1308.530254
2381,2020,CA,USF,BROCK,2020-06-04,2020-06-06,1,6,1.0,14.98823,2020-2025,106066.8438,1875.808859
2383,2020,CA,CDF,FEATHER,2020-07-20,2020-07-22,14,1,1.0,14.74074,2020-2025,100343.9023,1522.437471
2384,2020,CA,CDF,JENNY 2-3,2020-07-27,2020-07-27,1,1,1.0,14.63708,2020-2025,107366.6484,1594.562538
2385,2020,CA,USF,NAIL,2020-07-07,2020-07-10,14,8,1.0,14.59024,2020-2025,98873.72656,1577.041396
2386,2020,CA,USF,BRIDGE,2020-07-27,2020-07-28,1,6,1.0,14.58706,2020-2025,103093.4414,1611.808419
2387,2020,CA,CDF,CAMERON,2020-10-18,2020-10-18,10,1,1.0,14.42604,2020-2025,95882.97266,2402.690167
2388,2020,CA,NPS,BULL,2020-09-05,2020-09-05,10,8,1.0,14.08969,2020-2025,86008.04297,2031.575109
2389,2020,CA,BLM,PARKER DAM,2020-02-17,2020-02-24,9,6,1.0,13.9922,2020-2025,83136.4375,1893.315273
2390,2020,CA,CCO,ACTON,2020-09-28,2020-09-28,9,1,1.0,13.84105,2020-2025,82643.65625,1485.448423
2391,2020,CA,CDF,TOWNSEND,2020-05-17,2020-05-17,5,1,1.0,13.73043,2020-2025,99819.98828,1808.098667
2392,2020,CA,CDF,RIOSA,2020-06-15,2020-06-15,11,1,1.0,13.69472,2020-2025,91856.85156,1743.670874
2393,2020,CA,USF,FLAT,2020-07-25,2020-08-06,14,8,1.0,13.64789,2020-2025,99102.41797,1682.473732
2394,2020,CA,CCO,DUTARD,2020-11-23,2020-11-23,14,1,1.0,13.63339,2020-2025,82188.75,1360.382138
2395,2020,CA,CDF,TEDDY,2020-06-18,2020-06-23,14,1,1.0,13.27956,2020-2025,90049.49609,1648.633067
2396,2020,CA,CDF,ROSA,2020-02-26,2020-02-26,5,1,1.0,13.27444,2020-2025,93994.49219,1973.219331
2397,2020,CA,CDF,MURPHY,2020-08-17,2020-08-17,11,1,1.0,13.25112,2020-2025,88455.00391,1534.422293
2398,2020,CA,CDF,TODD,2020-07-26,2020-07-26,2,1,1.0,13.09678,2020-2025,82632.57422,1596.150515
2400,2020,CA,CDF,FLEMING,2020-03-31,2020-04-01,9,1,1.0,12.93155,2020-2025,86679.44531,2029.524881
2401,2020,CA,BLM,MYER,2020-06-12,2020-06-14,2,1,1.0,12.8949,2020-2025,73799.39453,2477.694012
2402,2020,CA,CCO,QUAIL,2020-10-09,2020-10-09,5,1,1.0,12.85847,2020-2025,77284.28906,1617.638377
2403,2020,CA,CCO,RAYBURN,2020-08-22,2020-08-22,14,1,1.0,12.39058,2020-2025,74128.78125,1417.429551
2404,2020,CA,CDF,1-11,2020-08-17,2020-09-10,1,1,1.0,12.20918,2020-2025,84049.51953,1243.225444
2405,2020,CA,CCO,GAREY,2020-11-29,2020-12-01,2,1,1.0,12.15279,2020-2025,73228.81641,2428.688985
2406,2020,CA,USF,MURPHY,2020-06-15,2020-06-16,14,1,1.0,12.08647,2020-2025,79680.21094,2712.269198
2407,2020,CA,CDF,URSULINE,2020-09-21,2020-09-21,2,6,1.0,11.93184,2020-2025,78948.84766,1614.569736
2408,2020,CA,CCO,3 POINTS,2020-07-05,2020-07-05,14,1,1.0,11.78609,2020-2025,70801.65234,1043.062499
2409,2020,CA,USF,QUARTER,2020-06-20,2020-07-02,14,1,1.0,11.58482,2020-2025,75798.24609,2009.123339
2410,2020,CA,CCO,RESERVE,2020-08-04,2020-08-05,14,1,1.0,11.50082,2020-2025,70018.61719,1757.170789
2411,2020,CA,USF,DAVIS 3,2020-09-09,2020-09-09,7,1,1.0,11.43486,2020-2025,78674.23047,1866.907672
2412,2020,CA,CDF,THERMAL,2020-08-30,2020-08-30,11,1,1.0,11.4255,2020-2025,72166.10156,1779.664104
2413,2020,CA,BLM,LULU,2020-06-28,2020-06-28,14,7,1.0,11.38438,2020-2025,69067.75781,1970.510506
2414,2020,CA,USF,PINE,2020-07-28,2020-07-30,1,7,1.0,11.31372,2020-2025,80661.51563,1486.618169
2415,2020,CA,BLM,TRAMWAY,2020-06-29,2020-06-29,2,8,1.0,11.13794,2020-2025,65508.20703,2049.900304
2416,2020,CA,CDF,MINE,2020-12-24,2020-12-24,5,1,1.0,11.07413,2020-2025,77436.85156,1825.22881
2417,2020,CA,CDF,BOOMER,2020-07-04,2020-07-05,14,1,1.0,10.92989,2020-2025,69080.47656,1436.730064
2418,2020,CA,CCO,GARCES,2020-09-19,2020-09-19,14,1,1.0,10.84567,2020-2025,66796.20313,1328.693797
2419,2020,CA,CDF,INWOOD,2020-07-31,2020-07-31,11,1,1.0,10.81982,2020-2025,75886.625,1545.979983
2420,2020,CA,USF,HARRIS,2020-05-11,2020-05-11,2,6,1.0,10.61657,2020-2025,76484.97656,1092.24649
2421,2020,CA,CDF,LYTLE,2020-06-07,2020-06-20,9,1,1.0,10.51064,2020-2025,62353.89453,1315.802175
2422,2020,CA,CDF,BEAR,2020-02-15,2020-02-15,5,1,1.0,10.47374,2020-2025,73476.59375,1526.389401
2423,2020,CA,USF,KENWOOD,2020-07-26,2020-07-26,9,6,1.0,10.37327,2020-2025,61594.26172,996.9470816
2424,2020,CA,CDF,MELANESE,2020-04-14,2020-04-19,18,1,1.0,10.31596,2020-2025,70179.13281,1342.742903
2425,2020,CA,CDF,SPRINGS,2020-08-09,2020-08-09,8,1,1.0,10.29982,2020-2025,72441.71875,1425.501396
2426,2020,CA,CCO,GATO,2020-07-31,2020-07-31,14,1,1.0,10.23549,2020-2025,61602.98438,1351.126874
2427,2020,CA,CDF,WALDO,2020-07-09,2020-07-12,9,1,1.0,10.10221,2020-2025,68043.03125,1425.986342
2428,2020,CA,CCO,CAMELOT ,2020-07-15,2020-07-15,14,1,1.0,9.619454,2020-2025,58281.23828,1464.915279
2429,2020,CA,USF,RALPH ,2020-08-15,2020-08-18,1,8,1.0,9.390384,2020-2025,55017.73047,911.3419211
2430,2020,CA,CCO,UNNAMED FIRE,2020-07-04,2020-07-04,14,1,1.0,9.183166,2020-2025,56002.55078,1003.400521
2431,2020,CA,CCO,MOCKINGBIRD,2020-06-12,2020-06-12,7,1,1.0,8.885991,2020-2025,52979.12891,1631.698545
2432,2020,CA,CDF,PLEASANTS,2020-05-27,2020-05-27,11,6,1.0,8.70067,2020-2025,57423.28125,1049.611998
2433,2020,CA,CCO,GOODENOUGH,2020-07-12,2020-07-12,14,1,1.0,8.415433,2020-2025,50222.55078,1024.562309
2434,2020,CA,CCO,PALM,2020-09-11,2020-09-11,14,1,1.0,8.40679,2020-2025,49643.26953,935.2502035
2435,2020,CA,CDF,NOYES 1-14,2020-07-28,2020-07-28,1,5,1.0,8.12013,2020-2025,58507.51172,1083.497926
2436,2020,CA,CCO,NICHOLS,2020-07-09,2020-07-10,3,1,1.0,8.119417,2020-2025,47444.49219,1127.394562
2437,2020,CA,CDF,SMARTSVILLE,2020-07-09,2020-07-09,2,6,1.0,8.089746,2020-2025,54598.72656,1248.013235
2438,2020,CA,CDF,LIBERTY,2020-07-20,2020-07-20,14,1,1.0,8.055594,2020-2025,58474.14453,1378.939692
2439,2020,CA,CDF,RESERVOIR,2020-11-02,2020-11-02,8,1,1.0,8.031864,2020-2025,48884.49219,1039.327264
2440,2020,CA,CDF,CAMATTA,2020-07-08,2020-07-08,2,1,1.0,7.910181,2020-2025,48416.86719,1367.624296
2441,2020,CA,CDF,WILLIAMS,2020-08-07,2020-08-08,2,1,1.0,7.809119,2020-2025,45806.50781,1017.77717
2442,2020,CA,CDF,DELTA,2020-10-04,2020-10-04,9,1,1.0,7.60073,2020-2025,46338.19531,854.7385244
2443,2020,CA,USF,GULCH,2020-11-27,2020-12-01,4,1,1.0,7.514976,2020-2025,44508.71484,1710.159717
2444,2020,CA,CDF,MULE,2020-06-20,2020-06-20,9,1,1.0,7.356201,2020-2025,49368.41797,1085.173183
2445,2020,CA,CCO,CANYON,2020-12-13,2020-12-13,11,1,1.0,7.26888,2020-2025,42854.96484,1243.215993
2446,2020,CA,CCO,178,2020-07-25,2020-07-25,14,1,1.0,7.222607,2020-2025,44084.92578,1326.498512
2447,2020,CA,CCO,LAGUNA,2020-06-12,2020-06-12,10,1,1.0,7.162426,2020-2025,41901.48828,1951.17456
2448,2020,CA,CDF,POND,2020-07-26,2020-07-26,8,1,1.0,7.086052,2020-2025,44869.48438,1121.274971
2449,2020,CA,CCO,210TH,2020-07-05,2020-07-05,14,1,1.0,7.067647,2020-2025,42477.21484,1320.893774
2450,2020,CA,CDF,ENERGY,2020-08-29,2020-08-29,11,1,1.0,6.926877,2020-2025,42240.69922,809.3107486
2451,2020,CA,CDF,TOPAZ,2020-07-03,2020-07-03,11,1,1.0,6.894768,2020-2025,42062.35156,953.3101944
2452,2020,CA,CCO,COCHRAN,2020-07-12,2020-07-12,14,4,1.0,6.860256,2020-2025,40761.76563,1269.327184
2453,2020,CA,CDF,BRUNO,2020-02-28,2020-02-28,7,1,1.0,6.789666,2020-2025,43968.58203,915.53907
2454,2020,CA,CCO,TOPANGA,2020-09-08,2020-09-08,10,1,1.0,6.732281,2020-2025,39790.87891,861.9444551
2455,2020,CA,CDF,ARROW,2020-08-08,2020-08-08,2,6,1.0,6.730837,2020-2025,44246.10547,870.9267525
2456,2020,CA,CCO,HASLEY,2020-06-11,2020-06-11,2,1,1.0,6.671049,2020-2025,39807.84375,1091.07306
2457,2020,CA,CDF,STONY,2020-06-18,2020-06-18,14,6,1.0,6.585587,2020-2025,43386.19141,945.0959644
2458,2020,CA,CDF,LINNE,2020-05-29,2020-05-29,11,1,1.0,6.545331,2020-2025,40162.78906,964.076872
2459,2020,CA,CDF,2-30,2020-08-17,2020-09-10,1,1,1.0,6.258504,2020-2025,43254.51563,894.8329101
2460,2020,CA,CCO,COLIMA,2020-06-09,2020-06-09,14,1,1.0,6.245241,2020-2025,36841.3125,913.0271981
2461,2020,CA,CDF,DUNNIGAN,2020-06-17,2020-06-17,11,6,1.0,6.125275,2020-2025,40892.79297,931.6338228
2462,2020,CA,CCO,CROSS,2020-06-11,2020-06-11,14,1,1.0,6.081589,2020-2025,36961.96094,804.7654223
2463,2020,CA,CDF,GREEN,2020-07-12,2020-07-12,10,6,1.0,6.077057,2020-2025,37234.10938,772.6584469
2464,2020,CA,CDF,SHED,2020-08-05,2020-08-05,10,6,1.0,6.066731,2020-2025,37202.94141,891.8862491
2465,2020,CA,CDF,JACK,2020-06-12,2020-06-12,14,1,1.0,5.797983,2020-2025,35676.14453,1180.389942
2466,2020,CA,CCO,WOFFORD ,2020-09-28,2020-09-28,14,1,1.0,5.788857,2020-2025,35604.8125,788.0943571
2467,2020,CA,USF,KARE,2020-05-27,2020-05-30,9,7,1.0,5.767348,2020-2025,34124.86328,990.8707756
2468,2020,CA,CDF,DIGGER/QUAIL,2020-07-08,2020-07-08,2,6,1.0,5.713114,2020-2025,37786.64453,744.2096018
2469,2020,CA,CDF,OAT,2020-05-28,2020-05-28,10,6,1.0,5.638311,2020-2025,37564.24219,875.1047293
2470,2020,CA,CCO,PIERCE,2020-09-27,2020-09-27,2,1,1.0,5.636059,2020-2025,36788.51953,892.7627061
2471,2020,CA,CDF,SALMON,2020-09-10,2020-09-10,2,6,1.0,5.429207,2020-2025,36258.02734,788.0086167
2472,2020,CA,CCO,WAVE,2020-10-10,2020-10-10,14,4,1.0,5.205859,2020-2025,30752.69922,1214.2864
2473,2020,CA,USF,BLUE,2020-10-16,2020-10-20,1,3,1.0,5.151273,2020-2025,30685.82031,1142.823363
2474,2020,CA,CDF,MEADOW,2020-07-22,2020-07-22,8,6,1.0,5.033767,2020-2025,30598.80469,639.2592509
2475,2020,CA,CDF,WEBSTER,2020-07-06,2020-07-06,8,1,1.0,4.872211,2020-2025,29807.06641,1122.813971
2476,2020,CA,CDF,BLUE LAKES,2020-02-29,2020-08-29,9,1,1.0,4.366047,2020-2025,29309.69922,806.2678602
2477,2020,CA,CCO,CALGROVE,2020-06-30,2020-06-30,2,1,1.0,4.228073,2020-2025,25169.72266,677.9215312
2478,2020,CA,CDF,LUCERNE,2020-09-20,2020-09-20,7,1,2.0,4.12193,2020-2025,27757.0,1011.526017
2479,2020,CA,CDF,CANAL,2020-09-08,2020-09-08,14,6,1.0,4.073067,2020-2025,27431.14063,1554.701379
2480,2020,CA,CCO,LEWIS,2020-07-23,2020-07-23,14,1,1.0,3.967361,2020-2025,23507.46484,836.5455909
2481,2020,CA,CDF,SPRING,2020-08-12,2020-08-12,10,6,1.0,3.958437,2020-2025,24317.14063,938.0451171
2482,2020,CA,CDF,CEMENT,2020-06-02,2020-06-02,14,6,1.0,3.509619,2020-2025,23163.33984,660.8355883
2483,2020,CA,CDF,ORR,2020-06-18,2020-06-18,2,1,1.0,3.503062,2020-2025,25465.05469,644.6622742
2484,2020,CA,CCO,HILL,2020-06-04,2020-06-04,14,1,1.0,3.485558,2020-2025,20568.64453,556.0237113
2485,2020,CA,CDF,VENICE,2020-07-11,2020-07-11,2,1,1.0,3.359791,2020-2025,20581.57422,816.4412876
2486,2020,CA,CDF,DAVIS,2020-07-19,2020-07-19,10,6,1.0,3.257213,2020-2025,20046.00781,1958.747247
2487,2020,CA,CCO,EXTENSION INC,2020-07-11,2020-07-12,14,1,1.0,3.246279,2020-2025,19846.08594,643.1194961
2488,2020,CA,CDF,CHOLAME,2020-08-18,2020-08-18,14,1,1.0,3.230342,2020-2025,19902.26953,1302.210522
2489,2020,CA,CDF,IV_1,2020-08-15,2020-08-15,1,1,1.0,3.049276,2020-2025,18594.52344,652.9078389
2490,2020,CA,CCO,SABODAN,2020-10-20,2020-10-20,14,1,1.0,3.024409,2020-2025,18291.75391,752.0614372
2491,2020,CA,CCO,NO NAME,2020-09-26,2020-09-26,10,1,1.0,3.013402,2020-2025,18110.92188,777.3240417
2492,2020,CA,CCO,AIRPORT,2020-05-21,2020-05-21,10,1,1.0,3.001326,2020-2025,17928.35156,647.7122357
2493,2020,CA,CDF,LAGO,2020-06-07,2020-06-07,14,1,1.0,2.814835,2020-2025,17098.38281,725.9166063
2494,2020,CA,CDF,GUYS,2020-02-27,2020-02-27,5,1,1.0,2.80249,2020-2025,20313.60156,847.719183
2495,2020,CA,CCO,TOPANGA,2020-07-22,2020-07-22,11,1,1.0,2.614254,2020-2025,15481.39844,693.2888388
2496,2020,CA,CDF,DAIRY,2020-06-23,2020-06-23,2,1,1.0,2.58218,2020-2025,15738.20703,839.6045176
2497,2020,CA,CDF,NEWELL,2020-06-29,2020-06-29,7,6,1.0,2.560388,2020-2025,16795.35547,591.8646512
2498,2020,CA,CCO,TRAIL,2020-08-03,2020-08-03,14,1,1.0,2.476893,2020-2025,15057.21484,745.0327256
2499,2020,CA,CDF,MARTIN,2020-08-02,2020-08-02,11,1,1.0,2.360432,2020-2025,17085.16016,736.9949013
2500,2020,CA,CDF,LAKE VIEW,2020-07-27,2020-07-27,14,6,1.0,2.308157,2020-2025,15489.16016,575.9483155
2501,2020,CA,CDF,RANCHO,2020-05-31,2020-05-31,5,1,1.0,2.268174,2020-2025,13893.35547,832.9985116
2502,2020,CA,CDF,FARM,2020-06-21,2020-06-21,2,6,1.0,2.241039,2020-2025,13626.49219,464.6600929
2503,2020,CA,CDF,REDWOOD,2020-08-15,2020-08-15,2,1,1.0,2.178815,2020-2025,14449.42578,514.7020246
2504,2020,CA,CDF,ANNAPOLIS,2020-02-12,2020-02-12,14,6,1.0,2.159534,2020-2025,14377.70313,459.2611932
2505,2020,CA,CDF,CAMATTA,2020-06-13,2020-06-13,11,1,1.0,2.139037,2020-2025,13087.42578,582.3349399
2506,2020,CA,CDF,LUCY,2020-10-02,2020-10-02,14,6,1.0,2.138351,2020-2025,13150.05078,594.7203897
2507,2020,CA,CDF,BRIDLE,2020-08-16,2020-08-16,1,6,1.0,2.057733,2020-2025,12664.34375,443.2807054
2508,2020,CA,CDF,LAWLEY,2020-07-08,2020-07-08,2,1,1.0,2.023604,2020-2025,13434.36328,514.5794079
2509,2020,CA,CDF,HUBCAP,2020-10-10,2020-10-10,2,6,1.0,2.017771,2020-2025,13405.41797,489.1889054
2510,2020,CA,CDF,TORO,2020-06-09,2020-06-09,11,6,1.0,2.016255,2020-2025,12310.64844,462.1378218
2511,2020,CA,CDF,CREEK,2020-05-28,2020-05-28,10,6,1.0,2.014056,2020-2025,12310.30469,570.6813729
2512,2020,CA,CDF,LYTTON,2020-10-03,2020-10-03,7,6,1.0,1.931224,2020-2025,12836.86328,478.2429461
2513,2020,CA,CDF,HEATHER,2020-07-08,2020-07-08,9,6,1.0,1.913929,2020-2025,12781.56641,465.7877254
2514,2020,CA,CDF,DUNNIGAN,2020-07-10,2020-07-10,2,6,1.0,1.851237,2020-2025,12351.79297,412.3409788
2515,2020,CA,CDF,17-7,2020-08-17,2020-08-17,1,6,1.0,1.842313,2020-2025,12323.04688,518.2288072
2516,2020,CA,CDF,HUASNA,2020-05-05,2020-05-05,5,1,1.0,1.82044,2020-2025,11021.98438,498.9557163
2517,2020,CA,CDF,CORNELL,2020-08-18,2020-08-18,2,1,1.0,1.810446,2020-2025,11018.50781,424.8561116
2518,2020,CA,CCO,UNNAMED FIRE,2020-07-15,2020-07-15,14,1,1.0,1.807303,2020-2025,10968.23438,526.383828
2519,2020,CA,CDF,MUSTARD,2020-07-10,2020-07-10,11,1,1.0,1.806828,2020-2025,11103.30859,668.0459461
2520,2020,CA,CCO,GROVE,2020-08-14,2020-08-14,14,1,1.0,1.798941,2020-2025,10619.91406,613.5306215
2521,2020,CA,CDF,SPRING,2020-04-03,2020-04-03,5,1,1.0,1.749333,2020-2025,12521.46094,498.7600205
2522,2020,CA,CCO,WINDY RIDGE,2020-07-31,2020-07-31,14,1,1.0,1.742764,2020-2025,10249.51172,605.6269772
2523,2020,CA,CDF,TAYLOR,2020-08-19,2020-08-19,14,6,1.0,1.7314,2020-2025,11431.16406,546.039185
2524,2020,CA,CDF,LAMB,2020-07-08,2020-07-08,9,6,1.0,1.710471,2020-2025,11372.08984,490.7370701
2525,2020,CA,CDF,SPRING,2020-08-30,2020-08-30,14,6,1.0,1.703426,2020-2025,11223.60156,581.9429123
2526,2020,CA,CDF,MILL,2020-05-05,2020-05-05,11,6,1.0,1.699512,2020-2025,11273.31641,401.8293659
2527,2020,CA,CDF,FOX,2020-07-27,2020-07-27,4,6,1.0,1.696867,2020-2025,11247.23438,543.8668848
2528,2020,CA,CCO,LIVE OAK,2020-08-22,2020-08-22,10,1,1.0,1.669692,2020-2025,9782.492188,639.0868997
2529,2020,CA,CCO,RANCHO,2020-08-02,2020-08-02,11,1,1.0,1.532845,2020-2025,9229.667969,546.4062576
2530,2020,CA,CCO,BANNING,2020-12-20,2020-12-20,11,3,1.0,1.529065,2020-2025,8908.914063,466.3366939
2531,2020,CA,USF,PLASKETT,2020-06-03,2020-06-06,5,8,1.0,1.500947,2020-2025,9284.515625,374.8567338
2532,2020,CA,CDF,EAGLE,2020-08-27,2020-08-27,7,6,1.0,1.482663,2020-2025,9954.351563,434.7012207
2533,2020,CA,CDF,BISHOP,2020-05-26,2020-05-26,14,1,1.0,1.470372,2020-2025,8954.835938,586.0707742
2534,2020,CA,CCO,ISLAND,2020-08-09,2020-08-09,4,1,1.0,1.435053,2020-2025,9370.992188,415.082884
2535,2020,CA,CCO,UNNAMED FIRE,2020-07-16,2020-07-16,14,1,1.0,1.410283,2020-2025,8607.03125,398.9037534
2536,2020,CA,FWS,BITTER,2020-11-01,2020-11-01,10,1,1.0,1.392398,2020-2025,8399.859375,416.255645
2537,2020,CA,CDF,DONALD,2020-06-18,2020-06-18,7,1,1.0,1.379659,2020-2025,8933.699219,380.5826396
2538,2020,CA,CDF,GEORGE,2020-06-28,2020-06-28,9,6,1.0,1.346431,2020-2025,9030.488281,356.0995081
2539,2020,CA,CDF,CHABLIS,2020-11-22,2020-11-22,8,1,1.0,1.33193,2020-2025,8848.003906,519.6874457
2540,2020,CA,CDF,SPRING,2020-09-14,2020-09-14,11,6,1.0,1.290407,2020-2025,8474.394531,503.3095889
2541,2020,CA,CDF,RED 3-1,2020-07-24,2020-07-24,1,1,1.0,1.28821,2020-2025,9374.167969,401.9563292
2542,2020,CA,CCO,MESA,2020-07-13,2020-07-13,11,1,1.0,1.250532,2020-2025,7389.675781,341.1643397
2543,2020,CA,CDF,CREEK,2020-06-20,2020-06-20,2,6,1.0,1.247528,2020-2025,8258.773438,511.5867069
2544,2020,CA,CDF,COUNTY ROAD 2,2020-06-06,2020-06-06,14,6,1.0,1.242705,2020-2025,8316.230469,405.3684259
2545,2020,CA,CDF,13-1,2020-08-16,2020-08-16,1,6,1.0,1.20419,2020-2025,8011.589844,393.0582027
2546,2020,CA,CDF,MACK,2020-07-11,2020-07-11,10,1,1.0,1.202354,2020-2025,7370.84375,343.9426601
2547,2020,CA,CDF,HILLS,2020-08-11,2020-08-11,10,6,1.0,1.175158,2020-2025,7133.757813,362.3840256
2548,2020,CA,CCO,HIGHLAND,2020-09-12,2020-09-12,14,1,1.0,1.15439,2020-2025,6740.511719,422.2356145
2549,2020,CA,CCO,SIERRA,2020-06-06,2020-06-06,14,1,1.0,1.134244,2020-2025,6986.273438,497.9995196
2550,2020,CA,CDF,DAVIS,2020-11-05,2020-11-05,11,1,1.0,1.119542,2020-2025,6884.132813,427.0050546
2551,2020,CA,CDF,MOBILE,2020-07-26,2020-07-26,2,6,1.0,1.119406,2020-2025,7423.761719,453.3596951
2552,2020,CA,CDF,MONTICELLO,2020-08-30,2020-08-30,14,1,1.0,1.086436,2020-2025,7164.339844,424.2065357
2553,2020,CA,CDF,MOFFETT,2020-06-18,2020-06-18,2,1,1.0,1.070461,2020-2025,7759.675781,341.0025937
2554,2020,CA,CCO,OUTLET,2020-07-16,2020-07-16,14,1,1.0,1.066872,2020-2025,6444.550781,596.1570218
2555,2020,CA,CDF,PRICE,2020-05-31,2020-05-31,10,6,1.0,1.057545,2020-2025,6419.929688,301.8261632
2556,2020,CA,CDF,TWIN,2020-11-23,2020-11-23,5,6,1.0,1.042918,2020-2025,6863.460938,353.8860459
2557,2020,CA,CDF,COUNTRY,2020-09-17,2020-09-17,8,6,1.0,1.016899,2020-2025,6153.558594,322.1674139
2558,2020,CA,CDF,SHERRY,2020-06-07,2020-06-07,2,1,1.0,1.009096,2020-2025,6199.039063,320.3546528
2559,2019,CA,CDF,KINCADE,2019-10-23,2019-11-10,11,1,1.0,77762.14,2010-2019,517112590.6,238568.8564
2560,2019,CA,USF,WALKER,2019-09-04,2020-01-15,9,1,1.0,54614.9,2010-2019,378027378.7,271202.7941
2561,2019,CA,USF,TUCKER,2019-07-28,2019-09-16,9,4,1.0,14142.41,2010-2019,103073147.2,79831.983
2562,2019,CA,USF,TABOOSE,2019-09-04,2019-11-23,1,1,1.0,10267.63,2010-2019,65304716.55,96472.3697
2563,2019,CA,CCO,MARIA,2019-10-31,2019-11-05,14,7,1.0,10042.46,2010-2019,59718543.76,66055.59526
2564,2019,CA,CDF,RED BANK,2019-09-05,2019-09-15,1,7,1.0,8822.024,2010-2019,61191653.42,59558.64081
2565,2019,CA,LRA,SADDLE RIDGE,2019-10-10,2019-10-31,14,7,1.0,8799.325,2010-2019,52335530.8,86547.40783
2566,2019,CA,USF,SPRINGS,2019-07-26,2019-12-18,1,1,1.0,6614.634,2010-2019,42987120.58,31381.90915
2567,2019,CA,USF,LONE,2019-09-05,2019-12-02,1,1,1.0,5737.16,2010-2019,41766711.44,34608.932
2568,2019,CA,CDF,BRICEBURG,2019-10-06,2019-10-20,10,7,1.0,5508.35,2010-2019,35579063.6,32223.63465
2569,2019,CA,USF,SOUTH,2019-09-05,2019-12-02,1,3,1.0,5333.991,2010-2019,36952235.1,99390.02584
2570,2019,CA,CCO,TICK,2019-10-24,2019-10-31,14,3,1.0,4581.739,2010-2019,27336078.7,59174.7201
2571,2019,CA,USF,CAPLES,2019-10-10,2019-12-10,5,1,1.0,3441.766,2010-2019,22905082.18,39373.86031
2572,2019,CA,BLM,R1 RANCH,2019-08-28,2019-09-04,1,7,1.0,3379.286,2010-2019,23743970.46,38715.90994
2573,2019,CA,FWS,REFUGE,2019-05-07,2019-05-09,2,4,1.0,3283.456,2010-2019,20195636.42,29450.82267
2574,2019,CA,USF,CAVE,2019-11-25,2019-12-14,7,1,1.0,2597.293,2010-2019,15508726.17,58908.29672
2575,2019,CA,CDF,RANCH,2019-11-03,2019-11-14,14,7,1.0,2534.211,2010-2019,17525519.43,24232.18093
2576,2019,CA,CDF,LONOAK,2019-06-25,2019-06-25,11,2,1.0,2520.879,2010-2019,15702125.43,23366.14829
2577,2019,CA,BLM,LONG VALLEY,2019-08-24,2019-08-26,14,8,1.0,2438.542,2010-2019,16778183.0,30802.13986
2578,2019,CA,CDF,SAND,2019-06-08,2019-06-13,1,2,1.0,2422.018,2010-2019,16208267.49,29141.56654
2579,2019,CA,CDF,ROCK,2019-06-26,2019-06-30,14,2,1.0,2233.891,2010-2019,14379072.95,19459.65281
2580,2019,CA,CDF,TENAJA,2019-09-04,2019-09-14,1,1,1.0,1939.536,2010-2019,11329899.37,21954.64759
2581,2019,CA,USF,COW,2019-07-25,2019-11-21,1,1,1.0,1875.988,2010-2019,11708995.73,19277.02413
2582,2019,CA,USF,LIME,2019-09-05,2019-12-03,1,3,1.0,1873.937,2010-2019,13684757.16,26282.64319
2583,2019,CA,CCO,EASY,2019-10-30,2019-11-13,14,7,1.0,1806.234,2010-2019,10729257.67,30918.43617
2584,2019,CA,CDF,MCMILLIAN,2019-06-12,2019-06-12,2,1,1.0,1763.821,2010-2019,10840202.46,19800.67146
2585,2019,CA,USF,MIDDLE,2019-09-05,2019-12-03,1,8,1.0,1339.595,2010-2019,9492952.535,20069.24168
2586,2019,CA,CDF,BOULDER,2019-06-05,2019-06-05,11,6,1.0,1110.843,2010-2019,6767755.32,20338.27594
2587,2019,CA,BLM,W-1 MCDONALD,2019-08-08,2019-08-12,1,7,1.0,1020.325,2010-2019,7250457.426,23270.52886
2588,2019,CA,CDF,SANDALWOOD,2019-10-10,2019-10-14,14,1,1.0,1008.193,2010-2019,5951083.383,15200.9404
2589,2019,CA,CDF,GAINES,2019-08-16,2019-08-20,14,1,1.0,979.4596,2010-2019,6317421.938,16191.21867
2590,2019,CA,CDF,GILLIS,2019-07-08,2019-07-08,2,1,1.0,977.1411,2010-2019,5998349.211,14357.49336
2591,2019,CA,CDF,BELMONT,2019-05-29,2019-05-29,1,6,1.0,832.636,2010-2019,5070249.043,9799.501659
2592,2019,CA,CDF,CREEK_4,2019-08-31,2019-09-06,2,2,1.0,754.4257,2010-2019,4726905.242,11193.45913
2593,2019,CA,USF,ROSASCO,2019-05-23,2019-12-02,9,6,1.0,732.4003,2010-2019,4783220.539,11395.99663
2594,2019,CA,CDF,BURRIS,2019-10-27,2020-01-28,9,7,1.0,703.3557,2010-2019,4751970.492,12881.27831
2595,2019,CA,CDF,WEST BUTTE,2019-06-08,2019-06-10,14,2,1.0,647.9943,2010-2019,4379828.754,15583.48833
2596,2019,CA,CDF,RAWSON,2019-10-26,2019-10-27,10,1,1.0,605.4897,2010-2019,4179430.969,12951.13657
2597,2019,CA,USF,JORDAN,2019-06-09,2019-08-16,1,1,1.0,590.9153,2010-2019,3681666.371,14086.36999
2598,2019,CA,CDF,HORSESHOE,2019-09-04,2019-09-17,14,1,1.0,583.4399,2010-2019,3427267.648,13078.66899
2599,2019,CA,CDF,LINCOLN,2019-03-15,2019-03-20,7,6,1.0,564.2154,2010-2019,3294942.832,9040.161125
2600,2019,CA,LRA,GETTY,2019-10-28,2019-11-05,11,7,1.0,552.6332,2010-2019,3269037.859,21590.34895
2601,2019,CA,CDF,AMERICAN,2019-10-06,2019-10-07,14,2,1.0,526.8578,2010-2019,3455730.133,8792.307891
2602,2019,CA,CDF,JERRY,2019-06-21,2019-06-21,10,6,1.0,521.9408,2010-2019,3075381.383,11739.39844
2603,2019,CA,CDF,SWEDES,2019-09-06,2019-09-09,5,1,1.0,510.1355,2010-2019,3468134.785,11259.86473
2604,2019,CA,CDF,MOUNTAIN ,2019-08-22,2019-08-26,14,1,1.0,493.2588,2010-2019,3476620.063,14514.87813
2605,2019,CA,CDF,BORDER 6,2019-07-12,2019-07-15,14,1,1.0,467.1911,2010-2019,2669324.148,9529.82405
2606,2019,CA,CDF,HILL,2019-10-30,2019-11-02,14,8,1.0,435.9512,2010-2019,2574850.004,13866.28773
2607,2019,CA,CDF,HUNTER,2019-08-15,2019-08-15,10,1,1.0,428.0987,2010-2019,2760037.121,8401.064973
2608,2019,CA,CCO,REAL,2019-10-17,2019-10-21,14,3,1.0,420.6586,2010-2019,2510906.664,8608.857864
2609,2019,CA,USF,EAST,2019-09-05,2019-09-23,1,8,1.0,400.7328,2010-2019,2773247.188,11352.47129
2610,2019,CA,CDF,COPPER,2019-10-30,2019-11-01,9,7,1.0,371.3559,2010-2019,2121411.34,7206.468481
2611,2019,CA,CCO,MCMURRAY,2019-09-10,2019-09-14,14,1,1.0,355.3229,2010-2019,2129982.664,13024.55379
2612,2019,CA,CDF,MARSH 3,2019-08-02,2019-08-09,7,2,1.0,339.9227,2010-2019,2212726.914,5901.767625
2613,2019,CA,CDF,46,2019-10-21,2019-10-31,10,1,1.0,329.3975,2010-2019,1943296.625,14918.0357
2614,2019,CA,USF,BRODER,2019-08-08,2019-11-25,1,6,1.0,328.0544,2010-2019,2041039.16,13268.02866
2615,2019,CA,USF,MILL,2019-07-30,2019-09-02,9,1,1.0,321.5388,2010-2019,1992600.156,7506.350151
2616,2019,CA,CDF,LAKE,2019-07-29,2019-07-29,10,1,1.0,305.6829,2010-2019,1889138.051,5277.857885
2617,2019,CA,CDF,CROSS,2019-10-08,2019-10-11,14,3,1.0,289.1514,2010-2019,1782338.527,9999.107268
2618,2019,CA,USF,SCHAEFFER,2019-09-08,2019-12-06,1,6,1.0,287.1784,2010-2019,1781151.703,5904.232095
2619,2019,CA,USF,RAMSHORN,2019-09-05,2019-10-05,1,3,1.0,286.9583,2010-2019,2050498.008,8250.458284
2620,2019,CA,CDF,HOLLOW,2019-07-03,2019-07-05,10,2,1.0,282.2256,2010-2019,1823622.805,6291.491649
2621,2019,CA,BLM,SNOWSTORM,2019-07-05,2019-07-21,1,7,1.0,264.2747,2010-2019,1857302.637,6534.336294
2622,2019,CA,USF,SNAIL,2019-09-01,2019-09-13,2,1,1.0,251.7925,2010-2019,1511326.426,7439.214873
2623,2019,CA,USF,HENTHORNE,2019-09-05,2019-10-31,1,8,1.0,244.665,2010-2019,1689676.281,8372.444865
2624,2019,CA,CCO,MESA,2019-07-31,2019-08-01,14,1,1.0,227.0095,2010-2019,1392801.262,4884.861765
2625,2019,CA,USF,KIDDER 2,2019-09-05,2019-11-12,1,3,1.0,226.8735,2010-2019,1638308.496,9265.645359
2626,2019,CA,CDF,MARSH 5,2019-08-02,2019-08-09,7,2,1.0,226.6169,2010-2019,1474835.383,5758.284663
2627,2019,CA,CDF,DEHESA 11,2019-09-24,2019-10-02,14,1,1.0,225.646,2010-2019,1295359.371,5995.591629
2628,2019,CA,CDF,MALECH,2019-06-09,2019-06-10,2,2,1.0,207.7456,2010-2019,1328124.984,6601.14836
2629,2019,CA,CDF,LOPEZ,2019-09-21,2019-09-24,4,2,1.0,205.1924,2010-2019,1247086.996,10468.67859
2630,2019,CA,CDF,MILTON,2019-07-15,2019-07-15,14,1,1.0,200.0838,2010-2019,1303951.84,7638.956374
2631,2019,CA,CDF,MOOSE,2019-08-12,2019-08-12,2,1,1.0,195.8783,2010-2019,1314641.594,5949.407416
2632,2019,CA,CDF,STUHR,2019-09-12,2019-09-12,10,2,1.0,190.1649,2010-2019,1218752.719,6618.221621
2633,2019,CA,USF,LUMGREY,2019-06-17,2019-07-17,2,8,1.0,186.4314,2010-2019,1361316.145,10040.41318
2634,2019,CA,CDF,MARSH 6,2019-08-02,2019-08-09,7,2,1.0,173.9333,2010-2019,1132209.66,4460.017912
2635,2019,CA,CDF,HILLSIDE,2019-10-31,2019-11-05,9,1,1.0,172.7908,2010-2019,1024331.07,7788.933539
2636,2019,CA,CDF,SARGENT,2019-07-09,2019-07-09,11,1,1.0,171.9477,2010-2019,1064147.266,5491.143334
2637,2019,CA,CCO,OLIVAS,2019-10-11,2019-10-13,14,7,1.0,171.4183,2010-2019,1017353.609,6473.679149
2638,2019,CA,CCO,VULCAN,2019-05-03,2019-05-03,14,1,1.0,169.9031,2010-2019,1027203.469,5634.199847
2639,2019,CA,CDF,ANTELOPE,2019-09-02,2019-09-02,9,6,1.0,167.3328,2010-2019,1051610.523,4258.334923
2640,2019,CA,USF,BAUTISTA,2019-09-15,2019-09-23,2,1,1.0,166.2591,2010-2019,973212.7969,6209.091361
2642,2019,CA,FWS,REFUGE,2019-07-21,2019-07-21,10,6,1.0,158.8546,2010-2019,1016954.617,4567.63612
2643,2019,CA,USF,FIVE,2019-08-03,2019-08-09,2,3,1.0,156.3954,2010-2019,936738.7617,5294.760826
2644,2019,CA,CDF,DYER,2019-06-26,2019-06-26,14,1,1.0,147.6439,2010-2019,983705.9258,6072.93632
2645,2019,CA,CDF,DEHESA 8,2019-07-28,2019-08-02,14,1,1.0,141.9548,2010-2019,815045.8438,4998.246497
2646,2019,CA,CDF,PATTERSON,2019-08-01,2019-08-21,7,2,1.0,139.2007,2010-2019,901734.8945,4749.403761
2647,2019,CA,CDF,SKY,2019-09-05,2019-09-05,11,1,1.0,138.9932,2010-2019,862678.6055,3933.210812
2648,2019,CA,CDF,MUD,2019-10-18,2019-10-19,11,1,1.0,137.2151,2010-2019,854951.2227,4629.541983
2649,2019,CA,CDF,CANYON,2019-05-30,2019-05-30,9,2,1.0,135.3394,2010-2019,871084.4336,5071.114373
2650,2019,CA,USF,GOOSE2,2019-07-17,2019-08-21,1,1,1.0,132.0889,2010-2019,965927.5781,4329.814735
2651,2019,CA,CCO,SOUTH,2019-07-14,2019-07-15,14,2,1.0,131.3172,2010-2019,781530.2031,3413.749253
2652,2019,CA,BLM,R1 JUNIPER,2019-08-07,2019-08-11,1,7,1.0,130.1407,2010-2019,922279.9023,5171.726791
2653,2019,CA,CDF,TRINITY,2019-06-25,2019-06-25,2,1,1.0,129.0636,2010-2019,902104.7188,6013.637333
2654,2019,CA,BLM,HORSE,2019-08-24,2019-08-26,1,7,1.0,123.0513,2010-2019,863653.6992,5835.275016
2655,2019,CA,USF,LOST,2019-06-18,2019-07-29,1,6,1.0,121.2937,2010-2019,752677.1953,3737.563753
2656,2019,CA,CDF,HILLS,2019-05-29,2019-06-01,2,1,1.0,120.6404,2010-2019,760502.4336,4204.886186
2657,2019,CA,CDF,COTTAGE,2019-08-15,2019-08-17,2,1,1.0,112.2924,2010-2019,786182.6211,6318.646022
2658,2019,CA,CDF,USAL,2019-07-27,2020-01-27,9,1,1.0,110.7408,2010-2019,760638.8828,5874.255927
2659,2019,CA,FWS,TRACK,2019-06-27,2019-06-27,10,4,1.0,104.9992,2010-2019,649067.7578,5377.074084
2660,2019,CA,CDF,REEF,2019-09-11,2019-09-11,11,1,1.0,103.7607,2010-2019,640445.1523,3663.012411
2661,2019,CA,CDF,SAWDAY,2019-10-25,2019-10-28,15,1,1.0,101.1678,2010-2019,584374.5273,4226.767654
2662,2019,CA,USF,TREE,2019-07-27,2019-08-06,2,3,1.0,100.2009,2010-2019,731032.0547,3752.022429
2663,2019,CA,USF,RANGE,2019-07-29,2019-08-05,9,1,1.0,99.08305,2010-2019,594398.3125,3469.407157
2664,2019,CA,USF,CATTLE,2019-10-05,2019-10-15,9,6,1.0,92.24609,2010-2019,563887.3555,3109.946506
2665,2019,CA,USF,BAR,2019-09-17,2019-10-30,9,8,1.0,91.71294,2010-2019,667198.875,6322.828969
2666,2019,CA,CDF,PALM,2019-09-29,2019-09-29,11,1,1.0,89.73408,2010-2019,559334.5586,3027.611315
2667,2019,CA,CDF,THOMPSON,2019-07-24,2019-07-24,4,1,1.0,89.01712,2010-2019,537975.2031,4075.853292
2668,2019,CA,USF,WEST,2019-09-17,2019-12-01,1,1,1.0,88.80357,2010-2019,608267.8242,5678.733228
2669,2019,CA,CDF,TORO,2019-08-05,2019-08-06,14,1,1.0,88.16512,2010-2019,517264.6914,3404.524704
2670,2019,CA,CDF,COUNTRY,2019-09-03,2019-09-03,14,1,1.0,85.59669,2010-2019,572850.1914,5463.740428
2671,2019,CA,CDF,BROWNS,2019-08-02,2019-08-02,9,1,1.0,84.32344,2010-2019,556061.3906,3606.927863
2672,2019,CA,CDF,MILTON_2,2019-06-02,2019-06-02,14,1,1.0,84.13815,2010-2019,548318.4336,4074.117966
2673,2019,CA,CDF,TULLOCH,2019-09-23,2019-09-25,10,1,1.0,83.95777,2010-2019,545951.6719,3657.276574
2674,2019,CA,CDF,MEADOWS,2019-07-16,2019-07-17,10,1,1.0,81.65115,2010-2019,476636.3164,4437.17275
2675,2019,CA,CDF,SCOTT,2019-06-24,2019-06-24,2,1,1.0,80.34697,2010-2019,542735.5352,3739.022368
2676,2019,CA,NPS,WENDY,2019-10-10,2019-10-14,14,1,1.0,80.3277,2010-2019,475817.9336,3685.386744
2677,2019,CA,USF,FISH,2019-07-15,2019-07-19,2,7,1.0,76.82652,2010-2019,491732.3906,4350.332953
2678,2019,CA,CDF,HUNTER,2019-06-09,2019-06-09,2,2,1.0,74.50411,2010-2019,460529.2188,2690.15333
2679,2019,CA,CDF,BITTER,2019-06-10,2019-06-10,10,6,1.0,73.93117,2010-2019,453390.2031,5381.840602
2680,2019,CA,USF,CREEK,2019-11-21,2019-12-06,1,1,1.0,73.55267,2010-2019,508493.2813,4212.406703
2681,2019,CA,CDF,EAGLE,2019-11-04,2019-11-04,14,1,1.0,73.55055,2010-2019,494834.8086,4075.062401
2682,2019,CA,LRA,BARHAM,2019-11-09,2019-11-10,14,4,1.0,72.63429,2010-2019,430190.9648,5393.349379
2683,2019,CA,CDF,22ND,2019-06-08,2019-06-08,14,1,1.0,72.06943,2010-2019,485698.7188,2849.875572
2684,2019,CA,USF,FORK,2019-08-30,2019-10-29,1,1,1.0,71.18899,2010-2019,512912.5352,3466.594552
2685,2019,CA,CDF,BORDER 9,2019-08-15,2019-08-16,7,7,1.0,67.37229,2010-2019,384982.9023,3324.028166
2686,2019,CA,USF,TAMARACK,2019-06-23,2019-07-28,14,1,1.0,67.21748,2010-2019,444603.4922,3070.190855
2687,2019,CA,CDF,LYNETTE,2019-09-23,2019-09-23,9,1,1.0,66.70489,2010-2019,436621.9688,3349.898632
2689,2019,CA,BLM,R6 CREEK,2019-09-06,2019-09-13,1,7,1.0,66.47962,2010-2019,469182.1406,2935.467342
2690,2019,CA,CDF,DEER,2019-06-23,2019-06-26,7,1,1.0,64.95156,2010-2019,411319.1523,3371.729607
2691,2019,CA,USF,SUGAR,2019-05-10,2019-05-27,1,1,1.0,64.90493,2010-2019,436922.9141,3942.819291
2692,2019,CA,CDF,CABRILLO,2019-10-24,2019-10-24,2,7,1.0,61.75045,2010-2019,394295.4492,3804.312249
2693,2019,CA,CDF,JOLON,2019-09-01,2019-09-01,11,1,1.0,61.59237,2010-2019,380769.9102,4904.804115
2694,2019,CA,CDF,PHELPS,2019-09-05,2019-09-05,11,1,1.0,61.30566,2010-2019,381406.9258,3068.880052
2695,2019,CA,CCO,WHITE,2019-10-07,2019-10-08,14,1,1.0,61.07991,2010-2019,374630.3086,3731.084976
2696,2019,CA,CDF,FORBESTOWN,2019-09-06,2019-09-16,11,1,1.0,57.4474,2010-2019,390788.8828,2715.225943
2697,2019,CA,CDF,WILLOWS 3,2019-09-25,2019-09-25,14,7,1.0,57.42204,2010-2019,330365.3984,4096.485554
2698,2019,CA,CCO,BARREL,2019-05-16,2019-05-16,14,1,1.0,55.86135,2010-2019,343362.582,3353.226177
2699,2019,CA,NPS,MUIR 2,2019-10-24,2019-10-26,10,1,1.0,55.84444,2010-2019,363349.7109,3250.823141
2700,2019,CA,USF,RANCH,2019-10-01,2019-10-10,2,1,1.0,55.30642,2010-2019,335857.9609,3353.77635
2701,2019,CA,BLM,HORSE,2019-10-13,2019-10-16,1,2,1.0,54.57251,2010-2019,381618.0195,4713.977493
2702,2019,CA,CCO,ENTRANCE,2019-05-30,2019-05-30,14,1,1.0,53.31026,2010-2019,326539.3828,2563.561676
2703,2019,CA,CDF,OAK,2019-09-07,2019-09-10,2,1,1.0,53.11696,2010-2019,355945.7422,2300.327421
2704,2019,CA,CCO,BAR,2019-11-13,2019-11-13,18,1,1.0,51.6265,2010-2019,309784.6602,3828.806818
2705,2019,CA,CDF,DEVIL,2019-04-24,2019-04-24,11,1,1.0,50.13959,2010-2019,309407.8477,3884.371751
2706,2019,CA,CDF,CANYON,2019-07-22,2019-07-25,2,1,1.0,48.00141,2010-2019,317321.457,2459.131546
2707,2019,CA,CDF,TOPAZ,2019-06-23,2019-06-23,2,1,1.0,47.8895,2010-2019,292175.3945,2348.383151
2708,2019,CA,USF,MEADOW,2019-06-11,2019-08-12,1,1,1.0,46.80063,2010-2019,322921.6016,3394.801739
2709,2019,CA,CDF,LOWER,2019-08-12,2019-08-12,1,1,1.0,46.40511,2010-2019,324549.5586,2751.67323
2710,2019,CA,LRA,PALISADES 2,2019-10-21,2019-10-21,14,7,1.0,45.09488,2010-2019,266559.3203,2935.433261
2711,2019,CA,CDF,PANOCHE,2019-04-20,2019-04-20,9,1,1.0,44.81123,2010-2019,282817.668,2913.85727
2712,2019,CA,CDF,FLOOD,2019-09-05,2019-09-05,14,1,1.0,44.07998,2010-2019,287876.4336,2563.368135
2713,2019,CA,CDF,ARDO,2019-06-12,2019-06-12,11,1,1.0,42.759,2010-2019,264541.8594,2452.507979
2714,2019,CA,CDF,PLAINS ,2019-10-10,2019-10-10,10,1,1.0,42.17504,2010-2019,295470.5469,3400.679987
2715,2019,CA,CCO,RIDGE,2019-09-29,2019-09-29,14,1,1.0,38.80555,2010-2019,234588.3828,2135.89662
2716,2019,CA,CDF,TRACY,2019-05-27,2019-05-27,2,6,1.0,38.42611,2010-2019,234426.7305,1962.123312
2717,2019,CA,CDF,OIL,2019-09-28,2019-09-28,11,1,1.0,37.6693,2010-2019,234734.8711,3051.300778
2718,2019,CA,USF,BOWLER,2019-07-22,2019-08-01,1,1,1.0,36.58765,2010-2019,235726.6758,2730.829712
2719,2019,CA,NPS,RED,2019-08-14,2019-11-27,1,8,2.0,36.58359,2010-2019,256263.1016,3036.822137
2720,2019,CA,CDF,PATTERSON,2019-08-15,2019-08-15,14,1,1.0,34.91486,2010-2019,232061.7031,2336.71483
2721,2019,CA,CDF,FAR,2019-07-06,2019-07-06,14,1,1.0,34.72543,2010-2019,233434.4883,3092.259572
2722,2019,CA,CDF,FLOTO,2019-06-29,2019-06-29,14,1,1.0,34.216,2010-2019,221272.0625,2828.718307
2723,2019,CA,FWS,HEADQUARTERS,2019-07-17,2019-07-19,14,4,1.0,34.12664,2010-2019,245977.1914,2345.823387
2724,2019,CA,CDF,GILBERT,2019-08-04,2019-08-06,2,1,1.0,33.09216,2010-2019,232288.6211,4074.173245
2725,2019,CA,CDF,RANCH,2019-07-05,2019-07-06,2,1,1.0,32.78963,2010-2019,229141.5469,2609.908583
2726,2019,CA,CDF,RODDEN,2019-07-11,2019-07-11,5,1,1.0,32.69442,2010-2019,212402.4844,2397.044647
2727,2019,CA,CDF,VINEYARD ,2019-06-02,2019-06-02,5,1,1.0,32.38626,2010-2019,199654.75,2222.039834
2728,2019,CA,CDF,CRESTWOOD,2019-11-02,2019-11-02,10,1,1.0,31.55482,2010-2019,180842.5508,2845.928395
2729,2019,CA,FWS,AGUA,2019-10-11,2019-10-12,8,1,1.0,31.12859,2010-2019,178311.8203,2528.121674
2730,2019,CA,USF,OAK FLAT,2019-05-25,2019-08-27,9,1,1.0,30.35799,2010-2019,181619.1523,2420.3483
2731,2019,CA,BLM,DUNHAM,2019-03-13,2019-03-16,14,1,1.0,30.28639,2010-2019,174945.3047,3697.004187
2732,2019,CA,BLM,92ND,2019-06-12,2019-06-12,14,1,1.0,30.28638,2010-2019,180888.4883,3894.144366
2733,2019,CA,CDF,GASOLINE,2019-05-29,2019-05-30,14,1,1.0,29.53726,2010-2019,169093.5195,2252.183835
2734,2019,CA,CDF,MILLER 2,2019-10-25,2019-10-27,14,1,1.0,29.26041,2010-2019,169825.4414,2880.478284
2735,2019,CA,USF,RIVER,2019-10-18,2019-10-20,9,6,1.0,29.21961,2010-2019,178695.543,2136.742841
2736,2019,CA,CDF,COVE,2019-06-20,2019-06-23,7,1,1.0,29.09276,2010-2019,183529.0156,2091.360944
2737,2019,CA,CDF,HERNANDEZ,2019-06-19,2019-06-19,14,1,1.0,28.65993,2010-2019,179065.3867,3763.159464
2738,2019,CA,USF,NORTH,2019-08-29,2019-09-09,1,1,1.0,28.25829,2010-2019,205238.8242,3171.69994
2739,2019,CA,CDF,OTAY 11,2019-06-29,2019-06-30,14,1,1.0,27.51976,2010-2019,157390.1641,1697.846028
2740,2019,CA,USF,MCGINTY,2019-08-29,2019-09-17,1,1,1.0,26.80899,2010-2019,194945.9688,2409.687041
2741,2019,CA,CDF,WATT,2019-06-07,2019-06-07,14,1,1.0,26.63998,2010-2019,177507.4063,2077.105409
2742,2019,CA,CCO,ORTEGA,2019-09-13,2019-09-15,14,2,1.0,26.37641,2010-2019,154063.7891,2583.37936
2743,2019,CA,CDF,SCOUT,2019-10-05,2019-10-05,9,1,1.0,25.53614,2010-2019,148042.7227,2667.35596
2744,2019,CA,USF,TELEPHONE,2019-08-31,2019-09-08,1,1,1.0,25.456,2010-2019,185085.3711,3007.153828
2745,2019,CA,CDF,HORSE,2019-07-12,2019-07-13,14,1,1.0,24.75569,2010-2019,173258.2813,2972.805534
2746,2019,CA,CDF,FOOTHILLS,2019-11-25,2019-11-25,7,1,1.0,24.59045,2010-2019,164272.9766,1941.655291
2747,2019,CA,CDF,HOLLISTER,2019-06-15,2019-06-15,10,1,1.0,24.50135,2010-2019,154758.2422,1688.257672
2748,2019,CA,BLM,R4 RAILROAD,2019-08-10,2019-08-13,1,7,1.0,24.10597,2010-2019,169542.0664,2574.600262
2749,2019,CA,CDF,GLASS,2019-09-04,2019-09-04,14,1,1.0,23.91912,2010-2019,160123.8633,3201.102931
2750,2019,CA,BLM,R2 SNOWSTORM,2019-06-13,2019-06-19,1,1,1.0,23.71169,2010-2019,166672.9297,2714.531109
2751,2019,CA,USF,HAYNES,2019-06-16,2019-09-23,1,8,1.0,23.59244,2010-2019,163223.1406,2273.092168
2752,2019,CA,CDF,BORDER,2019-05-13,2019-05-19,5,1,1.0,23.3554,2010-2019,133420.3789,2590.485492
2753,2019,CA,CDF,BRANDT,2019-07-03,2019-07-03,10,1,1.0,23.174,2010-2019,151877.4961,2602.207767
2754,2019,CA,USF,GOOSE,2019-03-14,2019-04-01,1,6,1.0,22.74746,2010-2019,166751.3164,1752.414859
2755,2019,CA,BLM,TRAM,2019-08-22,2019-08-25,14,1,1.0,22.70014,2010-2019,133558.9766,2034.170446
2756,2019,CA,CDF,RANGE,2019-05-30,2019-05-30,2,1,1.0,22.57155,2010-2019,152028.7109,1650.86581
2757,2019,CA,CDF,PLANT,2019-08-21,2019-08-21,10,1,1.0,22.36234,2010-2019,137620.0664,1650.861549
2758,2019,CA,CDF,DOUGLAS,2019-08-18,2019-08-18,2,1,1.0,22.34313,2010-2019,151340.0938,2264.769773
2759,2019,CA,USF,BALD,2019-06-17,2019-07-22,1,6,1.0,22.09721,2010-2019,137177.4258,1450.078383
2760,2019,CA,CDF,PAUMA 4,2019-06-10,2019-06-24,9,1,1.0,22.0214,2010-2019,127906.6328,1783.640026
2761,2019,CA,USF,VAN DUZEN,2019-08-18,2019-08-25,7,1,1.0,21.87162,2010-2019,152470.7969,2174.9868
2762,2019,CA,CDF,CHAPARRAL,2019-09-29,2019-09-29,9,1,1.0,21.85111,2010-2019,144765.1289,2389.700422
2763,2019,CA,BLM,AIRPORT 2,2019-07-15,2019-07-16,14,8,1.0,21.48666,2010-2019,143105.3359,2314.318416
2764,2019,CA,USF,SIERRA 2,2019-10-13,2019-12-17,9,1,1.0,20.31682,2010-2019,137280.3555,1841.938303
2765,2019,CA,CDF,PRESTON,2019-08-08,2019-08-08,8,1,1.0,20.16607,2010-2019,131453.168,1712.911936
2766,2019,CA,BLM,SODA,2019-06-08,2019-06-11,14,1,1.0,18.74578,2010-2019,114045.9063,1789.882321
2767,2019,CA,CDF,LUCAS,2019-07-21,2019-07-21,10,1,1.0,18.16434,2010-2019,112498.4297,1706.795386
2768,2019,CA,USF,CAPTAIN,2019-07-04,2019-07-14,9,1,1.0,17.79216,2010-2019,126058.0859,1662.255696
2769,2019,CA,CDF,COULTER,2019-09-21,2019-09-21,9,1,1.0,17.78828,2010-2019,117878.3867,1692.280105
2770,2019,CA,USF,CUTTHROAT,2019-09-05,2019-09-12,1,3,1.0,17.78256,2010-2019,125530.3242,1746.669526
2771,2019,CA,LRA,SWEETWATER,2019-08-30,2019-08-30,14,8,1.0,17.72473,2010-2019,104740.8242,1587.264952
2772,2019,CA,CCO,SWEENEY,2019-08-14,2019-08-14,14,1,1.0,16.98027,2010-2019,101744.9375,1363.543991
2773,2019,CA,CDF,VISTA 5,2019-07-17,2019-07-18,14,1,1.0,16.69558,2010-2019,95880.93359,1569.032842
2774,2019,CA,USF,DIXIE,2019-09-05,2019-09-22,1,1,1.0,16.53279,2010-2019,113877.8477,2286.636208
2775,2019,CA,CDF,ROCKY,2019-06-14,2019-06-18,11,1,1.0,16.37956,2010-2019,118800.1641,1822.317753
2776,2019,CA,BLM,18,2019-07-31,2019-08-01,4,1,1.0,16.13497,2010-2019,96301.53516,2561.647365
2777,2019,CA,CDF,OLIVE,2019-06-19,2019-06-20,11,1,1.0,16.01936,2010-2019,105923.3906,1659.022435
2778,2019,CA,CDF,PYRAMID,2019-09-15,2019-09-15,14,1,1.0,15.94365,2010-2019,98283.62109,1683.181418
2779,2019,CA,CDF,PATRICIA,2019-09-05,2019-09-05,1,1,1.0,15.9213,2010-2019,116623.4063,1573.844844
2780,2019,CA,CCO,FOSSIL,2019-09-15,2019-09-16,14,1,1.0,15.84562,2010-2019,92787.30859,1444.613423
2781,2019,CA,CDF,BACHELOR,2019-09-09,2019-09-09,2,1,1.0,15.83755,2010-2019,106871.8672,1439.199565
2782,2019,CA,CCO,SPIRIT,2019-08-27,2019-08-27,5,1,1.0,15.82898,2010-2019,103400.9961,2059.816556
2783,2019,CA,CDF,CRESTVIEW,2019-06-08,2019-06-08,2,1,1.0,15.5361,2010-2019,95622.34375,1421.84849
2784,2019,CA,CDF,COW,2019-09-24,2019-09-24,10,1,1.0,15.38397,2010-2019,108143.4336,1509.410783
2785,2019,CA,CDF,DOMINGUEZ,2019-06-14,2019-06-14,14,1,1.0,15.18174,2010-2019,92404.23828,1693.446234
2786,2019,CA,CDF,FRAME,2019-09-30,2019-10-02,7,1,1.0,15.02215,2010-2019,93461.86328,1819.646344
2787,2019,CA,BLM,DALE,2019-06-02,2019-06-02,10,1,1.0,14.69958,2010-2019,88212.10547,1788.617484
2788,2019,CA,CDF,5-9,2019-09-05,2019-09-06,1,1,1.0,14.63054,2010-2019,102542.2813,1777.279472
2789,2019,CA,CDF,PALMER,2019-07-04,2019-07-04,11,1,1.0,14.61489,2010-2019,91061.9375,1738.869889
2790,2019,CA,CCO,GROVE,2019-11-15,2019-11-15,14,1,1.0,14.53588,2010-2019,89493.07031,1852.820751
2791,2019,CA,BLM,R3 RYE PATCH,2019-07-26,2019-07-28,1,1,1.0,14.14846,2010-2019,99687.09766,2203.72655
2792,2019,CA,CDF,PARKFIELD,2019-06-30,2019-06-30,11,1,1.0,13.85442,2010-2019,85477.14063,1240.624801
2793,2019,CA,CDF,BRYSON,2019-10-15,2019-10-15,7,1,1.0,13.84219,2010-2019,87287.875,1416.195393
2794,2019,CA,CDF,HORSE,2019-10-18,2019-10-19,2,1,1.0,13.74862,2010-2019,85633.46875,1419.47982
2795,2019,CA,CDF,SPEARHEAD,2019-05-29,2019-05-30,11,1,1.0,13.47896,2010-2019,85801.23828,1625.998544
2796,2019,CA,CDF,DUDLEY,2019-05-30,2019-05-30,2,1,1.0,13.47398,2010-2019,83494.59766,1126.270892
2797,2019,CA,CCO,KECKS,2019-05-05,2019-05-05,14,1,1.0,13.33649,2010-2019,81958.83203,1904.126086
2798,2019,CA,CDF,CARSON,2019-07-30,2019-07-30,2,1,1.0,13.1878,2010-2019,87888.86719,1466.322158
2799,2019,CA,USF,FOX,2019-08-28,2019-09-03,1,6,1.0,13.15924,2010-2019,94263.71094,1260.993634
2800,2019,CA,CDF,STAGE,2019-09-18,2019-09-18,7,1,1.0,13.01915,2010-2019,82252.86719,2136.630803
2801,2019,CA,CDF,CONVERSE,2019-12-19,2019-12-19,5,1,1.0,12.63458,2010-2019,81954.01953,1586.609829
2802,2019,CA,USF,BRADLEY,2019-05-08,2019-05-17,5,8,1.0,12.59625,2010-2019,90173.14063,1726.312118
2803,2019,CA,BLM,PINENUT,2019-07-23,2019-07-24,1,1,1.0,12.44425,2010-2019,82360.08594,1453.774999
2804,2019,CA,CDF,CERRITOS,2019-07-15,2019-07-15,14,1,1.0,12.29055,2010-2019,79420.36719,1869.798841
2805,2019,CA,CDF,WARTHAN,2019-09-01,2019-10-02,3,1,1.0,12.20176,2010-2019,75771.48047,1336.616093
2806,2019,CA,USF,UKONOM,2019-09-05,2019-10-24,1,8,1.0,12.07238,2010-2019,87390.62109,2122.215282
2807,2019,CA,USF,COMMUNITY,2019-07-27,2019-08-07,2,3,1.0,12.06,2010-2019,88015.65234,1400.3829
2808,2019,CA,CDF,EUREKA,2019-06-08,2019-06-08,2,6,1.0,11.99847,2010-2019,73478.64453,1237.081989
2809,2019,CA,CDF,BORDER 10,2019-08-25,2019-08-28,14,7,1.0,11.86247,2010-2019,67767.55469,1262.914645
2810,2019,CA,CDF,FRUDDEN,2019-09-03,2019-09-03,2,1,1.0,11.78939,2010-2019,72879.26563,1264.803731
2811,2019,CA,USF,BORDER,2019-11-03,2019-11-03,14,1,1.0,11.51428,2010-2019,78801.98828,1411.711457
2812,2019,CA,CCO,POTRERO,2019-07-26,2019-07-27,14,7,1.0,11.11976,2010-2019,65878.5625,1302.49424
2813,2019,CA,CDF,O'DONOVAN,2019-06-25,2019-06-25,10,1,1.0,10.87737,2010-2019,66502.0625,1858.939091
2814,2019,CA,BLM,R2 RAVEN,2019-08-07,2019-08-13,1,1,1.0,10.84658,2010-2019,76714.21484,1582.337936
2815,2019,CA,LRA,OAK,2019-10-28,2019-10-28,14,7,1.0,10.82971,2010-2019,64149.79688,1654.937448
2816,2019,CA,CDF,LIBERTY,2019-09-02,2019-09-02,2,1,1.0,10.66764,2010-2019,70145.51953,1588.896638
2817,2019,CA,USF,EAGLE,2019-11-16,2019-12-02,9,1,1.0,10.58598,2010-2019,75647.03516,1647.896688
2818,2019,CA,USF,LOWE,2019-09-22,2019-09-27,7,3,1.0,10.50961,2010-2019,62352.18359,1017.181664
2819,2019,CA,CDF,LIGGETT,2019-06-08,2019-06-08,14,1,1.0,10.37625,2010-2019,64113.5625,1597.54748
2820,2019,CA,CDF,ELECTRA,2019-09-25,2019-09-25,7,1,1.0,10.23911,2010-2019,67449.08984,1736.751973
2821,2019,CA,CDF,CRABTREE,2019-05-13,2019-05-13,9,1,1.0,9.96389,2010-2019,64408.8125,1533.866067
2822,2019,CA,USF,ROCK,2019-11-03,2019-11-26,4,1,1.0,9.93289,2010-2019,65421.80859,1387.015035
2823,2019,CA,CDF,IRONGATE,2019-06-16,2019-06-29,3,1,1.0,9.695025,2010-2019,70962.75391,1192.885612
2824,2019,CA,CDF,DEER,2019-09-03,2019-09-03,5,1,1.0,9.367375,2010-2019,59831.30859,1593.012267
2825,2019,CA,CDF,HAMMONTON,2019-07-13,2019-07-13,14,1,1.0,9.345996,2010-2019,63009.80469,2350.21127
2826,2019,CA,USF,HALF,2019-06-19,2019-06-29,1,1,1.0,8.951272,2010-2019,57453.78906,1240.94613
2827,2019,CA,USF,DIXON,2019-07-08,2019-09-17,1,1,2.0,8.948676,2010-2019,59322.73828,1237.255676
2828,2019,CA,USF,JAKES,2019-09-05,2019-11-30,1,3,1.0,8.921084,2010-2019,63377.61328,2039.469141
2829,2019,CA,USF,SNAKE,2019-06-21,2019-07-02,1,1,1.0,8.897158,2010-2019,61413.24609,1544.986464
2830,2019,CA,CDF,KING,2019-10-10,2019-10-10,11,1,1.0,8.221602,2010-2019,53203.78516,1318.084124
2831,2019,CA,USF,RUSHING,2019-11-19,2019-12-02,9,1,1.0,7.903546,2010-2019,51727.07813,1397.043468
2832,2019,CA,CDF,HIGH,2019-05-24,2019-05-25,11,1,1.0,7.526093,2010-2019,54625.41016,1443.134906
2833,2019,CA,CDF,GATE,2019-08-22,2019-08-23,14,1,1.0,7.226138,2010-2019,41972.58203,1140.926575
2834,2019,CA,CDF,DUZEL,2019-09-07,2019-09-08,1,1,1.0,6.904544,2010-2019,49871.93359,2503.190997
2835,2019,CA,CDF,GREEN 3,2019-11-06,2019-11-07,14,1,1.0,6.311408,2010-2019,36342.86719,972.6851795
2836,2019,CA,CDF,BELMONT,2019-09-26,2019-09-26,2,6,1.0,5.911667,2010-2019,35996.00391,802.4864968
2837,2019,CA,CCO,MUREAU,2019-10-30,2019-10-30,14,7,1.0,5.9004,2010-2019,34952.75,963.0710188
2838,2019,CA,CDF,SCOTT,2019-06-23,2019-06-23,5,1,1.0,5.647906,2010-2019,40957.25781,1049.578223
2839,2019,CA,USF,GRIZZLEY TUNNEL,2019-09-16,2019-09-22,1,1,1.0,5.562233,2010-2019,38246.15234,894.0139045
2840,2019,CA,CDF,AUBREY,2019-09-06,2019-09-06,1,1,1.0,5.438107,2010-2019,39438.9375,958.6503851
2841,2019,CA,USF,SUNRISE 2,2019-07-11,2019-07-12,14,1,1.0,5.259314,2010-2019,35816.95703,1418.548332
2842,2019,CA,CDF,GLADE,2019-07-09,2019-07-09,2,1,1.0,5.21805,2010-2019,31776.94922,1033.409848
2843,2019,CA,CDF,CREEK,2019-06-12,2019-06-12,14,1,1.0,4.964133,2010-2019,36410.05078,865.1721238
2844,2019,CA,CDF,RANCH,2019-09-02,2019-09-02,10,1,1.0,4.678437,2010-2019,28787.31641,1088.946809
2845,2019,CA,CCO,PHILLIPS,2019-10-30,2019-10-30,14,1,1.0,4.653334,2010-2019,28577.61328,979.7386358
2846,2019,CA,USF,KELTY,2019-07-26,2019-09-19,14,7,1.0,4.613461,2010-2019,29924.15625,950.652857
2847,2019,CA,CDF,TRACY,2019-05-15,2019-05-15,11,1,1.0,4.472729,2010-2019,27294.4375,799.4939844
2848,2019,CA,FWS,DRUMHELLER SLOUGH,2019-07-02,2019-07-02,9,4,1.0,4.376543,2010-2019,29713.96875,1199.419814
2849,2019,CA,CDF,SADDLE BACK,2019-06-17,2019-06-17,15,1,1.0,4.286545,2010-2019,26373.28516,831.5133903
2850,2019,CA,CCO,TOPANGA 2,2019-11-16,2019-11-16,14,8,1.0,3.962995,2010-2019,23451.61719,680.1955673
2851,2019,CA,CDF,ROCK,2019-06-08,2019-06-08,14,1,1.0,3.804113,2010-2019,23438.67578,734.3695136
2852,2019,CA,CCO,BELLA COLLINA GOLF COURSE SCL ,2019-07-31,2019-07-31,14,1,1.0,3.76396,2010-2019,21940.62109,739.6586156
2853,2019,CA,CDF,ETNA,2019-04-25,2019-04-25,5,1,1.0,3.236623,2010-2019,23361.76563,875.072076
2854,2019,CA,CDF,SPRING,2019-09-13,2019-09-13,14,6,1.0,3.046854,2010-2019,18662.97656,686.0349586
2855,2019,CA,CCO,CORCORAN,2019-09-24,2019-09-24,3,1,1.0,2.897731,2010-2019,17826.32031,1283.329643
2856,2019,CA,CDF,VINTAGE,2019-07-14,2019-07-14,2,1,1.0,2.438375,2010-2019,16179.10938,557.8830897
2857,2019,CA,CCO,BLUE DIAMOND,2019-05-29,2019-05-29,16,1,1.0,2.29694,2010-2019,13487.25,1125.79746
2858,2019,CA,CCO,WILLIAMS,2019-11-03,2019-11-04,14,1,1.0,2.147755,2010-2019,12599.70313,511.7137543
2859,2019,CA,CDF,VALLEY,2019-07-04,2019-07-04,14,1,1.0,2.085021,2010-2019,12702.83984,522.4735137
2860,2019,CA,FWS,SEARS,2019-10-17,2019-10-17,10,1,1.0,1.98405,2010-2019,13002.17578,1382.620412
2861,2019,CA,FWS,DELEVAN T28,2019-08-05,2019-08-06,2,4,1.0,1.919023,2010-2019,12986.00391,427.2093643
2862,2019,CA,CDF,COTTONWOOD,2019-04-18,2019-04-18,10,6,1.0,1.908545,2010-2019,11759.83594,468.9319156
2863,2019,CA,LRA,PALERMO,2019-08-13,2019-08-13,14,8,1.0,1.816222,2010-2019,10741.19531,689.1679795
2864,2019,CA,CDF,AIRPORT,2019-08-28,2019-08-28,14,1,1.0,1.677516,2010-2019,9740.792969,397.073068
2865,2019,CA,CDF,BUENA,2019-06-28,2019-06-28,8,6,1.0,1.671938,2010-2019,10275.69531,491.6628394
2866,2019,CA,CDF,BURSON,2019-06-22,2019-06-22,14,1,1.0,1.399644,2010-2019,9185.636719,658.9546275
2867,2019,CA,CCO,BOMMER,2019-10-24,2019-10-24,10,1,1.0,1.322732,2010-2019,7763.5625,406.7925339
2868,2019,CA,CDF,MORRETTI,2019-08-22,2019-08-22,14,1,1.0,1.231062,2010-2019,7137.691406,360.6182943
2869,2019,CA,LRA,HOLLYWOOD HILLS,2019-06-09,2019-06-09,14,8,1.0,1.006725,2010-2019,5985.838425,274.2631293
2870,2019,CA,CCO,LAKE 2,2019-08-02,2019-08-02,14,8,1.0,1.006445,2010-2019,5982.304608,274.1821599
2871,2019,CA,CDF,LOMA,2019-10-06,2019-10-06,2,1,1.0,0.9653762,2010-2019,6519.429688,417.7484326
2872,2019,CA,CDF,HELIOS,2019-06-07,2019-06-07,2,1,1.0,0.8129824,2010-2019,4959.59375,312.6190415
2873,2019,CA,CDF,HOLLOW,2019-06-08,2019-06-08,2,1,1.0,0.7589745,2010-2019,4662.285156,364.3953497
2874,2019,CA,CDF,CAMINO,2019-11-02,2019-11-02,14,1,1.0,0.7218916,2010-2019,4188.984375,344.6026671
2875,2019,CA,FWS,TRESTLE,2019-06-02,2019-06-02,14,4,1.0,0.548332,2010-2019,3533.003906,360.1657213
2876,2019,CA,CDF,BELMONT,2019-10-31,2019-10-31,2,1,1.0,0.3136398,2010-2019,1909.632813,179.4608244
2877,2018,CA,CDF,RANCH,2018-07-27,2018-09-19,9,7,1.0,410202.5,2010-2019,2774859061.0,450086.7901
2878,2018,CA,CDF,CARR ,2018-07-23,2018-09-01,10,1,1.0,229651.4,2010-2019,1618694608.0,515058.5177
2879,2018,CA,CDF,CAMP,2018-11-08,2018-11-26,11,1,1.0,153335.6,2010-2019,1051100904.0,405925.6301
2880,2018,CA,USF,FERGUSON,2018-07-13,2018-11-28,9,1,1.0,96831.23,2010-2019,625823315.6,236081.2319
2881,2018,CA,CDF,COUNTY,2018-06-30,2018-07-11,14,2,1.0,89831.15,2010-2019,597104332.3,213735.978
2882,2018,CA,CCO,WOOLSEY,2018-11-08,2018-11-20,11,7,1.0,89551.38,2010-2019,530077573.4,657758.0466
2883,2018,CA,USF,DELTA,2018-09-05,2018-10-09,9,3,1.0,63505.61,2010-2019,451652749.7,213920.8684
2884,2018,CA,CDF,RIVER,2018-07-27,2018-08-10,14,7,1.0,48920.39,2010-2019,328776999.5,123952.4179
2885,2018,CA,USF,HIRZ,2018-08-09,2018-09-15,9,3,1.0,40608.43,2010-2019,288666688.4,166007.1692
2886,2018,CA,USF,STONE,2018-08-15,2018-08-29,1,3,1.0,39584.29,2010-2019,285155172.2,104656.9496
2887,2018,CA,USF,NATCHEZ,2018-10-19,2018-12-18,1,7,1.0,38117.85,2010-2019,278429085.3,230723.0609
2888,2018,CA,CDF,KLAMATHON,2018-07-05,2018-07-21,5,7,1.0,38008.79,2010-2019,278368151.9,154918.8474
2889,2018,CA,USF,DONNELL,2018-08-01,2018-11-28,4,3,1.0,36461.42,2010-2019,240469888.3,266577.6364
2890,2018,CA,USF,HOLY,2018-08-06,2018-10-17,9,6,1.0,23025.4,2010-2019,134978279.6,90674.231
2891,2018,CA,USF,WHALEBACK,2018-08-05,2018-08-06,14,7,1.0,18701.9,2010-2019,131529873.7,64113.09578
2892,2018,CA,CDF,PAWNEE,2018-06-23,2018-07-05,9,2,1.0,15196.92,2010-2019,102191529.8,148744.0058
2893,2018,CA,USF,LIONS,2018-06-18,2018-11-28,1,1,1.0,13461.37,2010-2019,86880896.53,74767.49072
2894,2018,CA,USF,CRANSTON,2018-07-25,2018-12-15,7,3,1.0,13229.16,2010-2019,77576969.68,110578.7652
2895,2018,CA,CDF,WAVERLY,2018-06-29,2018-08-09,2,1,1.0,11759.62,2010-2019,76775934.11,80615.12226
2896,2018,CA,USF,BOOT,2018-09-14,2018-09-17,14,5,1.0,6972.252,2010-2019,45997275.22,77419.81011
2897,2018,CA,USF,MOORE,2018-08-09,2018-09-15,9,8,1.0,5574.379,2010-2019,39558720.85,29164.91566
2898,2018,CA,USF,ALDER,2018-10-04,2018-12-17,1,3,1.0,4654.187,2010-2019,29004833.11,29146.55514
2899,2018,CA,CDF,PLANADA,2018-06-15,2018-06-15,2,1,1.0,4564.095,2010-2019,29328572.32,43900.32346
2900,2018,CA,CCO,HILL,2018-11-08,2018-11-22,14,7,1.0,4310.055,2010-2019,25567604.08,46113.6566
2901,2018,CA,CDF,SUN,2018-10-08,2018-10-08,10,1,1.0,3866.888,2010-2019,26876415.97,32881.68238
2902,2018,CA,BIA,MILL CREEK 1,2018-09-05,2018-09-06,14,3,1.0,3676.683,2010-2019,26257966.34,38261.85526
2903,2018,CA,CCO,TARINA,2018-08-03,2018-08-04,14,1,1.0,3516.185,2010-2019,21457138.83,28431.02072
2904,2018,CA,CDF,LANE,2018-06-24,2018-06-24,7,7,1.0,3416.661,2010-2019,23818380.83,39048.09845
2905,2018,CA,CCO,CHARLIE,2018-09-22,2018-09-23,14,7,1.0,3350.528,2010-2019,20020954.24,30913.28294
2906,2018,CA,USF,GEORGES,2018-07-08,2018-09-02,1,1,1.0,2942.354,2010-2019,18534795.39,35444.89272
2907,2018,CA,CDF,APPLE,2018-06-09,2018-06-09,2,7,1.0,2725.726,2010-2019,18778663.23,32005.65068
2908,2018,CA,CDF,SNELL,2018-09-08,2018-09-15,14,2,1.0,2488.218,2010-2019,16563853.3,24727.28578
2909,2018,CA,CDF,CHROME2,2018-06-09,2018-06-09,9,7,1.0,2259.095,2010-2019,15427988.45,20270.68861
2910,2018,CA,CDF,TURKEY,2018-08-06,2018-08-07,9,1,1.0,2222.979,2010-2019,13708617.6,18592.60323
2911,2018,CA,CDF,NELSON,2018-08-10,2018-08-12,9,2,1.0,2158.429,2010-2019,14209554.09,20988.60057
2912,2018,CA,BLM,EAGLE,2018-07-14,2018-08-06,2,7,1.0,2097.884,2010-2019,15040918.05,18179.77833
2913,2018,CA,CDF,PLEASANT,2018-02-18,2018-02-25,7,2,1.0,2075.696,2010-2019,13337374.89,46746.64992
2914,2018,CA,NPS,EDEN,2018-10-04,2018-12-04,1,5,1.0,1777.595,2010-2019,11128713.94,15865.38252
2915,2018,CA,CDF,HAT ,2018-08-09,2018-08-12,9,1,1.0,1769.335,2010-2019,12582511.42,26619.42536
2916,2018,CA,USF,KERLIN,2018-09-04,2018-09-17,9,3,1.0,1752.566,2010-2019,12324544.86,24475.02349
2917,2018,CA,CDF,NEES,2018-05-02,2018-05-02,2,1,1.0,1739.069,2010-2019,11010119.08,21616.18591
2918,2018,CA,CCO,STONE,2018-06-04,2018-06-05,2,7,1.0,1350.647,2010-2019,8076638.402,23581.68765
2919,2018,CA,CDF,VALLEY,2018-07-06,2018-07-20,9,1,1.0,1343.208,2010-2019,7948315.957,14286.15445
2920,2018,CA,CDF,AIRLINE,2018-06-21,2018-06-22,11,7,1.0,1312.841,2010-2019,8215163.422,16057.37852
2921,2018,CA,USF,MOUNTAINEER,2018-10-13,2018-12-17,1,3,1.0,1270.737,2010-2019,7917223.91,15407.79092
2922,2018,CA,CDF,PATTERSON,2018-05-17,2018-05-18,2,7,1.0,1260.987,2010-2019,7382636.465,15872.30504
2923,2018,CA,CDF,MOFFAT,2018-04-19,2018-04-23,4,2,1.0,1253.925,2010-2019,7904706.434,24309.43558
2924,2018,CA,DOD,PENDLETON COMPLEX,2018-07-06,2018-07-10,14,4,1.0,1237.654,2010-2019,7200353.023,15566.65526
2925,2018,CA,LRA,BUTTE,2018-07-31,2018-08-02,14,1,1.0,1237.57,2010-2019,8349873.215,15915.51469
2926,2018,CA,CDF,DUMP,2018-06-24,2018-06-27,7,1,1.0,1220.089,2010-2019,8544856.316,16247.26785
2927,2018,CA,USF,NORTH,2018-09-03,2018-10-17,4,1,1.0,1119.772,2010-2019,7572320.758,24876.74253
2928,2018,CA,USF,FRONT,2018-08-19,2018-11-07,9,1,1.0,1013.329,2010-2019,6143249.344,17214.503
2929,2018,CA,CDF,STONEY,2018-07-12,2018-09-07,14,2,1.0,954.6071,2010-2019,6548695.926,12410.24455
2930,2018,CA,USF,EEL,2018-07-31,2018-10-11,9,1,1.0,939.2842,2010-2019,6453168.762,18743.40587
2931,2018,CA,CDF,IRISH,2018-07-06,2018-07-10,2,1,1.0,824.9778,2010-2019,5446687.156,16097.77735
2932,2018,CA,CDF,EIGHTY EIGHT,2018-07-18,2018-07-21,14,2,1.0,822.23,2010-2019,5458161.723,14173.429
2933,2018,CA,CDF,DALE,2018-07-09,2018-07-09,14,1,1.0,722.3575,2010-2019,5034202.855,11164.1273
2934,2018,CA,LRA,SUNSET,2018-08-01,2018-08-03,14,1,1.0,692.5414,2010-2019,4625605.754,11133.88414
2935,2018,CA,CDF,GULCH,2018-08-11,2018-08-11,2,1,1.0,683.0506,2010-2019,4233010.238,9651.017531
2936,2018,CA,BLM,TUMBLEWEED,2018-06-14,2018-06-19,10,7,1.0,645.414,2010-2019,4507079.949,14778.20538
2937,2018,CA,CDF,GRANT,2018-07-09,2018-07-09,9,1,1.0,632.3281,2010-2019,4098350.398,14280.77509
2938,2018,CA,CDF,TULLOCH,2018-09-09,2018-09-13,10,1,1.0,574.9939,2010-2019,3736588.609,11489.87213
2939,2018,CA,CDF,EASTERN 2,2018-06-04,2018-06-12,11,1,1.0,528.1719,2010-2019,3303472.273,13282.73348
2940,2018,CA,USF,WEST,2018-07-06,2018-07-10,2,6,1.0,505.3996,2010-2019,2904682.542,9257.303176
2941,2018,CA,CDF,RIVER_7,2018-08-15,2018-08-18,14,1,1.0,496.1956,2010-2019,3058383.785,9785.7776
2942,2018,CA,DOD,NACIMIENTO,2018-10-02,2018-10-03,14,4,1.0,466.3767,2010-2019,2886275.371,7121.916248
2943,2018,CA,CDF,JUNES,2018-10-30,2018-11-12,5,6,1.0,450.773,2010-2019,3055275.738,12755.17845
2944,2018,CA,BLM,HOT CREEK,2018-07-31,2018-08-29,1,1,1.0,436.2319,2010-2019,2825221.906,12650.11965
2945,2018,CA,CDF,ONEALS,2018-06-04,2018-06-07,2,1,1.0,432.8582,2010-2019,2758967.746,6690.0598
2946,2018,CA,CDF,HYATT,2018-06-27,2018-06-29,8,1,1.0,431.5368,2010-2019,3007844.719,11098.88207
2947,2018,CA,CDF,METZ,2018-09-13,2018-09-15,11,1,1.0,411.9871,2010-2019,2576049.055,13613.5145
2948,2018,CA,CDF,PANTHER ,2018-06-24,2018-06-27,7,1,1.0,386.1122,2010-2019,2701380.27,10610.6177
2949,2018,CA,USF,CALL,2018-08-18,2018-09-09,9,6,1.0,367.6508,2010-2019,2250580.691,9006.195704
2950,2018,CA,CDF,OAK,2018-09-22,2018-09-29,8,1,1.0,359.3124,2010-2019,2308491.441,12105.54338
2951,2018,CA,NPS,INDIAN,2018-09-04,2018-11-26,1,1,1.0,358.2132,2010-2019,2326411.152,10069.13509
2952,2018,CA,CDF,SHIPPEE,2018-06-26,2018-06-26,11,5,1.0,357.3438,2010-2019,2439297.332,7414.673874
2953,2018,CA,CDF,BASCOM,2018-06-23,2018-06-23,2,2,1.0,336.7269,2010-2019,2360145.383,8754.321559
2954,2018,CA,CDF,PASQUAL,2018-07-29,2018-12-18,14,6,1.0,327.5861,2010-2019,1893313.102,8737.094186
2955,2018,CA,CDF,COUNTRY,2018-07-22,2018-10-25,14,2,1.0,321.4045,2010-2019,2068501.277,8902.507476
2956,2018,CA,CDF,SHINGLE,2018-07-04,2018-07-04,7,1,1.0,315.9945,2010-2019,2093722.605,8973.935284
2957,2018,CA,USF,OWENS,2018-07-31,2018-08-29,1,1,1.0,308.7849,2010-2019,2001973.973,9572.613477
2958,2018,CA,CDF,SOUTH,2018-08-06,2018-08-08,10,1,1.0,292.3123,2010-2019,1910538.793,9973.39962
2959,2018,CA,CDF,SAN ARDO,2018-06-25,2018-06-26,9,1,1.0,287.0119,2010-2019,1777957.855,6390.56031
2960,2018,CA,CDF,SKYLINE LRA,2018-07-19,2018-08-04,14,2,1.0,281.6225,2010-2019,1656089.543,7178.546611
2961,2018,CA,USF,SKYLINE,2018-07-19,2018-08-03,9,6,1.0,281.6225,2010-2019,1656089.543,7178.546611
2962,2018,CA,CDF,PANOCHE 2,2018-06-04,2018-06-06,9,1,1.0,266.1002,2010-2019,1676306.293,10190.34729
2963,2018,CA,USF,WILSON,2018-09-28,2018-11-30,9,1,1.0,261.3726,2010-2019,1823246.164,10120.9629
2964,2018,CA,CDF,STOLL,2018-06-24,2018-06-24,14,1,1.0,258.6872,2010-2019,1795252.008,8540.423456
2965,2018,CA,NPS,SANTA CRUZ,2018-03-27,2018-04-05,18,1,1.0,258.4481,2010-2019,1525346.539,17938.50342
2966,2018,CA,CDF,ROXIE,2018-07-26,2018-07-27,14,2,1.0,256.1456,2010-2019,1786833.223,6497.522843
2967,2018,CA,CDF,RECYCLE,2018-06-06,2018-06-10,4,1,1.0,248.3807,2010-2019,1421980.113,7500.284151
2968,2018,CA,CDF,MARSH,2018-07-26,2018-08-04,14,1,1.0,247.0501,2010-2019,1607807.676,6955.595625
2969,2018,CA,USF,GRAPE,2018-04-24,2018-06-20,5,8,1.0,244.0183,2010-2019,1720063.938,7309.111828
2970,2018,CA,USF,PETERSBURG,2018-07-01,2018-10-05,9,8,1.0,225.5981,2010-2019,1608764.332,7117.039889
2971,2018,CA,CDF,STEAMBOAT,2018-07-15,2018-07-20,1,1,1.0,223.8636,2010-2019,1626249.863,5510.012537
2972,2018,CA,USF,RIBBON,2018-07-28,2018-08-03,14,8,1.0,222.283,2010-2019,1299608.957,12886.85388
2973,2018,CA,USF,BATTLE,2018-07-22,2018-09-11,1,1,1.0,220.3255,2010-2019,1600283.949,4945.422146
2974,2018,CA,CCO,FAIRMONT,2018-09-09,2018-09-09,14,7,1.0,219.2987,2010-2019,1316299.031,5748.201094
2975,2018,CA,CDF,PANOCHE,2018-07-11,2018-07-15,14,1,1.0,213.3461,2010-2019,1343992.359,11939.20239
2976,2018,CA,CDF,ROCK 5,2018-07-28,2018-08-02,14,1,1.0,206.2568,2010-2019,1201319.156,8105.120958
2977,2018,CA,CCO,ROUND,2018-09-12,2018-09-14,14,1,1.0,201.6082,2010-2019,1235116.988,6145.703688
2978,2018,CA,CDF,DUTCH,2018-08-02,2018-08-05,14,1,1.0,197.5548,2010-2019,1317659.898,5604.483991
2979,2018,CA,CDF,BEAVER,2018-06-12,2018-06-18,9,1,1.0,194.3561,2010-2019,1215760.625,7853.897966
2980,2018,CA,CCO,WASIOJA,2018-05-20,2018-05-22,11,1,1.0,189.5374,2010-2019,1144194.539,5519.220123
2981,2018,CA,CCO,PEAK,2018-11-12,2018-11-14,9,6,1.0,182.1956,2010-2019,1082270.969,7124.015637
2982,2018,CA,CCO,ALISO ,2018-06-02,2018-06-10,14,1,1.0,175.7186,2010-2019,1026564.402,6151.017892
2983,2018,CA,CCO,SOUTH,2018-06-09,2018-06-12,14,7,1.0,175.1159,2010-2019,1042451.629,4169.410776
2984,2018,CA,NPS,NORTH BUBBS,2018-08-01,2018-09-06,1,7,1.0,173.5151,2010-2019,1096780.914,6271.439436
2985,2018,CA,CDF,PRIEST,2018-10-13,2018-10-13,2,1,1.0,171.9416,2010-2019,1069945.547,5147.884613
2986,2018,CA,USF,OGILVY,2018-09-01,2018-10-16,1,1,1.0,165.2615,2010-2019,989082.6484,7501.941568
2987,2018,CA,CDF,FLAT,2018-06-24,2018-07-04,14,1,1.0,163.3823,2010-2019,1060494.664,5187.786632
2988,2018,CA,CDF,EUCLID,2018-06-13,2018-06-23,14,1,1.0,156.3773,2010-2019,921320.5742,8280.471149
2989,2018,CA,CCO,SANTIAGO,2018-06-11,2018-06-14,14,1,1.0,154.9657,2010-2019,909667.9102,6139.694517
2990,2018,CA,CDF,GORGE ,2018-08-19,2019-08-19,14,2,1.0,154.5624,2010-2019,1078021.816,4874.892924
2991,2018,CA,CCO,BRIGGS,2018-11-15,2018-11-16,14,6,1.0,154.4603,2010-2019,918161.1992,5060.575711
2992,2018,CA,USF,FORK,2018-09-09,2018-10-05,9,3,1.0,138.7085,2010-2019,823294.2656,4517.760132
2993,2018,CA,CDF,STEELE,2018-07-28,2018-08-01,14,1,1.0,136.7954,2010-2019,905504.5781,6334.075951
2994,2018,CA,CDF,PARROTTS,2018-08-05,2018-08-20,14,1,1.0,135.9872,2010-2019,890110.7148,7376.473826
2995,2018,CA,CDF,SLIGER,2018-09-04,2018-09-07,14,1,1.0,134.9016,2010-2019,904111.1953,4142.717146
2996,2018,CA,CDF,FLAT,2018-06-28,2018-06-30,14,1,1.0,129.755,2010-2019,911141.9531,5546.404376
2997,2018,CA,CDF,WHEELER,2018-06-18,2018-06-20,14,1,1.0,124.7975,2010-2019,807963.5039,4410.727022
2998,2018,CA,CDF,SPRING 2,2018-07-09,2018-07-11,14,1,1.0,121.8599,2010-2019,820077.2344,5376.88824
2999,2018,CA,CDF,BRIDAL,2018-07-06,2018-07-07,14,4,1.0,120.3432,2010-2019,766265.0273,5345.046296
3000,2018,CA,CCO,HOLIDAY,2018-07-06,2018-07-09,14,1,1.0,118.0118,2010-2019,704218.1406,10353.10749
3001,2018,CA,USF,MURPHY,2018-08-07,2018-10-07,9,1,1.0,117.0756,2010-2019,808258.0547,5327.980288
3002,2018,CA,USF,OPEN,2018-06-01,2018-06-27,7,8,1.0,113.0089,2010-2019,768391.4258,5420.416484
3003,2018,CA,CCO,PINE,2018-08-16,2018-08-17,14,1,1.0,111.3694,2010-2019,682778.5352,4610.244221
3004,2018,CA,CCO,PICO,2018-07-23,2018-07-24,14,7,1.0,111.3536,2010-2019,663352.5039,6399.929332
3005,2018,CA,CDF,IDRIA,2018-07-12,2018-07-15,9,1,1.0,110.1655,2010-2019,692316.7422,4542.239907
3006,2018,CA,BLM,AGUA CALIENTE,2018-07-09,2018-07-10,11,1,1.0,108.6614,2010-2019,637943.0977,8232.816499
3007,2018,CA,CDF,COBBLE,2018-05-26,2018-05-27,2,1,1.0,108.4346,2010-2019,684996.4531,5476.16804
3008,2018,CA,CDF,JELLY,2018-05-18,2018-05-18,2,1,1.0,107.0562,2010-2019,745936.668,4703.768125
3009,2018,CA,CDF,COOPERSTOWN ,2018-07-16,2018-07-21,7,1,1.0,106.9955,2010-2019,693241.5156,8291.950435
3010,2018,CA,CDF,CACHE,2018-08-26,2018-08-28,14,2,1.0,103.5501,2010-2019,694614.8008,3283.024803
3011,2018,CA,USF,WOOD,2018-05-21,2018-07-23,1,1,1.0,97.18737,2010-2019,602380.8867,3616.621926
3012,2018,CA,CDF,CORNER ,2018-07-28,2018-07-28,14,1,1.0,94.28287,2010-2019,669665.5547,3927.787477
3013,2018,CA,CCO,WINDMILL,2018-07-20,2018-07-23,2,1,1.0,90.147,2010-2019,540224.4063,5155.645384
3014,2018,CA,CDF,WATER,2018-05-24,2018-05-24,11,1,1.0,87.86208,2010-2019,537762.5742,4458.32059
3015,2018,CA,USF,CROCKER,2018-07-24,2018-10-07,1,1,1.0,87.34658,2010-2019,601186.5078,3596.502191
3016,2018,CA,NPS,DENNISON,2018-10-13,2018-12-04,1,5,1.0,87.07478,2010-2019,543903.4453,4106.200698
3017,2018,CA,BIA,SIGNBOARD,2018-11-16,2018-11-17,14,3,1.0,81.15428,2010-2019,577697.918,4238.80552
3018,2018,CA,CDF,SHANDON,2018-09-29,2018-09-29,14,7,1.0,80.10158,2010-2019,491842.6523,3616.592797
3019,2018,CA,USF,JUNIPER,2018-07-18,2018-07-31,1,8,1.0,79.80875,2010-2019,581574.0508,2870.395239
3020,2018,CA,CDF,HORSE,2018-06-25,2018-07-05,14,1,1.0,79.39225,2010-2019,517755.8086,4180.068204
3021,2018,CA,CDF,ANCHOR,2018-06-27,2018-06-29,7,1,1.0,78.95502,2010-2019,497952.4102,3434.587079
3022,2018,CA,LRA,SANKEY,2018-06-06,2018-06-06,11,1,1.0,77.71261,2010-2019,518298.3477,6451.84168
3023,2018,CA,CCO,CRUCES,2018-07-18,2018-07-19,10,1,1.0,77.55305,2010-2019,463482.1484,5134.494045
3024,2018,CA,CDF,CHROME,2018-05-28,2018-05-28,9,7,1.0,76.9834,2010-2019,525919.4453,4251.024121
3025,2018,CA,CDF,3-16 PIT,2018-07-15,2018-07-21,1,1,1.0,76.45523,2010-2019,543015.5859,3225.826242
3026,2018,CA,CDF,CREEK,2018-06-24,2018-06-26,7,1,1.0,71.65475,2010-2019,502088.6523,3719.102483
3027,2018,CA,CDF,TESLA,2018-06-29,2018-06-30,14,2,1.0,70.0204,2010-2019,452773.3828,3025.456844
3028,2018,CA,CDF,STERLING,2018-08-31,2018-09-07,9,1,1.0,69.48309,2010-2019,411727.9727,6676.076104
3029,2018,CA,CDF,BUMPER,2018-08-01,2018-08-03,14,1,1.0,66.73654,2010-2019,443317.9258,3477.059243
3030,2018,CA,CDF,OMEGA,2018-08-01,2018-08-02,14,1,1.0,66.69245,2010-2019,445327.4219,4037.875548
3031,2018,CA,CDF,LIBERTY,2018-06-12,2018-06-12,5,1,1.0,63.63537,2010-2019,418324.668,4445.309836
3032,2018,CA,USF,CHERRY,2018-06-27,2018-07-02,5,8,1.0,62.81454,2010-2019,458277.7734,3491.907267
3033,2018,CA,LRA,NEWTON,2018-08-06,2018-08-08,14,1,1.0,62.26523,2010-2019,414874.5352,3013.091801
3034,2018,CA,USF,CANYON,2018-06-23,2018-07-14,2,1,1.0,62.01245,2010-2019,370833.1445,4159.137885
3035,2018,CA,USF,BOX,2018-07-06,2018-07-20,2,1,1.0,61.23165,2010-2019,363515.7773,2786.717963
3036,2018,CA,USF,MEADOW,2018-07-15,2018-08-05,1,1,1.0,60.63672,2010-2019,442099.4258,2455.973794
3037,2018,CA,CDF,CRESTLINE ,2018-07-24,2018-07-24,14,1,1.0,60.4863,2010-2019,427920.543,2508.333178
3038,2018,CA,CCO,YOSEMITE,2018-09-18,2018-09-18,14,2,1.0,60.45642,2010-2019,359448.7227,2678.19165
3039,2018,CA,CDF,SILVER,2018-09-28,2018-09-28,14,1,1.0,60.24594,2010-2019,423486.3945,3336.116426
3040,2018,CA,CDF,MANZANITA,2018-09-01,2018-09-02,11,1,1.0,59.66168,2010-2019,377393.8594,5109.033879
3041,2018,CA,CCO,HAPPY,2018-05-17,2018-05-17,11,1,1.0,59.46514,2010-2019,356321.7031,2910.197952
3042,2018,CA,CDF,VISTA,2018-06-13,2018-06-13,2,7,1.0,59.22106,2010-2019,363906.7969,4434.401652
3043,2018,CA,CDF,AGUA,2018-05-22,2018-05-24,14,1,1.0,59.08208,2010-2019,343675.7656,4014.796288
3044,2018,CA,CDF,CAMINO,2018-10-19,2018-10-19,10,7,1.0,58.5271,2010-2019,355318.5742,3319.081849
3045,2018,CA,CDF,GRADE,2018-08-30,2018-08-30,14,1,1.0,58.4351,2010-2019,390224.6523,2643.87497
3046,2018,CA,CDF,3-10 VALLEY,2018-07-15,2018-07-18,1,1,1.0,57.03822,2010-2019,404834.8438,3140.73983
3047,2018,CA,USF,H-2 CAMP,2018-07-15,2018-11-02,1,8,1.0,56.61373,2010-2019,400709.8789,5622.984653
3048,2018,CA,CDF,CRESTON,2018-06-14,2018-06-14,10,1,1.0,56.45403,2010-2019,346219.0586,2937.645684
3049,2018,CA,CDF,ADAMS,2018-11-05,2018-11-05,11,1,1.0,55.53146,2010-2019,387169.8945,3442.602012
3050,2018,CA,NPS,RANCHERIA,2018-09-08,2018-11-30,1,7,1.0,54.72084,2010-2019,356834.3281,3080.467109
3051,2018,CA,CDF,BOYER,2018-06-15,2018-06-16,2,1,1.0,52.851,2010-2019,340216.4531,4580.373513
3052,2018,CA,USF,KELLY,2018-07-14,2018-08-03,1,1,1.0,52.75735,2010-2019,381116.3438,2345.08203
3053,2018,CA,CDF,COPPER,2018-09-22,2018-09-28,7,1,1.0,52.65708,2010-2019,367390.168,5004.838302
3054,2018,CA,USF,KENBROOK,2018-09-26,2018-10-15,9,1,1.0,51.38762,2010-2019,305064.8047,3344.41338
3055,2018,CA,CDF,RESERVOIR,2018-09-16,2018-09-16,11,7,1.0,51.21738,2010-2019,311900.1328,4045.663527
3056,2018,CA,CDF,GRANT,2018-06-29,2018-06-29,10,1,1.0,50.66001,2010-2019,336044.6289,2748.425334
3057,2018,CA,CDF,CARDER,2018-07-21,2018-07-21,14,1,1.0,50.16753,2010-2019,335833.1133,3998.393455
3058,2018,CA,CDF,AQUEDUCT,2018-04-12,2018-04-12,2,1,1.0,49.1616,2010-2019,303535.8633,2461.631191
3059,2018,CA,CDF,SPRING,2018-09-02,2018-09-02,10,7,1.0,46.9971,2010-2019,288213.9609,6330.47287
3060,2018,CA,USF,LOST,2018-10-03,2018-11-28,1,1,1.0,46.22608,2010-2019,298704.7266,2382.431725
3061,2018,CA,CCO,LEBEC,2018-07-08,2018-07-09,14,1,1.0,45.50365,2010-2019,274105.6641,3366.941602
3062,2018,CA,FWS,AGUA,2018-11-27,2018-11-27,2,1,1.0,44.07315,2010-2019,252463.0547,2867.69202
3063,2018,CA,CDF,EDISON,2018-11-04,2018-11-07,18,1,1.0,41.26192,2010-2019,263393.5938,2156.810776
3064,2018,CA,CDF,EAST,2018-08-08,2018-08-09,14,1,1.0,40.67442,2010-2019,270520.5625,2684.220775
3065,2018,CA,LRA,BUTTE_2,2018-11-13,2018-11-13,14,1,1.0,40.30326,2010-2019,271876.9531,2557.597331
3066,2018,CA,CDF,HIDDEN,2018-07-25,2018-07-25,14,1,1.0,38.78732,2010-2019,245176.1367,2640.724947
3067,2018,CA,CDF,MARTIN,2018-06-06,2018-06-07,5,1,1.0,36.80684,2010-2019,266393.8477,2467.357095
3068,2018,CA,CDF,FAIRVIEW 2,2018-06-03,2018-06-03,11,2,1.0,35.76863,2010-2019,226369.7305,2097.187327
3069,2018,CA,CDF,RIDGE,2018-09-02,2018-09-03,14,2,1.0,35.20044,2010-2019,235904.9805,2267.598131
3070,2018,CA,LRA,NORTH PARK,2018-10-12,2018-10-15,9,1,1.0,34.76906,2010-2019,206152.4219,3414.912457
3071,2018,CA,NPS,HORSE CREEK,2018-07-19,2018-09-06,1,7,1.0,34.51646,2010-2019,216188.6211,3624.549444
3072,2018,CA,USF,CREEK,2018-06-30,2018-07-20,9,1,1.0,32.7047,2010-2019,193848.4023,3406.757979
3073,2018,CA,CDF,SIMMONS,2018-07-19,2018-07-19,7,5,1.0,32.67687,2010-2019,222768.3945,2331.361944
3074,2018,CA,CDF,3-18 SNAG,2018-07-15,2018-07-22,1,1,1.0,30.36902,2010-2019,216331.8711,2640.10723
3075,2018,CA,USF,EAGLE,2018-10-02,2018-10-08,1,6,1.0,30.34471,2010-2019,192573.2422,2170.75327
3076,2018,CA,LRA,NELSON,2018-06-29,2018-07-03,14,1,1.0,30.20745,2010-2019,201932.9063,2443.246659
3077,2018,CA,CCO,PEPPER,2018-06-08,2018-06-08,14,1,1.0,29.90837,2010-2019,182452.8398,2006.430608
3078,2018,CA,CDF,LARIAT,2018-07-14,2018-07-14,14,1,1.0,29.66777,2010-2019,204883.1133,2129.59363
3079,2018,CA,CDF,BORDER 8,2018-07-17,2018-07-17,7,1,1.0,28.34346,2010-2019,161916.6563,1971.284179
3080,2018,CA,CCO,OLSEN,2018-06-27,2018-06-28,14,1,1.0,27.95707,2010-2019,166018.2734,2475.359638
3081,2018,CA,USF,QUARANTINE,2018-08-15,2018-08-29,1,1,1.0,27.65091,2010-2019,200090.0117,1957.733062
3082,2018,CA,CDF,WILDCAT,2018-10-12,2018-10-13,9,1,1.0,26.81759,2010-2019,174209.0039,2404.645297
3083,2018,CA,CDF,VINEYARD,2018-05-30,2018-05-30,2,6,1.0,25.31846,2010-2019,155858.8477,2373.410498
3084,2018,CA,LRA,THORNTREE,2018-09-25,2018-09-25,14,1,1.0,25.00915,2010-2019,168564.0313,2888.656861
3085,2018,CA,BIA,MARTINEZ,2018-07-25,2018-07-26,14,7,1.0,24.77533,2010-2019,144773.7344,1974.374158
3086,2018,CA,CDF,KELSEY,2018-09-03,2018-09-03,14,1,1.0,24.47021,2010-2019,163837.8281,2566.616844
3087,2018,CA,CDF,UTICA,2018-06-12,2018-06-12,2,1,1.0,24.16482,2010-2019,149161.3867,1997.896927
3088,2018,CA,USF,COUGAR,2018-03-31,2018-06-26,2,8,1.0,23.98479,2010-2019,173389.5273,3588.032229
3089,2018,CA,CDF,SPENCE,2018-07-01,2018-07-06,9,1,1.0,22.57155,2010-2019,152028.7109,1650.86581
3090,2018,CA,LRA,RANCHO,2018-06-29,2018-06-30,14,1,1.0,22.12473,2010-2019,148781.0508,2364.394802
3091,2018,CA,CDF,WAGNER,2018-08-04,2018-08-07,11,1,1.0,22.00858,2010-2019,142559.0586,1794.97587
3092,2018,CA,CDF,SOBOBA,2018-09-14,2018-09-15,14,1,1.0,21.58016,2010-2019,126697.332,1856.193763
3093,2018,CA,CDF,CARTER,2018-06-07,2018-06-11,9,1,1.0,20.33479,2010-2019,132330.2773,2655.993448
3094,2018,CA,USF,FRENCH,2018-04-26,2018-05-01,5,1,1.0,20.24249,2010-2019,139786.6133,1778.270227
3095,2018,CA,USF,SPRING,2018-07-18,2018-08-29,1,1,1.0,20.04257,2010-2019,139908.2344,3425.480671
3096,2018,CA,LRA,BASELINE,2018-07-03,2018-07-04,14,1,1.0,19.92144,2010-2019,132679.2148,2555.292617
3097,2018,CA,USF,ESSEX,2018-09-02,2018-09-16,1,1,1.0,19.30635,2010-2019,139573.4258,1417.481312
3098,2018,CA,CCO,WOODCHOPPER 1,2018-07-17,2018-07-17,11,1,1.0,19.23786,2010-2019,115487.9805,2202.784172
3099,2018,CA,CCO,DERBY,2018-06-06,2018-06-06,14,1,1.0,19.21136,2010-2019,116674.3086,1414.911794
3100,2018,CA,USF,MOSES,2018-10-17,2018-12-17,1,3,1.0,19.13519,2010-2019,119358.8477,1504.777269
3101,2018,CA,USF,ADAMS,2018-07-19,2018-08-01,1,1,1.0,19.0031,2010-2019,114041.9531,1932.65878
3102,2018,CA,CDF,LAKE,2018-07-24,2018-07-27,14,1,1.0,18.63135,2010-2019,120492.4219,1576.743803
3103,2018,CA,CCO,HEFFNER,2018-05-04,2018-05-05,14,1,1.0,17.8683,2010-2019,106552.0781,2311.124146
3104,2018,CA,CCO,UNNAMED FIRE,2018-08-04,2018-08-04,14,1,1.0,17.67473,2010-2019,108406.7773,1436.407393
3105,2018,CA,BLM,LIKELY,2018-08-05,2018-08-07,10,1,1.0,16.19212,2010-2019,116155.1289,1806.163092
3106,2018,CA,CCO,CASITAS,2018-08-12,2018-08-13,14,2,1.0,15.85888,2010-2019,94576.97266,1858.485503
3107,2018,CA,CDF,GABILAN,2018-02-17,2018-02-17,5,1,1.0,15.67677,2010-2019,99101.54688,1494.247799
3108,2018,CA,CDF,RINCON,2018-11-03,2018-11-09,14,1,1.0,15.64786,2010-2019,99500.45313,1559.651889
3109,2018,CA,USF,BASKET,2018-09-15,2018-10-01,4,1,1.0,15.45422,2010-2019,94870.24219,1589.069676
3110,2018,CA,CDF,COYOTE,2018-07-14,2018-07-19,1,1,1.0,15.42562,2010-2019,109251.7813,1758.23003
3111,2018,CA,CDF,JOHNSON,2018-07-15,2018-07-16,7,1,1.0,15.26755,2010-2019,109649.7656,2241.345976
3112,2018,CA,CDF,IRON GATE,2018-10-10,2018-10-12,2,1,1.0,15.11181,2010-2019,110620.6211,2238.149748
3113,2018,CA,CDF,RIATA,2018-09-09,2018-09-12,9,1,1.0,14.5872,2010-2019,95533.83203,1482.612768
3114,2018,CA,CCO,COMMERCE,2018-05-06,2018-05-06,11,1,1.0,14.20331,2010-2019,84695.17969,3047.442358
3115,2018,CA,NPS,TILTILL,2018-07-13,2018-08-21,1,1,1.0,14.10365,2010-2019,91973.0625,2056.813809
3116,2018,CA,CDF,RUTH,2018-10-24,2018-10-24,2,1,1.0,14.02408,2010-2019,88515.88672,1363.795145
3117,2018,CA,USF,SAN,2018-11-02,2018-11-07,4,1,1.0,14.01697,2010-2019,83089.26172,1806.096415
3118,2018,CA,CDF,CASNER 2,2018-08-06,2018-08-06,2,1,1.0,13.91525,2010-2019,80389.12109,1305.410729
3119,2018,CA,CDF,TERMO,2018-07-07,2018-07-07,10,1,1.0,13.88662,2010-2019,98243.23438,1660.804589
3120,2018,CA,CCO,UNNAMED FIRE,2018-05-05,2018-05-05,14,1,1.0,13.65057,2010-2019,84063.82813,1290.199826
3121,2018,CA,CDF,CAMP,2018-07-17,2018-07-17,11,1,1.0,13.53527,2010-2019,83231.81641,1278.488809
3122,2018,CA,CDF,RICE,2018-09-04,2018-09-08,14,1,1.0,13.49836,2010-2019,94289.54297,1297.996771
3123,2018,CA,CDF,INDIO,2018-06-08,2018-06-08,10,1,1.0,13.11449,2010-2019,86776.375,1385.263894
3124,2018,CA,USF,MONTE,2018-05-09,2018-05-10,14,8,1.0,13.08842,2010-2019,75336.91797,1296.800927
3125,2018,CA,CDF,MATTOLE,2018-02-11,2018-02-11,14,1,1.0,13.00193,2010-2019,90452.02344,2727.915159
3126,2018,CA,CDF,MADRONA,2018-08-16,2018-08-16,14,1,1.0,12.97519,2010-2019,86107.64844,2142.988481
3127,2018,CA,CDF,RESORT,2018-06-13,2018-06-13,14,1,1.0,12.95728,2010-2019,79797.47656,2324.578714
3128,2018,CA,CDF,BELLAGIO,2018-05-21,2018-05-21,14,1,1.0,12.94914,2010-2019,84896.19922,1122.059352
3129,2018,CA,CDF,RANCHITA,2018-06-19,2018-06-19,10,6,1.0,12.85658,2010-2019,79245.59766,1238.301783
3130,2018,CA,USF,HOOPER,2018-06-18,2018-07-06,9,1,1.0,12.80577,2010-2019,78537.99219,1243.670386
3131,2018,CA,CDF,THOUSAND,2018-07-18,2018-07-18,11,1,1.0,12.74557,2010-2019,85517.96875,1476.531529
3132,2018,CA,CDF,HIDDEN,2018-02-02,2018-02-02,5,1,1.0,12.39872,2010-2019,90927.22266,1845.621545
3133,2018,CA,CDF,BORDER 3,2018-02-08,2018-02-08,14,1,1.0,12.29894,2010-2019,70260.00391,2364.56007
3134,2018,CA,CDF,COLDWELL,2018-06-02,2018-06-02,7,1,1.0,12.29649,2010-2019,76386.67969,1854.269039
3135,2018,CA,USF,DEL,2018-09-11,2018-09-14,10,1,1.0,12.19321,2010-2019,73116.21484,1389.316499
3136,2018,CA,CDF,VISTA,2018-06-05,2018-06-06,14,1,1.0,12.10395,2010-2019,70484.22266,1577.450391
3137,2018,CA,CDF,MADISON,2018-06-01,2018-06-01,14,1,1.0,12.08517,2010-2019,80274.03125,1540.652241
3138,2018,CA,CDF,CINNAMON,2018-07-20,2018-07-20,2,1,1.0,11.99425,2010-2019,69274.57422,2287.243579
3139,2018,CA,USF,SILVER KING,2018-08-30,2018-08-31,14,3,1.0,11.84939,2010-2019,78243.90234,1703.929061
3140,2018,CA,CDF,ELEPHANT,2018-06-11,2018-06-11,2,1,1.0,11.74929,2010-2019,72918.36328,1483.804986
3141,2018,CA,BLM,MCGEE,2018-08-30,2018-09-02,14,1,1.0,11.73649,2010-2019,75817.12109,1356.100875
3142,2018,CA,BLM,CONSTANTIA,2018-08-05,2018-08-06,14,1,1.0,11.72882,2010-2019,80896.54297,1606.839536
3143,2018,CA,LRA,KING,2018-08-06,2018-08-10,9,1,1.0,11.45533,2010-2019,67814.49219,1352.031143
3144,2018,CA,CDF,CHURCH 2,2018-06-11,2018-06-12,10,1,1.0,11.04537,2010-2019,63280.8125,1826.772779
3145,2018,CA,CDF,DARK,2018-07-10,2018-07-10,2,1,1.0,10.91887,2010-2019,74677.94531,1120.652323
3146,2018,CA,CDF,SYCAMORE,2018-06-18,2018-06-19,14,1,1.0,10.56412,2010-2019,67108.875,1161.193477
3147,2018,CA,CDF,BUILDING,2018-07-06,2018-07-07,9,1,1.0,10.41985,2010-2019,59609.19531,1679.901114
3148,2018,CA,CDF,GRIFFEN,2018-06-24,2018-06-27,7,1,1.0,10.36754,2010-2019,64562.52734,1159.161523
3149,2018,CA,USF,SODA,2018-11-11,2018-11-14,14,1,1.0,10.33024,2010-2019,67908.68359,1725.985103
3150,2018,CA,CDF,SHEPHERD,2018-05-30,2018-05-30,2,1,1.0,10.21674,2010-2019,64752.58203,1704.846455
3151,2018,CA,CDF,SYAR,2018-08-09,2018-08-09,14,1,1.0,10.19067,2010-2019,67013.95313,1477.778309
3152,2018,CA,CDF,MYERS,2018-09-20,2018-09-22,14,1,1.0,10.13181,2010-2019,67497.76172,1208.160393
3153,2018,CA,CCO,LYNN,2018-11-12,2018-11-13,14,1,1.0,10.07955,2010-2019,59764.12109,1568.163808
3154,2018,CA,CDF,FRAZIER,2018-06-03,2018-06-03,2,1,1.0,9.833247,2010-2019,62619.61328,1410.576644
3155,2018,CA,CCO,TAPO,2018-08-01,2018-08-01,14,1,1.0,9.722479,2010-2019,57816.24609,1328.158567
3156,2018,CA,CDF,WHISKEY,2018-10-15,2018-10-26,14,1,1.0,9.709066,2010-2019,63859.15625,1434.891921
3157,2018,CA,CDF,3-13 MUCK,2018-07-15,2018-07-20,1,1,1.0,9.685986,2010-2019,68897.52344,1349.115558
3158,2018,CA,CCO,DULCE,2018-08-18,2018-08-18,15,1,1.0,9.17901,2010-2019,54783.76953,2078.39088
3159,2018,CA,CDF,BEAR,2018-11-16,2018-11-16,14,1,1.0,9.018476,2010-2019,57534.57813,1395.07488
3160,2018,CA,CDF,SHELL,2018-07-04,2018-07-04,2,1,1.0,8.838486,2010-2019,55088.11719,1146.784309
3161,2018,CA,CDF,OAK,2018-08-12,2018-08-12,14,1,1.0,8.581826,2010-2019,57755.375,1089.059366
3162,2018,CA,CDF,SCHOOL,2018-08-20,2018-08-20,9,1,1.0,7.95544,2010-2019,55323.88672,1423.756895
3163,2018,CA,CCO,BRIDGE,2018-04-19,2018-04-20,11,1,1.0,7.767941,2010-2019,46535.18359,1735.42714
3164,2018,CA,CDF,HONEYBEE,2018-06-24,2018-06-24,7,1,1.0,7.635206,2010-2019,53506.91016,1091.665439
3165,2018,CA,CCO,TALBERT PARK SOUTH,2018-04-15,2018-04-15,14,1,1.0,7.518083,2010-2019,44015.60547,1573.872147
3166,2018,CA,CCO,TELEGRAPH,2018-06-12,2018-06-12,14,1,1.0,7.057304,2010-2019,42011.05859,1164.156055
3167,2018,CA,CCO,HARBOR,2018-06-29,2018-06-30,14,6,1.0,7.0504,2010-2019,41849.58203,1354.343207
3168,2018,CA,CCO,COPCO,2018-11-07,2018-11-14,9,1,1.0,6.980345,2010-2019,41912.03125,982.7724208
3169,2018,CA,USF,LOST,2018-07-12,2018-07-30,9,1,1.0,6.804112,2010-2019,44203.5625,1454.231947
3170,2018,CA,CCO,COLLINS,2018-09-26,2018-09-26,9,6,1.0,6.311197,2010-2019,37508.44531,1511.150082
3171,2018,CA,CCO,SOUTH,2018-10-19,2018-10-19,14,1,1.0,5.842196,2010-2019,34761.73828,928.5863068
3172,2018,CA,CDF,TOWNSITE,2018-06-12,2018-06-12,2,6,1.0,5.651355,2010-2019,34247.64063,969.556173
3173,2018,CA,CDF,RESERVOIR,2018-05-28,2018-05-28,14,1,1.0,5.426959,2010-2019,36585.68359,1364.73917
3174,2018,CA,CDF,RANGE,2018-02-12,2018-02-12,9,7,1.0,5.25598,2010-2019,32041.09766,676.4306127
3175,2018,CA,CDF,RIDGE,2018-06-30,2018-07-02,2,1,1.0,4.950163,2010-2019,33093.13281,860.0189465
3176,2018,CA,LRA,NICOLAUS,2018-07-01,2018-07-02,2,1,1.0,4.857596,2010-2019,32500.01953,723.7429194
3177,2018,CA,USF,POKER,2018-07-22,2018-12-18,14,7,1.0,4.837892,2010-2019,35453.46875,682.9706212
3178,2018,CA,CCO,OILFIELD INC,2018-04-10,2018-04-10,14,1,1.0,4.71712,2010-2019,28880.41406,1332.914996
3179,2018,CA,USF,HUNTER,2018-07-30,2018-07-30,9,1,1.0,4.401677,2010-2019,28889.01563,805.0831332
3180,2018,CA,CDF,LAKE,2018-05-30,2018-06-01,2,1,1.0,4.022202,2010-2019,25478.16406,773.3161436
3181,2018,CA,CDF,FRAME,2018-06-04,2018-06-04,7,1,1.0,3.986457,2010-2019,24772.48438,640.204304
3182,2018,CA,CDF,ALMOND,2018-07-12,2018-07-12,11,7,1.0,3.662046,2010-2019,22434.72266,840.6960826
3183,2018,CA,CDF,CREEK,2018-08-19,2018-08-19,2,7,1.0,3.039,2010-2019,18600.88281,771.3574139
3184,2018,CA,CCO,OIL,2018-07-29,2018-07-29,14,1,1.0,2.932689,2010-2019,17942.44531,547.7274997
3185,2018,CA,DOD,SAN MATEO CAMPGROUND,2018-08-02,2018-08-02,14,1,1.0,2.909111,2010-2019,16943.59766,1011.666673
3186,2018,CA,NPS,UNICORN,2018-07-29,2018-11-30,1,1,1.0,2.772035,2010-2019,18026.75391,607.9249467
3187,2018,CA,CDF,BERREYESSA,2018-06-01,2018-06-01,14,1,1.0,2.75961,2010-2019,18331.96484,631.395209
3188,2018,CA,CDF,BLUE,2018-05-15,2018-05-15,3,1,1.0,2.701591,2010-2019,19746.25781,697.9276337
3189,2018,CA,NPS,SERRA,2018-01-29,2018-01-30,14,8,1.0,2.600558,2010-2019,15365.14844,812.7431233
3190,2018,CA,CCO,DIRT,2018-09-11,2018-09-11,14,1,1.0,2.366473,2010-2019,14472.73047,604.2970887
3191,2018,CA,CCO,ANNETTE,2018-08-20,2018-08-20,14,1,1.0,2.230697,2010-2019,13722.77734,736.7799316
3192,2018,CA,CDF,OBERLIN,2018-06-12,2018-06-12,2,1,1.0,2.203994,2010-2019,16023.98828,969.6600374
3193,2018,CA,CCO,OAK,2018-12-25,2018-12-25,11,1,1.0,2.18085,2010-2019,13017.66406,582.6222011
3194,2018,CA,CDF,WEST,2018-06-19,2018-06-19,2,1,1.0,2.174773,2010-2019,15741.40234,463.6472511
3195,2018,CA,CCO,QUAIL,2018-10-16,2018-10-16,14,1,1.0,2.155347,2010-2019,12957.94141,860.1125735
3196,2018,CA,CDF,NORTH,2018-07-23,2018-07-26,1,1,1.0,2.148668,2010-2019,15630.54297,608.2651436
3197,2018,CA,CDF,ORDWAY,2018-03-12,2018-03-12,5,1,1.0,2.126607,2010-2019,15349.09766,788.30657
3198,2018,CA,CDF,COLONY,2018-09-14,2018-09-14,11,7,1.0,2.110911,2010-2019,12862.71484,776.5099259
3199,2018,CA,CCO,SOUTH,2018-06-18,2018-06-18,14,1,1.0,2.075565,2010-2019,12767.71484,646.237803
3200,2018,CA,CCO,ARROYO,2018-06-12,2018-06-12,14,1,1.0,2.010384,2010-2019,11921.71875,608.1354964
3201,2018,CA,CCO,LAKE,2018-05-31,2018-05-31,14,1,1.0,1.946541,2010-2019,11755.98438,524.0076847
3202,2018,CA,FWS,FARM FIELD 3,2018-10-30,2018-10-30,11,4,1.0,1.895036,2010-2019,12102.13672,409.7008669
3203,2018,CA,CCO,CORONADO,2018-06-12,2018-06-12,14,6,1.0,1.850803,2010-2019,11020.0,429.9838071
3204,2018,CA,CCO,HILL,2018-05-28,2018-05-28,14,1,1.0,1.762257,2010-2019,10729.01953,597.9842358
3205,2018,CA,USF,ROCK,2018-10-29,2018-10-30,14,1,1.0,1.74101,2010-2019,10989.63281,640.4203252
3206,2018,CA,CCO,LIVE OAK,2018-06-13,2018-06-13,14,1,1.0,1.712397,2010-2019,10029.98047,641.9538812
3207,2018,CA,USF,CLIFF,2018-08-28,2018-08-28,14,3,1.0,1.613114,2010-2019,10651.99219,420.1012434
3208,2018,CA,CCO,TORREY,2018-06-04,2018-06-04,2,1,1.0,1.533825,2010-2019,9137.195313,425.9604782
3209,2018,CA,CCO,ROBLAR,2018-07-21,2018-07-21,14,6,1.0,1.527544,2010-2019,9112.71875,461.112039
3210,2018,CA,CCO,SURF,2018-01-28,2018-01-29,14,1,1.0,1.48225,2010-2019,8778.25,467.148449
3211,2018,CA,CCO,VISTA,2018-11-16,2018-11-16,2,6,1.0,1.401421,2010-2019,8343.300781,348.0682168
3212,2018,CA,NPS,THARPS,2018-10-12,2018-11-28,1,1,1.0,1.364149,2010-2019,8573.984375,830.4138229
3213,2018,CA,NPS,LIMANTOUR,2018-07-09,2018-07-10,10,1,1.0,1.354551,2010-2019,8853.542969,644.8035353
3214,2018,CA,CCO,SANTA MARIA,2018-10-31,2018-10-31,14,1,1.0,1.347234,2010-2019,7975.605529,601.4304445
3215,2018,CA,NPS,KNOLLS,2018-10-19,2018-10-20,4,8,1.0,1.213685,2010-2019,7171.214844,474.9760908
3216,2018,CA,CCO,NATIONAL,2018-08-30,2018-08-30,14,1,1.0,1.119159,2010-2019,6804.246094,651.8831721
3217,2018,CA,CCO,LAGUNA ,2018-06-06,2018-06-06,14,1,1.0,1.118917,2010-2019,6542.007813,893.321469
3218,2018,CA,CDF,LAGUNA,2018-07-29,2018-07-29,2,1,1.0,1.116125,2010-2019,6844.789063,341.5312333
3219,2018,CA,CDF,PATTERSON,2018-04-23,2018-04-23,5,1,1.0,1.094254,2010-2019,7933.945313,707.7119345
3220,2018,CA,CDF,MUSTANG,2018-03-07,2018-03-07,5,1,1.0,1.086734,2010-2019,7846.445313,416.6704051
3221,2018,CA,CDF,FRANKLIN,2018-05-13,2018-05-13,5,1,1.0,1.055311,2010-2019,7612.234375,397.7360514
3222,2018,CA,CDF,FISH,2018-08-30,2018-08-30,9,1,1.0,1.009718,2010-2019,6384.296875,334.9219172
3223,2018,CA,FWS,PADDOCK,2018-09-06,2018-09-06,10,4,1.0,0.9207027,2010-2019,6033.339844,417.5057833
3224,2018,CA,CCO,SUN,2018-06-21,2018-06-21,14,1,1.0,0.9127468,2010-2019,5428.96875,543.8060373
3225,2018,CA,CCO,RIVER,2018-06-16,2018-06-16,14,1,1.0,0.8802599,2010-2019,5229.917969,337.1813137
3226,2018,CA,NPS,CORNELL,2018-05-29,2018-05-30,14,8,1.0,0.8739471,2010-2019,5173.265625,298.0613763
3227,2018,CA,CCO,AMENO,2018-11-26,2018-11-26,14,1,1.0,0.7929642,2010-2019,4619.902344,382.6319983
3228,2018,CA,CDF,MATTIE,2018-07-17,2018-07-17,10,1,1.0,0.781524,2010-2019,4741.515625,449.3117158
3229,2018,CA,CCO,BALCOM,2018-01-28,2018-01-28,14,6,1.0,0.766014,2010-2019,4552.765625,247.5953685
3230,2018,CA,CCO,COTO,2018-08-05,2018-08-05,14,1,1.0,0.740642,2010-2019,4328.816406,315.0813947
3231,2018,CA,CCO,TREE,2018-06-14,2018-06-14,2,1,1.0,0.7231185,2010-2019,4312.632813,248.1424041
3232,2018,CA,CCO,MCWANE,2018-01-28,2018-01-29,14,1,1.0,0.7208683,2010-2019,4269.351563,259.0280732
3233,2018,CA,CCO,VICTORIA,2018-07-02,2018-07-02,14,6,1.0,0.663654,2010-2019,3942.519531,1330.977185
3234,2018,CA,CCO,CENTER,2018-01-20,2018-01-20,14,6,1.0,0.6356196,2010-2019,3773.546875,225.019149
3235,2018,CA,CCO,ROADRUNNER,2018-11-08,2018-11-08,14,6,1.0,0.6135216,2010-2019,3639.125,218.1750037
3236,2018,CA,USF,JIM,2018-06-05,2018-06-18,14,1,1.0,0.5954995,2010-2019,3488.75,296.7005919
3237,2018,CA,CCO,UNNAMED FIRE,2018-02-14,2018-02-14,14,1,1.0,0.5393313,2010-2019,3298.570313,246.5845047
3238,2018,CA,CCO,LUNA,2018-07-16,2018-07-16,9,6,1.0,0.5226448,2010-2019,3118.191406,232.3855933
3239,2018,CA,CCO,BEACH,2018-06-30,2018-06-30,9,1,1.0,0.521827,2010-2019,3101.925781,265.0024804
3240,2018,CA,CCO,WELDON,2018-05-31,2018-05-31,14,1,1.0,0.4558595,2010-2019,2801.511719,264.1837143
3241,2018,CA,USF,GOLD,2018-06-27,2018-08-03,14,1,1.0,0.4257005,2010-2019,2840.964844,223.3781108
3242,2018,CA,LRA,CREEK,2018-01-28,2018-01-28,14,1,1.0,0.4142567,2010-2019,2417.058594,220.265598
3243,2018,CA,CDF,ANTELOPE,2018-09-06,2018-09-06,10,1,1.0,0.4142106,2010-2019,2549.164063,246.3157679
3244,2018,CA,CCO,HARBOR,2018-04-14,2018-04-14,14,6,1.0,0.3926331,2010-2019,2329.339844,178.6112652
3245,2018,CA,CCO,MARIA,2018-10-22,2018-10-22,14,1,1.0,0.3801489,2010-2019,2261.757813,214.3684396
3246,2018,CA,CCO,KUEHNER,2018-05-07,2018-05-07,14,6,1.0,0.3439097,2010-2019,2042.828125,385.7995418
3247,2018,CA,CCO,ALICIA,2018-07-09,2018-07-09,14,1,1.0,0.3192534,2010-2019,1866.585938,223.1387156
3248,2018,CA,CCO,PERKINS,2018-06-19,2018-06-19,14,1,1.0,0.3048694,2010-2019,1805.421875,237.1634056
3249,2018,CA,CCO,FAIRVIEW,2018-07-30,2018-07-30,9,6,1.0,0.2936715,2010-2019,1752.238281,259.9302379
3250,2018,CA,CDF,GULCH,2018-07-23,2018-07-26,1,1,1.0,0.2656228,2010-2019,1931.472656,206.8735016
3251,2018,CA,CCO,HARBOR,2018-07-02,2018-07-02,14,6,1.0,0.2560846,2010-2019,1520.066406,159.4179311
3252,2018,CA,CCO,HOPPER,2018-02-07,2018-02-07,2,1,1.0,0.2350992,2010-2019,1400.914063,151.2154105
3253,2018,CA,CCO,UNNAMED FIRE,2018-03-30,2018-03-30,14,1,1.0,0.2215543,2010-2019,1359.707031,154.9916892
3254,2018,CA,CCO,STEARNS,2018-11-08,2018-11-08,9,6,1.0,0.2200132,2010-2019,1307.3125,150.9773755
3255,2018,CA,CCO,SANTIAGO CANYON,2018-07-11,2018-07-11,14,1,1.0,0.2125467,2010-2019,1247.734375,183.467869
3256,2018,CA,CCO,CAMPUS,2018-02-25,2018-02-25,14,6,1.0,0.2079522,2010-2019,1236.152344,140.2563549
3257,2018,CA,CCO,GRIMES,2018-10-31,2018-11-01,2,1,1.0,0.2020703,2010-2019,1202.476563,130.657423
3258,2018,CA,CCO,LEMON,2018-07-06,2018-07-06,14,1,1.0,0.1705595,2010-2019,1014.898438,124.2336404
3259,2018,CA,LRA,RIDGE ROUTE ,2018-01-23,2018-01-23,14,6,1.0,0.1679536,2010-2019,982.8085938,137.6262854
3260,2018,CA,CCO,GUIBERSON,2018-02-15,2018-02-15,9,1,1.0,0.1679282,2010-2019,1000.285156,142.8703054
3261,2018,CA,CCO,BURSON,2018-07-08,2018-07-08,2,6,1.0,0.1438642,2010-2019,858.65625,123.3428624
3262,2018,CA,CCO,MUREAU,2018-10-10,2018-10-10,11,1,1.0,0.1335966,2010-2019,791.4101563,125.8020973
3263,2018,CA,CCO,DITCH,2018-07-13,2018-07-13,14,6,1.0,0.1295556,2010-2019,770.0390625,103.8504993
3264,2018,CA,CCO,KNOLL,2018-06-30,2018-06-30,14,1,1.0,0.1293269,2010-2019,767.671875,103.588511
3265,2018,CA,CCO,VANTAGE,2018-09-08,2018-09-08,3,1,1.0,0.1195796,2010-2019,705.2578125,105.7890061
3266,2018,CA,CCO,VIEW,2018-05-27,2018-05-27,2,1,1.0,0.1131595,2010-2019,667.6484375,167.7954393
3267,2018,CA,CCO,EL TORO IC ,2018-01-24,2018-01-24,14,6,1.0,0.09832976,2010-2019,575.6367188,160.2417947
3268,2018,CA,CCO,B2 - YORBA,2018-09-15,2018-09-15,14,1,1.0,0.09713092,2010-2019,572.4023438,145.5487483
3269,2018,CA,CCO,SULPHUR,2018-06-28,2018-06-28,2,6,1.0,0.0939797,2010-2019,560.4648438,117.0631837
3270,2018,CA,CCO,WELDON,2018-11-01,2018-11-01,2,1,1.0,0.08640093,2010-2019,514.1835938,97.58977962
3271,2018,CA,CCO,BROMLEY,2018-08-25,2018-08-25,9,6,1.0,0.07621309,2010-2019,451.9023438,84.0478439
3272,2018,CA,LRA,JAMBOREE,2018-08-05,2018-08-05,14,1,1.0,0.07474243,2010-2019,437.0898438,83.69247251
3273,2018,CA,CCO,MADERA,2018-10-16,2018-10-16,14,6,1.0,0.06417423,2010-2019,381.4101563,89.83568427
3274,2018,CA,CCO,ROCKY,2018-08-04,2018-08-04,9,1,1.0,0.05268874,2010-2019,312.9882813,108.9995187
3275,2018,CA,CCO,PEKING,2018-11-16,2018-11-16,9,6,1.0,0.03789303,2010-2019,225.1484375,55.39009556
3276,2018,CA,CCO,MAIN,2018-01-03,2018-01-03,14,6,1.0,0.03201193,2010-2019,190.234375,53.13506409
3277,2018,CA,CCO,ERBES,2018-01-31,2018-01-31,14,6,1.0,0.02883826,2010-2019,171.1796875,48.44132077
3278,2018,CA,CCO,RAMBLA,2018-02-13,2018-02-13,11,1,1.0,0.02526989,2010-2019,149.3515625,62.40671506
3279,2018,CA,DOD,MCP BASILONE GATE,2018-03-28,2018-03-28,14,6,1.0,0.02353987,2010-2019,137.1796875,65.18328395
3280,2018,CA,LRA,CANADA IC ,2018-02-20,2018-02-20,14,1,1.0,0.02049659,2010-2019,120.0,41.21805639
3281,2018,CA,CCO,SOUTH MOUNTAIN,2018-07-06,2018-07-06,14,6,1.0,0.01594587,2010-2019,94.8828125,35.75462847
3282,2018,CA,CCO,COSTCO,2018-09-29,2018-09-29,14,1,1.0,0.01172807,2010-2019,68.8515625,41.29677103
3283,2018,CA,CCO,KUEHNER,2018-12-14,2018-12-14,14,6,1.0,0.009721164,2010-2019,57.76171875,30.47280642
3284,2018,CA,LRA,LA RAMBLA,2018-02-19,2018-02-19,14,6,1.0,0.007379493,2010-2019,42.98046875,26.79817314
3285,2018,CA,CCO,ROLLING,2018-07-23,2018-07-23,14,6,1.0,0.007144618,2010-2019,42.34375,24.9338855
3286,2018,CA,CCO,BLUFF COVE ,2018-02-12,2018-02-12,14,1,1.0,0.006579902,2010-2019,38.06640625,27.5346213
3287,2018,CA,LRA,SOUTH HAMPTON CT ,2018-03-27,2018-03-27,14,6,1.0,0.004819541,2010-2019,28.1796875,20.91367834
3288,2018,CA,CCO,CANADA,2018-09-18,2018-09-18,14,6,1.0,0.003499902,2010-2019,20.83203125,19.832049
3289,2018,CA,CCO,ERRINGER,2018-01-31,2018-01-31,9,6,1.0,0.002820561,2010-2019,16.765625,15.04478712
3290,2018,CA,CCO,NO NAME,2018-07-30,2018-07-30,9,6,1.0,0.002526514,2010-2019,15.06640625,14.07264127
3291,2018,CA,CCO,HARBOR,2018-01-29,2018-01-29,14,6,1.0,0.001796366,2010-2019,10.66796875,11.88482119
3292,2018,CA,CCO,DUNES,2018-07-15,2018-07-15,14,6,1.0,0.001514838,2010-2019,8.96875,11.00426013
3293,2017,CA,USF,THOMAS,2017-12-04,2018-01-12,9,7,1.0,281790.9,2010-2019,1681105895.0,540531.8875
3294,2017,CA,USF,OAK,2017-08-11,2017-09-29,1,3,1.0,91125.33,2010-2019,662759651.0,470305.2959
3295,2017,CA,BLM,LONG VALLEY,2017-07-11,2017-07-27,10,7,1.0,83581.41,2010-2019,577257450.1,254095.8625
3296,2017,CA,CDF,DETWILER,2017-07-16,2017-08-31,9,1,1.0,81826.27,2010-2019,528043838.3,243283.9318
3297,2017,CA,USF,WALLOW,2017-08-11,2017-11-13,1,3,1.0,63785.07,2010-2019,459363738.9,302323.9924
3298,2017,CA,CDF,NUNS,2017-10-08,2017-10-31,14,3,1.0,55798.19,2010-2019,368001231.2,305483.096
3299,2017,CA,CDF,ATLAS,2017-10-08,2017-11-01,14,3,1.0,51624.66,2010-2019,340432031.8,217876.451
3300,2017,CA,CDF,GARZA,2017-07-09,2017-07-25,10,2,1.0,48886.66,2010-2019,302589005.4,115590.2429
3301,2017,CA,USF,STEELE,2017-07-26,2017-08-13,1,3,1.0,45704.01,2010-2019,333949956.4,210887.6026
3302,2017,CA,CDF,TUBBS,2017-10-08,2017-11-01,14,3,1.0,36701.98,2010-2019,243263474.0,167697.4108
3303,2017,CA,USF,PIER,2017-08-29,2017-08-30,7,6,1.0,36619.43,2010-2019,227595620.4,112701.652
3304,2017,CA,CDF,REDWOOD VALLEY,2017-10-08,2017-10-25,14,8,1.0,36522.95,2010-2019,247373450.6,138169.2767
3305,2017,CA,USF,ABNEY,2017-08-10,2018-01-09,1,8,1.0,32893.26,2010-2019,240885915.6,174124.4724
3306,2017,CA,USF,COVE,2017-07-25,2017-09-06,1,3,1.0,30890.86,2010-2019,221557152.7,85246.36923
3307,2017,CA,CDF,ALAMO,2017-07-06,2017-07-20,10,2,1.0,28834.17,2010-2019,174173285.4,117396.8997
3308,2017,CA,USF,HAYPRESS,2017-08-10,2017-10-16,1,8,1.0,21317.93,2010-2019,153769708.6,120160.2137
3309,2017,CA,USF,LION,2017-09-25,2017-11-02,1,6,1.0,18913.58,2010-2019,117993626.6,76518.4488
3310,2017,CA,BLM,R-4 PARSNIP,2017-08-30,2017-09-15,1,7,1.0,18601.98,2010-2019,131169145.2,94536.64307
3311,2017,CA,USF,HELENA,2017-08-30,2017-11-14,9,3,1.0,18493.71,2010-2019,130623106.2,115013.1826
3312,2017,CA,USF,WHITTIER,2017-07-08,2017-12-21,9,1,1.0,18412.4,2010-2019,110052443.4,76132.45287
3313,2017,CA,CDF,POCKET,2017-10-08,2017-11-01,14,3,1.0,17359.33,2010-2019,115747128.9,143951.0449
3314,2017,CA,CDF,CASCADE,2017-10-08,2017-10-26,14,7,1.0,16140.8,2010-2019,109404876.9,126853.6148
3315,2017,CA,USF,SCHAEFFER,2017-06-24,2017-11-15,1,6,1.0,15833.21,2010-2019,98333942.73,111481.6273
3316,2017,CA,CCO,CREEK,2017-12-05,2017-12-05,14,7,1.0,15619.15,2010-2019,92857036.05,71990.64767
3317,2017,CA,USF,BUCK,2017-09-12,2017-10-30,1,8,1.0,13357.28,2010-2019,92794431.87,68184.34379
3318,2017,CA,USF,RAILROAD,2017-08-29,2017-11-18,9,3,1.0,12371.15,2010-2019,79569406.98,108952.9665
3319,2017,CA,CDF,ELM,2017-05-18,2017-05-23,2,1,1.0,11146.75,2010-2019,69188488.02,46144.86603
3320,2017,CA,CCO,CANYON II,2017-10-09,2017-10-17,5,7,1.0,9198.028,2010-2019,54071908.88,56494.6998
3321,2017,CA,USF,CEDAR,2017-08-08,2017-09-29,1,3,1.0,9129.377,2010-2019,66826182.98,108875.1269
3322,2017,CA,BLM,SLINKARD,2017-08-29,2017-09-21,1,7,1.0,8923.495,2010-2019,59312745.77,44057.80643
3323,2017,CA,NPS,EMPIRE,2017-07-31,2017-11-27,1,7,1.0,8577.552,2010-2019,55463909.94,156091.428
3324,2017,CA,CDF,CHEROKEE,2017-10-08,2017-11-05,11,1,1.0,8415.803,2010-2019,57418682.67,56006.62561
3325,2017,CA,USF,PARKER2 ,2017-08-03,2017-08-15,1,3,1.0,7693.319,2010-2019,55487039.43,154167.7545
3326,2017,CA,NPS,SOUTH FORK,2017-08-13,2017-11-03,1,8,1.0,7560.077,2010-2019,48763696.66,109839.5599
3327,2017,CA,CCO,LA TUNA,2017-09-01,2017-09-08,14,8,1.0,7051.351,2010-2019,41848445.27,39362.46351
3328,2017,CA,CDF,MANZANITA,2017-06-26,2017-06-30,10,3,1.0,6303.659,2010-2019,37095308.33,33443.47847
3329,2017,CA,CCO,RYE,2017-12-05,2017-12-13,14,7,1.0,6047.719,2010-2019,36056780.6,43088.97268
3330,2017,CA,BLM,MUD,2017-08-29,2017-09-11,1,7,1.0,6036.065,2010-2019,42209652.68,30699.5419
3331,2017,CA,CDF,WALL,2017-07-07,2017-08-03,2,1,1.0,6028.49,2010-2019,40992989.85,49937.61014
3332,2017,CA,USF,LAKE,2017-07-27,2017-08-30,1,4,1.0,4665.485,2010-2019,34001990.96,50390.5346
3333,2017,CA,CDF,JAYNE,2017-04-20,2017-04-21,2,1,1.0,4533.284,2010-2019,28128042.54,27529.76204
3334,2017,CA,USF,MCCORMICK,2017-08-18,2017-11-16,1,1,1.0,4423.208,2010-2019,29172320.9,46312.05398
3335,2017,CA,USF,MINERVA 5,2017-07-29,2017-08-16,7,6,1.0,4339.355,2010-2019,29874966.32,32011.52446
3336,2017,CA,USF,UKONOM,2017-07-25,2017-10-15,1,8,1.0,4240.974,2010-2019,30705959.04,44412.75533
3337,2017,CA,CDF,LILAC,2017-12-07,2017-12-24,14,1,1.0,4080.615,2010-2019,23702125.82,44578.68589
3338,2017,CA,CDF,PONDEROSA,2017-08-29,2017-10-28,7,1,1.0,4015.732,2010-2019,27386899.28,32266.27495
3339,2017,CA,CDF,PALMER,2017-09-02,2017-09-06,9,2,1.0,3872.152,2010-2019,22852173.43,29060.82459
3340,2017,CA,USF,FORK,2017-08-07,2017-11-15,1,8,1.0,3372.92,2010-2019,23874522.77,45331.39758
3341,2017,CA,USF,WILLIE,2017-08-07,2017-08-22,1,8,1.0,3140.1,2010-2019,21756762.98,32624.57019
3342,2017,CA,CCO,HAWK,2017-07-07,2017-07-07,2,1,1.0,2940.496,2010-2019,18125461.41,27073.40201
3343,2017,CA,CCO,CANYON I,2017-09-25,2017-10-01,9,7,1.0,2661.415,2010-2019,15659865.92,37891.54954
3344,2017,CA,CDF,WINTER,2017-07-06,2017-07-12,10,2,1.0,2366.235,2010-2019,15669888.68,20397.59342
3345,2017,CA,USF,INDIAN,2017-08-03,2017-08-31,1,8,1.0,2294.247,2010-2019,14304039.56,26194.54749
3346,2017,CA,CDF,ROADRUNNER,2017-07-30,2017-08-01,7,1,1.0,2284.596,2010-2019,14160895.79,25151.3723
3347,2017,CA,CDF,SULPHER,2017-10-09,2017-10-25,14,3,1.0,2206.23,2010-2019,14801308.03,34296.05619
3348,2017,CA,CDF,GATE,2017-05-20,2017-05-23,9,1,1.0,1912.906,2010-2019,10951424.06,15977.93288
3349,2017,CA,CDF,PARKFIELD,2017-07-08,2017-07-08,11,2,1.0,1821.772,2010-2019,11224981.16,14829.03364
3350,2017,CA,USF,CREEK ,2017-09-03,2017-09-12,1,1,1.0,1747.87,2010-2019,11446557.1,33589.38645
3351,2017,CA,CDF,WRIGHT,2017-05-12,2017-05-13,14,1,1.0,1730.466,2010-2019,10991215.15,17355.17357
3352,2017,CA,CDF,PARK,2017-07-17,2017-07-19,2,2,1.0,1648.704,2010-2019,10220831.66,19261.28505
3353,2017,CA,CDF,HILL,2017-06-26,2017-06-30,10,1,1.0,1645.591,2010-2019,10046595.13,21464.24634
3354,2017,CA,USF,BURNEY,2017-07-26,2017-10-16,1,8,1.0,1643.643,2010-2019,11884224.11,24179.265
3355,2017,CA,CDF,37,2017-10-09,2017-10-16,11,4,1.0,1613.219,2010-2019,10574590.06,46336.05094
3356,2017,CA,USF,ISLAND,2017-06-26,2017-09-01,1,3,1.0,1594.034,2010-2019,11485192.81,27657.53567
3357,2017,CA,CDF,DERRICK,2017-07-02,2017-07-05,14,1,1.0,1561.663,2010-2019,9726889.914,15730.69833
3358,2017,CA,USF,DUTCHMAN,2017-08-07,2017-08-12,1,8,1.0,1522.747,2010-2019,10572245.77,18367.08639
3359,2017,CA,USF,HIGHWAY,2017-06-18,2017-09-26,9,6,1.0,1522.259,2010-2019,9334370.348,18553.76327
3360,2017,CA,USF,HOLCOMB,2017-06-19,2017-07-09,9,1,1.0,1505.491,2010-2019,8952562.777,21606.76666
3361,2017,CA,USF,RIMROCK,2017-07-24,2017-11-29,1,1,1.0,1492.398,2010-2019,10930413.02,26000.84507
3362,2017,CA,CDF,OAKWOOD,2017-06-10,2017-06-13,9,1,1.0,1428.533,2010-2019,9098661.449,27781.01004
3363,2017,CA,USF,CALDWELL,2017-09-01,2017-10-23,1,6,1.0,1321.26,2010-2019,8138715.809,16470.40919
3364,2017,CA,USF,GARDEN,2017-07-30,2017-11-04,2,6,1.0,1282.467,2010-2019,7851996.441,18261.77899
3365,2017,CA,CDF,LATROBE,2017-07-26,2017-07-26,5,1,1.0,1268.11,2010-2019,8397879.676,18568.16127
3366,2017,CA,CCO,HUDSON,2017-07-18,2017-07-18,14,4,1.0,1175.391,2010-2019,7096378.461,13992.27476
3367,2017,CA,USF,CHILCOOT,2017-08-06,2017-08-07,1,1,1.0,1019.992,2010-2019,6997161.055,16326.99565
3368,2017,CA,CDF,OPERA,2017-04-30,2017-05-02,10,2,1.0,999.6262,2010-2019,5900376.832,18557.21182
3369,2017,CA,CDF,BERRY,2017-09-12,2017-10-04,1,1,1.0,994.0728,2010-2019,7065346.285,16272.82349
3370,2017,CA,CDF,MISSION,2017-09-03,2017-09-13,11,1,1.0,988.4675,2010-2019,6322470.859,23492.40992
3371,2017,CA,CDF,GRADE,2017-07-16,2017-07-21,10,7,1.0,890.5153,2010-2019,6026478.328,12088.33701
3372,2017,CA,CDF,BEALE,2017-08-20,2017-08-22,11,1,1.0,867.0196,2010-2019,5842856.82,11979.75678
3373,2017,CA,USF,WILDOMAR,2017-10-26,2017-11-08,10,1,1.0,866.273,2010-2019,5065374.313,13400.2247
3374,2017,CA,USF,POSLIN,2017-08-06,2017-08-12,1,6,1.0,855.2444,2010-2019,5883627.996,17204.60722
3375,2017,CA,CDF,LOBO,2017-10-08,2017-10-26,14,7,1.0,820.6441,2010-2019,5544523.445,17146.21051
3376,2017,CA,CDF,PRESSLEY,2017-10-08,2017-10-15,14,7,1.0,791.8881,2010-2019,5220479.773,22361.23629
3377,2017,CA,CCO,PLACERITA,2017-06-25,2017-06-26,7,7,1.0,759.7584,2010-2019,4525545.836,18978.97364
3378,2017,CA,CCO,LAKE,2017-06-17,2017-06-17,14,7,1.0,733.2616,2010-2019,4385183.738,17739.38441
3379,2017,CA,DOD,CRISTIANITOS,2017-06-28,2017-06-30,9,5,1.0,702.3066,2010-2019,4091712.164,17412.84864
3380,2017,CA,CDF,JACKSONVILLE,2017-07-29,2017-07-30,14,1,1.0,684.3565,2010-2019,4455425.363,14049.89198
3381,2017,CA,CDF,PEAK,2017-09-03,2017-09-09,10,1,1.0,677.8926,2010-2019,4355158.691,12706.78572
3382,2017,CA,USF,MART,2017-06-27,2017-07-08,7,8,1.0,669.2087,2010-2019,3963642.961,14595.98686
3383,2017,CA,USF,BATTLE,2017-06-28,2017-07-01,2,8,1.0,653.5079,2010-2019,4771468.086,19861.80262
3384,2017,CA,USF,BUTTE,2017-08-07,2017-11-04,1,3,1.0,611.2015,2010-2019,3942457.844,9241.675448
3385,2017,CA,CDF,BLAINE,2017-08-13,2017-08-14,14,6,1.0,577.6851,2010-2019,3408433.652,7977.695179
3386,2017,CA,CDF,BEN,2017-06-28,2017-07-06,10,1,1.0,558.1425,2010-2019,3582623.523,15561.60372
3387,2017,CA,CDF,MIAS,2017-08-14,2017-08-20,11,7,1.0,521.0856,2010-2019,3074175.906,13686.98641
3388,2017,CA,USF,BUMMERS,2017-09-11,2017-11-20,1,1,1.0,510.1094,2010-2019,3360780.441,11917.40046
3389,2017,CA,USF,KNOX,2017-08-11,2017-11-28,1,8,1.0,492.5997,2010-2019,3608915.023,14253.24295
3390,2017,CA,CDF,EASTMAM,2017-09-18,2017-09-18,11,1,1.0,482.3408,2010-2019,3079558.336,10432.4373
3391,2017,CA,CDF,FAY,2017-07-05,2017-07-05,9,1,1.0,469.3559,2010-2019,3375554.91,11391.14982
3392,2017,CA,USF,BRIDGE 2,2017-07-14,2017-07-14,9,1,1.0,460.2896,2010-2019,2723022.207,9352.877536
3393,2017,CA,USF,RED,2017-08-02,2017-08-03,1,1,1.0,450.84,2010-2019,2751462.512,7793.616512
3394,2017,CA,CCO,MING,2017-05-20,2017-05-20,14,1,1.0,449.7781,2010-2019,2749685.93,11060.86945
3395,2017,CA,USF,EUREKA,2017-09-05,2017-11-15,1,6,1.0,446.1815,2010-2019,3059028.371,10983.78396
3396,2017,CA,CCO,RUCKER,2017-09-29,2017-10-04,10,1,1.0,429.7042,2010-2019,2579300.5,15120.19768
3397,2017,CA,USF,TABLE,2017-09-08,2017-10-27,1,1,1.0,426.7024,2010-2019,2850828.008,7983.429673
3398,2017,CA,LRA,SKIRBALL,2017-12-06,2017-12-15,4,7,1.0,419.9208,2010-2019,2484304.629,9961.230407
3399,2017,CA,CDF,ELEPHANT 2,2017-07-20,2017-07-22,7,1,1.0,415.2116,2010-2019,2586629.793,9434.274817
3400,2017,CA,BLM,WEST,2017-04-01,2017-04-03,5,1,1.0,401.2877,2010-2019,2880391.789,7878.633946
3401,2017,CA,USF,GRANT,2017-07-31,2017-08-03,1,8,1.0,394.8168,2010-2019,2563743.168,10276.17426
3402,2017,CA,CDF,PLEASANT,2017-08-30,2017-09-06,14,1,1.0,392.4852,2010-2019,2659898.473,8450.763652
3403,2017,CA,USF,DOBE,2017-07-13,2017-07-18,1,1,1.0,381.0148,2010-2019,2775493.734,9855.705203
3404,2017,CA,CDF,CREEK,2017-06-23,2017-06-27,5,1,1.0,356.9353,2010-2019,2224280.48,7996.506921
3405,2017,CA,CDF,DINELY,2017-06-07,2017-06-11,2,1,1.0,340.5638,2010-2019,2135860.551,5770.505292
3406,2017,CA,CDF,STONE,2017-07-09,2017-07-11,2,7,1.0,340.4365,2010-2019,2080074.309,9883.259492
3407,2017,CA,CDF,BRYANT 2,2017-08-03,2017-08-11,7,2,1.0,336.6238,2010-2019,1990779.047,8974.846068
3408,2017,CA,CDF,JENNINGS 2,2017-07-11,2017-07-14,10,1,1.0,332.5865,2010-2019,1912410.461,8382.598422
3409,2017,CA,CDF,OAK,2017-11-29,2017-12-07,10,2,1.0,325.5135,2010-2019,1922371.168,7089.500368
3410,2017,CA,USF,MARBLE,2017-07-19,2017-07-29,9,8,1.0,318.873,2010-2019,2301036.023,7737.681096
3411,2017,CA,CDF,BEAR,2017-10-16,2017-10-25,7,7,1.0,317.201,2010-2019,2026019.406,8383.148851
3412,2017,CA,USF,BOLES,2017-08-23,2017-09-11,1,8,1.0,313.2321,2010-2019,2282409.637,6788.929424
3413,2017,CA,USF,DOUGLAS,2017-07-03,2017-11-16,1,1,1.0,310.7712,2010-2019,2046324.0,8779.690323
3414,2017,CA,USF,JONES,2017-08-23,2017-09-11,1,1,1.0,281.273,2010-2019,2047385.121,6340.484197
3415,2017,CA,BLM,R-9 SHINN,2017-07-24,2017-07-27,1,1,1.0,278.1283,2010-2019,1958399.793,8315.814427
3416,2017,CA,CCO,CEBRIAM,2017-06-25,2017-06-25,11,1,1.0,269.1116,2010-2019,1624235.715,6851.532785
3417,2017,CA,USF,GARDEN,2017-08-09,2017-11-13,1,3,1.0,265.481,2010-2019,1895604.672,6410.809925
3418,2017,CA,USF,CLARK,2017-07-26,2017-09-11,1,1,1.0,254.8858,2010-2019,1824895.242,7247.231552
3419,2017,CA,CDF,CAMP,2017-05-15,2017-05-15,9,6,1.0,253.9364,2010-2019,1548040.469,6770.599259
3420,2017,CA,USF,LOST,2017-07-22,2017-07-26,4,1,1.0,250.5664,2010-2019,1457001.691,8544.252426
3421,2017,CA,CDF,HUASNA,2017-09-20,2017-09-20,2,6,1.0,244.789,2010-2019,1485343.832,7140.342095
3422,2017,CA,USF,FORKS,2017-07-25,2017-10-01,1,8,1.0,242.4736,2010-2019,1751357.215,9273.91277
3423,2017,CA,CDF,LARGO,2017-07-30,2017-07-30,7,1,1.0,237.9169,2010-2019,1576002.547,7147.962559
3424,2017,CA,CDF,MURPHY,2017-09-19,2017-09-20,2,1,1.0,236.9534,2010-2019,1477534.012,6381.336834
3425,2017,CA,CDF,OLIVE,2017-07-24,2017-07-24,10,1,1.0,236.8678,2010-2019,1459364.43,6779.908405
3426,2017,CA,CDF,SPRING,2017-07-03,2017-07-07,2,1,1.0,208.2268,2010-2019,1339728.668,8837.847297
3427,2017,CA,BLM,R-5 STONEY,2017-08-22,2017-08-27,1,7,1.0,203.9681,2010-2019,1431517.16,12428.18399
3428,2017,CA,CDF,TEHAMA,2017-10-30,2017-10-31,10,1,1.0,194.0017,2010-2019,1345001.477,6019.346944
3429,2017,CA,CDF,LAMB,2017-05-25,2017-05-26,14,1,1.0,193.6728,2010-2019,1139674.004,5988.709083
3430,2017,CA,CDF,ROSE,2017-07-31,2017-08-03,2,1,1.0,188.1239,2010-2019,1102129.77,6960.822575
3431,2017,CA,CDF,LAVERNE,2017-07-18,2017-07-18,9,1,1.0,175.3335,2010-2019,1227742.352,12735.83367
3432,2017,CA,BLM,R-5 SPANISH,2017-08-29,2017-08-31,1,7,1.0,166.8586,2010-2019,1178647.773,4288.537893
3433,2017,CA,CDF,TUMEY,2017-04-29,2017-04-30,9,1,1.0,160.164,2010-2019,1008087.586,5315.551768
3434,2017,CA,CDF,HIGH,2017-07-23,2017-07-27,9,2,1.0,157.5895,2010-2019,939056.4609,5975.619765
3435,2017,CA,CDF,CORAL,2017-09-19,2017-09-22,14,2,1.0,157.2408,2010-2019,1016450.188,5019.186959
3436,2017,CA,CDF,HILL,2017-07-29,2017-07-29,2,1,1.0,155.1988,2010-2019,1137484.652,6426.453223
3437,2017,CA,CDF,HONEY,2017-10-09,2017-10-30,11,1,1.0,153.5117,2010-2019,1052090.102,6600.807631
3438,2017,CA,FWS,TURKEY TRACT,2017-08-16,2017-08-16,14,4,1.0,150.2368,2010-2019,928729.1992,4849.212809
3439,2017,CA,CCO,GORMAN,2017-07-28,2017-07-28,14,7,1.0,149.61,2010-2019,899961.0078,6001.885637
3440,2017,CA,BLM,PEG,2017-08-26,2017-08-27,9,7,1.0,148.6008,2010-2019,1050903.238,6219.772619
3441,2017,CA,CCO,AIR,2017-09-25,2017-09-25,2,1,1.0,147.8375,2010-2019,885189.9375,6209.633245
3442,2017,CA,CDF,LUCY,2017-06-14,2017-06-14,11,1,1.0,147.667,2010-2019,908154.1875,4612.822589
3443,2017,CA,USF,RIVERS,2017-10-14,2017-10-14,5,8,1.0,147.5612,2010-2019,1032961.539,4985.928007
3444,2017,CA,CDF,SODA,2017-09-28,2017-10-30,1,1,1.0,147.0237,2010-2019,1017045.988,5745.560903
3445,2017,CA,USF,CROWN,2017-09-07,2017-11-17,1,8,1.0,145.1785,2010-2019,921943.375,4749.925412
3446,2017,CA,CDF,SKYWAY,2017-06-16,2017-06-19,10,1,1.0,143.6004,2010-2019,982811.5781,5524.879078
3447,2017,CA,CDF,ECLIPSE,2017-08-21,2017-08-21,14,1,1.0,142.9097,2010-2019,818100.6875,5183.909104
3448,2017,CA,USF,ELEPHANT,2017-07-29,2017-07-31,1,1,1.0,139.4669,2010-2019,954772.418,4827.310315
3449,2017,CA,CDF,RANCH,2017-07-26,2017-07-31,2,1,1.0,138.5487,2010-2019,918434.7813,6010.107354
3450,2017,CA,CDF,BORDER 6,2017-09-01,2017-09-03,14,1,1.0,135.0444,2010-2019,771962.5156,7936.052828
3451,2017,CA,USF,WILLOW ,2017-08-18,2017-11-16,1,1,1.0,134.3042,2010-2019,882967.6875,5551.420777
3452,2017,CA,CDF,FRENCH,2017-09-17,2017-09-18,14,1,1.0,130.7719,2010-2019,867163.2852,5255.408571
3453,2017,CA,CDF,POINT,2017-10-09,2017-10-09,11,1,1.0,130.2357,2010-2019,859542.8164,7792.198463
3454,2017,CA,CDF,TIMM,2017-10-02,2017-10-03,14,2,1.0,125.7918,2010-2019,831300.4414,5465.732503
3455,2017,CA,CDF,TWIST,2017-07-30,2017-07-30,14,1,1.0,124.244,2010-2019,808519.6406,6554.243687
3456,2017,CA,CDF,CORONADO,2017-08-13,2017-08-13,10,1,1.0,123.1079,2010-2019,795565.5703,4438.439847
3457,2017,CA,USF,CANTRALL,2017-07-25,2017-08-04,1,8,1.0,120.976,2010-2019,868990.0664,3683.796291
3458,2017,CA,BLM,R-4 RANCH,2017-08-09,2017-08-12,1,7,1.0,120.2505,2010-2019,839595.5352,5158.134431
3459,2017,CA,CDF,OLIVE,2017-05-02,2017-05-02,10,1,1.0,117.0671,2010-2019,721275.7344,4711.925223
3460,2017,CA,USF,CHALK,2017-08-07,2017-08-07,1,8,1.0,115.3048,2010-2019,841888.6797,5330.335732
3461,2017,CA,CDF,MARIA,2017-07-17,2017-07-17,14,1,1.0,114.5601,2010-2019,753888.7227,4994.45207
3462,2017,CA,CDF,CANYON,2017-08-11,2017-10-12,14,2,1.0,114.1168,2010-2019,755120.6367,4164.537547
3463,2017,CA,USF,LITTLE BUCK,2017-09-07,2017-09-29,1,3,1.0,113.9625,2010-2019,831535.0703,6920.724161
3464,2017,CA,USF,SQUIRREL,2017-08-20,2017-08-24,7,6,1.0,113.0544,2010-2019,780602.0742,4073.219752
3465,2017,CA,CDF,FLAT,2017-08-26,2017-08-30,2,1,1.0,110.8288,2010-2019,703374.8242,6049.845093
3466,2017,CA,CDF,BALLY,2017-09-03,2017-09-06,14,1,1.0,109.1915,2010-2019,693907.668,4032.457303
3467,2017,CA,USF,BELL,2017-06-27,2017-07-01,9,6,1.0,107.2538,2010-2019,661038.9961,6001.691313
3468,2017,CA,CDF,YOUNG,2017-10-08,2017-10-25,14,3,1.0,106.0054,2010-2019,703953.5977,8139.132005
3469,2017,CA,CDF,POLY,2017-09-26,2017-09-29,2,1,1.0,105.6661,2010-2019,643426.9219,5209.706584
3470,2017,CA,CCO,HILL CREST,2017-06-08,2017-06-08,14,1,1.0,105.0879,2010-2019,639255.0859,4532.141859
3471,2017,CA,CDF,FELIPE,2017-07-10,2017-07-14,14,2,1.0,102.559,2010-2019,656410.8789,4365.316432
3472,2017,CA,CDF,COALINGA,2017-08-30,2017-08-30,2,1,1.0,102.2866,2010-2019,639156.7344,4624.369298
3473,2017,CA,CDF,LARIAT,2017-07-11,2017-07-13,14,2,1.0,102.1644,2010-2019,656264.4766,4529.710888
3474,2017,CA,USF,DEEP,2017-09-07,2017-09-07,1,3,1.0,101.367,2010-2019,734200.8984,5544.23656
3475,2017,CA,BLM,R-3 MUD,2017-08-22,2017-08-26,1,7,1.0,99.57364,2010-2019,698691.6367,5663.092243
3476,2017,CA,USF,TOWER,2017-04-30,2017-04-30,7,1,1.0,93.15666,2010-2019,553840.6133,9241.494146
3477,2017,CA,USF,MARY,2017-08-10,2017-11-13,1,3,1.0,91.3345,2010-2019,651047.0391,4403.342759
3478,2017,CA,CDF,AUBERRY,2017-07-05,2017-07-06,9,1,1.0,91.29421,2010-2019,579481.1445,3825.930899
3479,2017,CA,USF,GRIZZLY,2017-08-12,2017-11-13,1,3,1.0,90.6049,2010-2019,645636.2969,4275.926904
3480,2017,CA,USF,SKELETON,2017-09-12,2017-09-18,1,6,1.0,87.87638,2010-2019,596310.2852,4040.442517
3481,2017,CA,CCO,VISTA,2017-10-24,2017-10-26,14,6,1.0,86.39403,2010-2019,514307.4141,4514.569443
3482,2017,CA,BLM,R-10 PAINTER,2017-07-24,2017-07-27,1,7,1.0,83.8342,2010-2019,591685.0313,7165.162123
3483,2017,CA,USF,RANCH,2017-09-06,2017-09-07,1,1,1.0,83.51285,2010-2019,571840.4727,4253.771601
3484,2017,CA,CDF,COUNTRY,2017-08-07,2017-08-07,11,5,1.0,81.70621,2010-2019,504607.3281,3458.867787
3485,2017,CA,USF,KLAMATH,2017-07-04,2017-07-06,4,5,1.0,80.11019,2010-2019,584490.0547,3477.91638
3486,2017,CA,USF,QUARTZ,2017-08-07,2017-10-08,1,8,1.0,79.84794,2010-2019,514601.0,3533.164149
3487,2017,CA,USF,VALLEY,2017-06-27,2017-06-27,1,8,1.0,78.2062,2010-2019,573179.2852,3114.817506
3488,2017,CA,BLM,ALPAUGH,2017-07-26,2017-07-26,14,1,1.0,78.09461,2010-2019,481729.0898,3146.418041
3489,2017,CA,CDF,TIVY,2017-06-11,2017-06-11,1,1,1.0,76.29654,2010-2019,482353.9727,4533.302653
3490,2017,CA,CDF,MCCOURTNEY,2017-10-08,2017-10-11,14,7,1.0,75.53836,2010-2019,509705.7852,7009.973611
3491,2017,CA,USF,MILLS,2017-09-03,2017-09-04,9,6,1.0,75.34856,2010-2019,521844.375,3196.582127
3492,2017,CA,USF,DIAZ,2017-06-21,2017-08-01,9,3,1.0,75.16344,2010-2019,471968.4609,4622.86152
3493,2017,CA,CDF,LINNE,2017-09-26,2017-09-26,14,6,1.0,74.80467,2010-2019,458973.6523,3366.041905
3494,2017,CA,CDF,AXEL,2017-08-07,2017-08-07,14,1,1.0,72.09602,2010-2019,481066.1133,5013.694376
3495,2017,CA,BLM,RIVER,2017-06-04,2017-06-05,14,7,1.0,71.22992,2010-2019,492440.0391,4945.534384
3496,2017,CA,CDF,LYNCH,2017-10-19,2017-10-19,10,1,1.0,71.18116,2010-2019,438665.3984,5210.501577
3497,2017,CA,CDF,CAMATTA,2017-08-02,2017-08-02,1,7,1.0,70.57708,2010-2019,431262.3633,3635.187604
3498,2017,CA,CDF,PARKFIELD,2017-09-03,2017-09-05,2,1,1.0,70.22348,2010-2019,436159.4141,3442.172338
3499,2017,CA,CDF,MARGARITA,2017-09-03,2017-09-03,10,7,1.0,69.71004,2010-2019,424525.6211,3032.82714
3500,2017,CA,USF,MILE,2017-07-31,2017-08-07,7,1,1.0,67.45031,2010-2019,400003.8008,3811.838601
3501,2017,CA,BLM,HIGHLINE,2017-03-26,2017-04-01,14,7,1.0,66.99863,2010-2019,387705.3789,5844.444318
3502,2017,CA,USF,PAYNE,2017-06-06,2017-06-06,9,8,1.0,66.61312,2010-2019,444569.6289,3605.569006
3503,2017,CA,CCO,ESCONDIDO,2017-08-13,2017-08-13,14,1,1.0,65.97264,2010-2019,394057.0078,3261.066036
3504,2017,CA,CDF,MONTEZUMA,2017-08-26,2017-08-28,10,1,1.0,65.18426,2010-2019,377943.3047,3041.199371
3505,2017,CA,CDF,ORANGE,2017-06-21,2017-06-21,2,1,1.0,64.52619,2010-2019,419304.8164,4842.1129
3506,2017,CA,USF,POZO ,2017-10-09,2017-10-09,2,1,1.0,64.36557,2010-2019,391804.3555,2850.561228
3507,2017,CA,USF,WEST,2017-07-27,2017-08-13,1,8,1.0,63.96683,2010-2019,457161.6563,2688.94168
3508,2017,CA,CDF,TOWER,2017-07-07,2017-07-07,10,1,1.0,63.51402,2010-2019,387219.9141,3058.474164
3509,2017,CA,CDF,LAKE,2017-07-08,2017-07-08,14,1,1.0,62.34454,2010-2019,403196.1406,3189.558095
3510,2017,CA,CDF,BOTTLE,2017-08-08,2017-08-09,14,2,1.0,61.8303,2010-2019,414237.0703,3396.883672
3511,2017,CA,CCO,RODEO,2017-07-23,2017-07-23,14,1,1.0,61.10294,2010-2019,361739.707,6777.396356
3512,2017,CA,CDF,BOLLA,2017-06-18,2017-06-21,9,6,1.0,60.31167,2010-2019,420580.1094,3421.696283
3513,2017,CA,CDF,HILLS,2017-08-27,2017-08-27,10,1,1.0,60.17172,2010-2019,379814.1602,4678.447338
3514,2017,CA,CDF,QUAIL,2017-07-12,2017-07-12,2,1,1.0,59.38209,2010-2019,389527.2305,3107.304681
3515,2017,CA,CDF,PINE,2017-09-11,2017-09-11,1,1,1.0,59.3685,2010-2019,369426.6719,3024.420653
3516,2017,CA,BLM,SHAFFER,2017-06-19,2017-06-23,1,7,1.0,59.03882,2010-2019,412324.6797,3381.646756
3517,2017,CA,CDF,HOGBACK,2017-07-18,2017-07-18,9,1,1.0,58.33463,2010-2019,367441.8945,4343.615935
3518,2017,CA,USF,SLIDE,2017-09-12,2017-09-20,1,6,1.0,58.13599,2010-2019,394859.9336,3141.305422
3519,2017,CA,USF,TOLL,2017-08-20,2017-08-25,7,6,1.0,57.91714,2010-2019,399629.418,2854.966992
3520,2017,CA,CDF,SILVER,2017-10-11,2017-10-13,14,1,1.0,57.05462,2010-2019,360364.4805,3982.958428
3521,2017,CA,CDF,FREEDOM,2017-07-04,2017-07-04,2,1,1.0,56.85116,2010-2019,359684.5859,2833.429323
3522,2017,CA,NPS,STARR KING,2017-08-02,2017-11-03,1,7,1.0,56.16541,2010-2019,363849.6406,4415.598468
3523,2017,CA,CDF,BOGUS,2017-06-18,2017-06-22,5,1,1.0,55.97834,2010-2019,409481.0703,3201.263399
3524,2017,CA,CDF,RIDGE,2017-10-06,2017-10-08,14,2,1.0,54.95659,2010-2019,370690.2031,2548.372457
3525,2017,CA,CDF,OWENS,2017-08-29,2017-09-04,14,1,1.0,54.75001,2010-2019,401403.2578,2876.435447
3526,2017,CA,USF,BRADLEY,2017-08-29,2017-09-08,9,8,1.0,54.04401,2010-2019,386990.3164,3274.711302
3527,2017,CA,CDF,SANDS,2017-07-17,2017-07-19,14,1,1.0,53.44394,2010-2019,358663.4063,3380.866676
3528,2017,CA,CDF,SAW,2017-03-08,2017-08-08,10,1,1.0,53.36273,2010-2019,369685.2656,4117.231962
3529,2017,CA,USF,CRESCENT,2017-06-30,2017-07-07,7,6,1.0,53.14948,2010-2019,367756.625,5930.401495
3530,2017,CA,CCO,MESA,2017-07-17,2017-07-17,2,1,1.0,51.36316,2010-2019,308778.957,3769.930784
3531,2017,CA,BLM,DRY VALLEY,2017-09-13,2017-09-14,1,1,1.0,51.23803,2010-2019,353563.2852,4260.980554
3532,2017,CA,USF,DAVIS,2017-10-10,2017-10-13,9,1,1.0,51.14223,2010-2019,372132.2969,3738.216088
3533,2017,CA,CCO,CALGARY,2017-08-05,2017-08-07,14,1,1.0,50.46431,2010-2019,310442.0742,3922.439808
3534,2017,CA,CDF,WEST,2017-07-09,2017-07-09,14,1,1.0,50.08102,2010-2019,336781.8555,3857.431871
3535,2017,CA,USF,SECRET,2017-08-07,2017-08-11,1,8,1.0,50.05243,2010-2019,347359.4648,2838.368348
3536,2017,CA,USF,ROWELL,2017-08-20,2018-01-15,1,6,1.0,48.382,2010-2019,305205.9766,6528.470296
3537,2017,CA,CDF,BITTERWATER,2017-11-25,2017-11-25,10,1,1.0,48.32974,2010-2019,302088.4258,3552.934393
3538,2017,CA,CCO,GRADE,2017-07-04,2017-07-05,14,6,1.0,47.19403,2010-2019,279911.8555,2587.259697
3539,2017,CA,USF,CANYON,2017-08-27,2017-08-31,9,1,1.0,46.90482,2010-2019,274596.2422,3393.337009
3540,2017,CA,CCO,TANK,2017-10-26,2017-10-26,14,1,1.0,46.81921,2010-2019,284841.6602,3152.769657
3541,2017,CA,CDF,ZENON,2017-07-20,2017-07-20,14,1,1.0,46.57753,2010-2019,281961.6992,3251.981282
3542,2017,CA,USF,HIDDEN,2017-07-12,2017-07-18,9,1,1.0,45.84431,2010-2019,271569.8828,2515.163628
3543,2017,CA,CDF,GRACE,2017-04-03,2017-04-03,7,1,1.0,45.21847,2010-2019,316691.1875,2744.132094
3544,2017,CA,USF,WILSON,2017-10-17,2017-10-31,9,1,1.0,45.1162,2010-2019,267694.5352,2686.06992
3545,2017,CA,BLM,CAHUILA,2017-06-17,2017-06-17,9,1,1.0,44.23541,2010-2019,264272.8789,3456.323443
3546,2017,CA,CDF,WHITEPINE,2017-06-06,2017-06-11,5,1,1.0,44.10824,2010-2019,322187.0039,2817.240611
3547,2017,CA,LRA,TOLL,2017-06-22,2017-06-22,14,2,1.0,43.80302,2010-2019,286497.0938,2525.296781
3548,2017,CA,CDF,ESTATE,2017-09-23,2017-09-23,2,1,1.0,42.80334,2010-2019,282833.3359,4744.263338
3549,2017,CA,CCO,STOKES,2017-06-29,2017-07-02,14,7,1.0,42.10419,2010-2019,249150.1953,2640.655448
3550,2017,CA,CDF,JONES,2017-06-03,2017-06-03,7,4,1.0,42.07929,2010-2019,302983.4023,2977.88526
3551,2017,CA,CDF,EXTENSION,2017-10-23,2017-10-23,14,1,1.0,41.77808,2010-2019,245795.9766,2694.75418
3552,2017,CA,USF,CAPTAIN,2017-10-21,2017-10-22,2,1,1.0,41.04634,2010-2019,236511.5547,2786.843978
3553,2017,CA,CCO,LAKEWOOD,2017-09-29,2017-09-29,14,1,1.0,39.75837,2010-2019,243842.1406,3171.073846
3554,2017,CA,CCO,JOHNSON,2017-06-11,2017-06-11,7,7,1.0,38.81298,2010-2019,232771.9453,3727.668897
3555,2017,CA,CDF,TABLE,2017-09-19,2017-09-19,11,1,1.0,38.80263,2010-2019,252657.4609,3390.412889
3556,2017,CA,CDF,RED,2017-06-11,2017-06-11,14,1,1.0,38.10066,2010-2019,247730.2148,2837.981761
3557,2017,CA,CDF,HARNEY,2017-09-24,2017-09-24,11,1,1.0,37.42143,2010-2019,244961.7734,2951.13699
3558,2017,CA,CDF,SPENCEVILLE,2017-07-24,2017-07-28,10,1,1.0,37.28971,2010-2019,250737.2578,2951.560542
3559,2017,CA,CDF,GOLD,2017-07-11,2017-07-17,7,1,1.0,37.16428,2010-2019,250806.5156,7795.236554
3560,2017,CA,CDF,LAKEVILLE,2017-08-03,2017-08-03,14,1,1.0,37.01513,2010-2019,242603.125,2359.645236
3561,2017,CA,CCO,SIERRA,2017-08-27,2017-08-28,2,1,1.0,36.46341,2010-2019,217830.6758,2749.519602
3562,2017,CA,CDF,SKEGGS,2017-09-11,2017-09-13,1,1,1.0,36.33775,2010-2019,233522.6992,2318.989671
3563,2017,CA,USF,DOLLAR,2017-07-22,2017-07-23,9,1,1.0,36.30346,2010-2019,215159.7773,3036.327228
3564,2017,CA,CCO,TOWSLEY,2017-07-13,2017-07-15,8,7,1.0,35.99306,2010-2019,214235.8594,2985.560621
3565,2017,CA,USF,BRIDGE,2017-10-31,2017-11-03,2,8,1.0,35.51982,2010-2019,250875.8203,3192.924039
3566,2017,CA,CDF,VALLEY,2017-07-04,2017-07-04,10,1,1.0,34.8994,2010-2019,221020.7109,3191.608406
3567,2017,CA,CDF,SMILEY,2017-05-21,2017-05-21,14,1,1.0,34.84784,2010-2019,205552.9766,2609.98987
3568,2017,CA,CCO,BELL,2017-08-05,2017-08-05,7,1,1.0,34.68973,2010-2019,209450.9414,2825.069715
3569,2017,CA,CCO,FEED,2017-05-14,2017-05-14,14,1,1.0,34.28937,2010-2019,207401.1563,2296.39412
3570,2017,CA,CDF,MILLER,2017-08-31,2017-10-09,11,1,1.0,33.77041,2010-2019,233388.7383,2418.984038
3571,2017,CA,CDF,BLACK,2017-06-25,2017-06-26,14,1,1.0,33.67333,2010-2019,195043.375,3101.393404
3572,2017,CA,BLM,CHRISTMAS,2017-07-07,2017-07-07,14,1,1.0,33.55245,2010-2019,196944.9844,1789.885235
3573,2017,CA,USF,BLUE2,2017-07-26,2017-07-26,1,8,1.0,33.3521,2010-2019,243279.9336,2019.595946
3574,2017,CA,CDF,BLOCKSBURG,2017-03-08,2017-04-08,11,1,1.0,33.345,2010-2019,232159.9766,2461.048132
3575,2017,CA,CDF,GOLD,2017-07-05,2017-07-05,10,1,1.0,33.16441,2010-2019,217008.0781,2594.376352
3576,2017,CA,CDF,MURPHY,2017-07-17,2017-07-17,14,1,1.0,32.9806,2010-2019,220423.9922,2146.704553
3577,2017,CA,CCO,WEST,2017-06-19,2017-06-19,14,1,1.0,32.93502,2010-2019,202633.6367,2383.010496
3578,2017,CA,CCO,CREEK,2017-06-06,2017-06-06,14,1,1.0,32.65188,2010-2019,200199.4766,3027.393573
3579,2017,CA,CDF,UNION,2017-07-02,2017-07-02,10,1,1.0,32.43858,2010-2019,205558.5195,1958.037292
3580,2017,CA,USF,SANDY,2017-08-02,2017-08-16,9,8,1.0,32.26079,2010-2019,228069.8281,1842.179195
3581,2017,CA,USF,TRAIL,2017-08-12,2018-01-15,1,1,1.0,31.87081,2010-2019,200937.4609,3274.045296
3582,2017,CA,BLM,COWHEAD,2017-10-09,2017-10-12,4,1,1.0,31.66678,2010-2019,231840.3828,3431.241576
3583,2017,CA,CDF,JUNIPER,2017-08-23,2017-08-23,10,1,1.0,30.71256,2010-2019,190789.0703,1943.074957
3584,2017,CA,CDF,SODA,2017-10-20,2017-10-20,14,1,1.0,30.651,2010-2019,187213.043,2165.834195
3585,2017,CA,USF,DAVIS,2017-09-12,2017-09-13,1,6,1.0,30.59812,2010-2019,193601.7422,2424.136034
3586,2017,CA,CCO,HUB,2017-05-12,2017-05-12,14,1,1.0,30.58594,2010-2019,187623.8633,2201.980077
3587,2017,CA,CCO,PINE,2017-06-27,2017-06-27,11,1,1.0,30.57775,2010-2019,199464.0508,2704.200047
3588,2017,CA,CCO,CANYON,2017-07-19,2017-08-04,14,6,1.0,30.4916,2010-2019,181885.7461,3383.219044
3589,2017,CA,CDF,KNOXVILLE,2017-07-01,2017-07-01,14,2,1.0,30.00042,2010-2019,199540.4844,1812.385357
3590,2017,CA,USF,ICE,2017-10-10,2017-10-15,2,1,1.0,29.37,2010-2019,195843.1523,1854.096528
3591,2017,CA,USF,RIMROCK2,2017-07-24,2017-07-29,1,8,1.0,29.35282,2010-2019,215077.7109,3351.233481
3592,2017,CA,CDF,BLACKFORD,2017-08-01,2017-08-08,14,1,1.0,29.1444,2010-2019,195797.418,1985.514807
3593,2017,CA,CDF,JOESPH,2017-08-30,2017-09-05,1,1,1.0,28.71929,2010-2019,208215.1563,2153.29514
3594,2017,CA,NPS,SHALE,2017-07-27,2017-08-12,1,8,1.0,28.70875,2010-2019,209151.5703,2188.907597
3595,2017,CA,CCO,SPALLETTA,2017-07-12,2017-07-12,2,1,1.0,28.70305,2010-2019,188138.543,1886.068426
3596,2017,CA,CCO,LAMBERT ,2017-10-18,2017-10-18,14,1,1.0,28.24179,2010-2019,166515.1875,3076.054865
3597,2017,CA,CDF,THIRTY TWO,2017-09-25,2017-09-25,14,1,1.0,28.19562,2010-2019,193678.2539,2011.407219
3598,2017,CA,CCO,UNNAMED FIRE,2017-10-28,2017-10-28,14,1,1.0,28.04709,2010-2019,169132.5469,3231.823648
3599,2017,CA,CDF,JASPER,2017-09-26,2017-09-26,14,1,1.0,27.64261,2010-2019,185693.9531,2608.129315
3600,2017,CA,CDF,WILSON,2017-10-15,2017-10-16,9,1,1.0,27.39173,2010-2019,158690.2656,2784.643621
3601,2017,CA,USF,FRANK,2017-07-26,2017-10-16,1,8,1.0,27.20529,2010-2019,196700.4805,2236.81383
3602,2017,CA,BLM,TECOPA,2017-09-11,2017-09-14,1,1,1.0,26.99338,2010-2019,166748.5703,4053.457932
3603,2017,CA,BLM,R-2 SCHAFFER,2017-07-24,2017-07-30,1,1,1.0,26.49388,2010-2019,185359.5234,2630.986593
3604,2017,CA,CDF,VERNON,2017-06-03,2017-06-03,14,1,1.0,26.25211,2010-2019,154265.1367,1624.142145
3605,2017,CA,USF,COW,2017-09-07,2017-11-17,1,6,1.0,25.92339,2010-2019,164532.3242,1562.33655
3606,2017,CA,CCO,WESTERLY,2017-08-12,2017-08-12,11,1,1.0,25.66816,2010-2019,153896.2539,2125.105688
3607,2017,CA,BLM,FAIRVIEW,2017-06-01,2017-06-01,14,1,1.0,25.6586,2010-2019,151370.0352,1899.331936
3608,2017,CA,CCO,FIVE,2017-06-03,2017-06-03,14,7,1.0,25.30416,2010-2019,151271.8711,2686.858598
3609,2017,CA,CDF,MONTEREY,2017-05-06,2017-05-07,2,1,1.0,25.18853,2010-2019,156717.6602,3111.870113
3610,2017,CA,CCO,WOODCHOPPER 2,2017-12-08,2017-12-08,11,1,1.0,25.13168,2010-2019,150879.918,1954.420729
3611,2017,CA,BLM,CHERRY,2017-08-29,2017-08-30,1,1,1.0,24.91195,2010-2019,175210.8047,3837.237955
3612,2017,CA,CDF,COVE,2017-09-23,2017-09-23,14,6,1.0,24.77047,2010-2019,152567.707,1944.58944
3613,2017,CA,USF,APACHE ,2017-05-13,2017-05-17,4,6,1.0,24.40058,2010-2019,146634.8555,1578.647111
3614,2017,CA,USF,FOURTH,2017-09-07,2017-11-13,1,3,1.0,24.317,2010-2019,173815.9727,1583.55309
3615,2017,CA,CDF,PINE,2017-05-16,2017-05-16,10,1,1.0,24.03971,2010-2019,149520.875,1531.940246
3616,2017,CA,BLM,KECK,2017-04-10,2017-04-10,14,1,1.0,23.86314,2010-2019,146746.0273,1967.45319
3617,2017,CA,CDF,ZAMORA,2017-08-15,2017-08-15,14,1,1.0,23.79608,2010-2019,153833.5742,1763.776926
3618,2017,CA,CDF,CITY,2017-05-18,2017-05-18,10,1,1.0,23.45427,2010-2019,145234.918,2646.990492
3619,2017,CA,CDF,ROCKVILLE,2017-08-23,2017-08-23,14,1,1.0,23.23989,2010-2019,152731.8398,2183.056899
3620,2017,CA,CDF,BORDER 9,2017-09-08,2017-09-08,14,1,1.0,22.50286,2010-2019,128601.9297,2222.139367
3621,2017,CA,CDF,TONZI,2017-06-17,2017-06-17,14,1,1.0,22.38834,2010-2019,147765.3086,2056.086811
3622,2017,CA,CCO,BRECKENRIDGE,2017-12-01,2017-12-01,14,1,1.0,22.35438,2010-2019,136411.1914,1652.166544
3623,2017,CA,BLM,R-9 FREDONYER,2017-08-23,2017-08-25,1,1,1.0,22.03393,2010-2019,155586.957,1691.511539
3624,2017,CA,CDF,ROCKY,2017-05-20,2017-05-20,2,6,1.0,21.9278,2010-2019,134124.5664,2569.153291
3625,2017,CA,USF,FRENCHMAN,2017-06-21,2017-06-25,9,1,1.0,21.58683,2010-2019,148620.9883,1804.264841
3626,2017,CA,CDF,CYPRESS,2017-07-24,2017-07-24,11,7,1.0,21.28955,2010-2019,130610.9727,1836.498759
3627,2017,CA,CDF,MULE,2017-09-05,2017-09-06,14,2,1.0,21.26687,2010-2019,142796.9883,1567.138875
3628,2017,CA,CDF,HIGHWAY,2017-06-22,2017-06-22,11,1,1.0,21.25227,2010-2019,145098.75,2114.801282
3629,2017,CA,CDF,PINE,2017-07-27,2017-07-31,1,1,1.0,21.24126,2010-2019,153031.7031,1967.528185
3630,2017,CA,USF,NEEDLES,2017-07-08,2017-07-08,9,6,1.0,20.86836,2010-2019,129611.418,1328.898533
3631,2017,CA,CCO,AIRPORT,2017-04-29,2017-04-29,14,1,1.0,20.80275,2010-2019,126272.1758,1910.967006
3632,2017,CA,CDF,BITTERWATER,2017-05-22,2017-05-22,11,1,1.0,20.62749,2010-2019,129023.4492,2608.528411
3633,2017,CA,CDF,LAMB 2,2017-06-18,2017-06-18,14,1,1.0,20.43246,2010-2019,120314.6484,1880.613025
3634,2017,CA,BLM,ALPAUGH,2017-06-15,2017-06-16,10,1,1.0,20.33025,2010-2019,125571.2188,1837.220027
3635,2017,CA,CDF,GAVIOTA,2017-06-14,2017-06-14,9,6,1.0,20.31965,2010-2019,123720.0977,1555.533782
3636,2017,CA,CDF,FALLS,2017-08-01,2017-08-01,14,1,1.0,20.31024,2010-2019,131390.5703,1777.733707
3637,2017,CA,DOD,JARDINE,2017-06-16,2017-06-16,5,6,1.0,20.19442,2010-2019,117707.3672,1529.278215
3638,2017,CA,CCO,TOPANGA,2017-06-29,2017-07-02,14,7,1.0,20.00055,2010-2019,118210.6953,2543.841691
3639,2017,CA,CDF,AVENAL,2017-08-29,2017-08-29,10,1,1.0,19.41336,2010-2019,120083.5664,4815.125247
3640,2017,CA,CDF,GARDEN,2017-10-10,2017-10-10,10,1,1.0,19.13759,2010-2019,128650.7305,2426.359973
3641,2017,CA,USF,PICKETT,2017-08-07,2017-08-20,1,8,1.0,19.08158,2010-2019,133057.2734,1849.951723
3642,2017,CA,CDF,CHALK,2017-07-08,2017-07-08,14,1,1.0,18.82862,2010-2019,115132.4375,2010.021554
3643,2017,CA,CDF,WILLMS,2017-07-18,2017-07-18,14,1,1.0,18.7433,2010-2019,121753.3125,1580.73595
3644,2017,CA,CCO,NEENACH,2017-06-30,2017-06-30,2,7,1.0,18.74323,2010-2019,112692.7305,1732.556569
3645,2017,CA,USF,DIAMOND4,2017-07-29,2017-10-17,1,1,1.0,18.71504,2010-2019,136773.0625,1508.545568
3646,2017,CA,CDF,FORT,2017-10-07,2017-10-08,14,1,1.0,18.28065,2010-2019,121064.7969,1797.153982
3647,2017,CA,CDF,SMITH,2017-07-01,2017-07-01,14,1,1.0,18.19828,2010-2019,122338.7734,1377.410624
3648,2017,CA,BLM,PANOCHE,2017-05-28,2017-05-28,9,1,1.0,17.98286,2010-2019,113069.0586,1759.884165
3649,2017,CA,USF,ANTELOPE,2017-07-06,2017-07-11,9,1,1.0,17.97842,2010-2019,126469.2266,2432.667313
3650,2017,CA,CDF,MILTON,2017-10-18,2017-10-18,2,1,1.0,17.96167,2010-2019,117370.3203,1672.494558
3651,2017,CA,CDF,BODEGA,2017-08-27,2017-08-28,14,1,1.0,17.76834,2010-2019,116801.5078,2154.516456
3652,2017,CA,BLM,R-2 BUTTE WELL,2017-09-06,2017-09-11,1,1,1.0,17.38799,2010-2019,121814.8945,2027.374359
3653,2017,CA,BLM,MOTOR,2017-06-09,2017-06-10,2,1,1.0,17.19416,2010-2019,105145.1953,5664.856145
3654,2017,CA,USF,ROCK,2017-06-29,2017-06-30,9,1,1.0,17.14011,2010-2019,125479.7656,1355.103558
3655,2017,CA,USF,GRANT,2017-06-27,2017-07-02,9,1,1.0,17.05766,2010-2019,111628.3594,1592.522465
3656,2017,CA,USF,SWAY,2017-08-01,2017-08-17,2,8,1.0,16.94284,2010-2019,118349.3438,1448.044446
3657,2017,CA,CDF,CANYON,2017-08-14,2017-08-14,2,1,1.0,16.82664,2010-2019,103719.625,1527.540793
3658,2017,CA,CDF,LONEOAK,2017-05-17,2017-05-17,11,1,1.0,16.81539,2010-2019,104821.2695,1286.568298
3659,2017,CA,USF,ROCK2,2017-07-28,2017-10-17,1,1,1.0,16.36759,2010-2019,119654.5039,1320.569832
3660,2017,CA,USF,SEINE,2017-07-22,2017-07-23,9,5,1.0,16.21909,2010-2019,96063.63672,1318.28268
3661,2017,CA,CDF,CRAM,2017-02-14,2017-02-14,5,1,1.0,16.0521,2010-2019,116125.8359,1638.997118
3662,2017,CA,USF,QUAKING,2017-07-26,2017-08-17,1,8,1.0,15.96121,2010-2019,115337.8594,1423.405935
3663,2017,CA,CDF,SUNSHINE COMPLEX,2017-09-18,2017-09-18,10,1,1.0,15.96021,2010-2019,92933.41797,2255.193265
3664,2017,CA,CCO,CAT,2017-12-05,2017-12-05,11,1,1.0,15.88332,2010-2019,95588.3125,1752.285297
3665,2017,CA,USF,MOWITZ,2017-08-23,2017-08-26,1,1,1.0,15.72661,2010-2019,114340.0352,1391.627887
3666,2017,CA,CDF,SITES,2017-07-15,2017-07-15,14,2,1.0,15.62878,2010-2019,105943.2422,1373.89547
3667,2017,CA,CDF,CENTERVILLE,2017-07-17,2017-07-20,14,1,1.0,15.61061,2010-2019,112564.4727,1582.991125
3668,2017,CA,BLM,PICNIC,2017-08-14,2017-08-17,9,1,1.0,15.55472,2010-2019,101444.1172,1745.434009
3669,2017,CA,BLM,CANYON,2017-05-14,2017-05-14,10,1,1.0,15.1246,2010-2019,89027.03516,1243.188848
3670,2017,CA,NPS,RATTLESNAKE,2017-09-07,2017-09-15,10,1,1.0,14.99418,2010-2019,97160.19141,1950.661954
3671,2017,CA,USF,TWIN ,2017-09-18,2017-11-21,1,6,1.0,14.96456,2010-2019,98713.39063,1191.123105
3672,2017,CA,CDF,SAN JUAN,2017-09-01,2017-09-01,14,1,1.0,14.82591,2010-2019,93740.06641,1497.976772
3673,2017,CA,CDF,CRABTREE,2017-06-21,2017-06-21,10,1,1.0,14.1566,2010-2019,91558.25781,1318.413584
3674,2017,CA,CDF,HOG,2017-06-09,2017-06-09,9,1,1.0,14.10511,2010-2019,86959.48047,1672.67932
3675,2017,CA,BLM,MATZ,2017-05-29,2017-05-30,14,1,1.0,14.05736,2010-2019,83049.61328,3980.949593
3676,2017,CA,CCO,ELK,2017-06-02,2017-06-02,14,1,1.0,14.04068,2010-2019,85523.125,1794.49435
3677,2017,CA,CDF,REDWOOD,2017-09-20,2017-09-21,14,2,1.0,14.02686,2010-2019,92373.85938,1349.464344
3678,2017,CA,CDF,CORNER,2017-08-17,2017-08-17,10,1,1.0,13.96419,2010-2019,98923.90625,3226.871238
3679,2017,CA,CDF,SLOANE,2017-06-27,2017-06-27,9,1,1.0,13.92714,2010-2019,79948.48047,1436.8191
3680,2017,CA,USF,ROUSE,2017-08-30,2017-09-05,9,1,1.0,13.91025,2010-2019,81611.79688,2289.843636
3681,2017,CA,CDF,CLOVER,2017-09-23,2017-09-24,14,1,1.0,13.89886,2010-2019,92187.86328,1796.928504
3682,2017,CA,CDF,CHINA,2017-07-05,2017-07-05,11,1,1.0,13.89821,2010-2019,93814.5,1711.566008
3683,2017,CA,USF,RADAR,2017-08-26,2017-09-07,1,1,1.0,13.89812,2010-2019,101024.4336,2213.081972
3684,2017,CA,BLM,W4 ROMERO,2017-08-22,2017-08-24,14,1,1.0,13.82891,2010-2019,99328.80469,1772.073138
3685,2017,CA,CCO,AQUADUCT,2017-05-14,2017-05-14,14,1,1.0,13.82444,2010-2019,84771.50391,2789.913953
3686,2017,CA,CDF,BROPHY,2017-09-16,2017-09-17,14,1,1.0,13.68829,2010-2019,92282.4375,2297.653183
3687,2017,CA,CCO,DRUM,2017-12-16,2017-12-16,9,1,1.0,13.53869,2010-2019,81286.74609,1267.299261
3688,2017,CA,CDF,PALOMA,2017-07-18,2017-07-18,14,1,1.0,13.38323,2010-2019,87982.0,1458.988567
3689,2017,CA,CCO,ERIC,2017-06-03,2017-06-03,14,1,1.0,13.25268,2010-2019,80432.09375,1372.835812
3690,2017,CA,CDF,SPRINGS,2017-09-01,2017-09-02,14,2,1.0,13.12532,2010-2019,87518.90234,1287.545898
3691,2017,CA,USF,JIM,2017-07-28,2017-08-05,1,8,1.0,13.09252,2010-2019,94261.95703,1200.7748
3692,2017,CA,CCO,HWY_1,2017-12-14,2017-12-14,11,1,1.0,13.04565,2010-2019,78084.28516,1630.371081
3693,2017,CA,CDF,GREENFIELD,2017-06-09,2017-06-09,14,1,1.0,13.01627,2010-2019,74798.23438,1485.567464
3694,2017,CA,USF,CLAIRE,2017-09-07,2017-09-13,1,3,1.0,12.89506,2010-2019,92032.50391,1195.844327
3695,2017,CA,CDF,CATLETT,2017-08-05,2017-08-05,14,1,1.0,12.87781,2010-2019,86044.26563,1861.654274
3696,2017,CA,BLM,WINDMILLS,2017-06-27,2017-06-27,14,1,1.0,12.69855,2010-2019,74836.29297,1245.352581
3697,2017,CA,CDF,GEYSERS,2017-05-24,2017-05-24,14,2,1.0,12.65132,2010-2019,84482.71484,1145.418741
3698,2017,CA,CCO,CORCARAN,2017-06-20,2017-06-20,14,1,1.0,12.45355,2010-2019,76469.14063,1486.850476
3699,2017,CA,CDF,RANCH,2017-08-13,2017-08-13,10,7,1.0,12.45207,2010-2019,76400.35938,1488.617942
3700,2017,CA,CDF,BREWER,2017-07-02,2017-07-09,2,1,1.0,12.40011,2010-2019,83397.23047,1136.141068
3701,2017,CA,CDF,BLUE,2017-08-10,2017-08-10,11,1,1.0,12.3151,2010-2019,87285.63281,1797.121895
3702,2017,CA,CCO,VINEYARD,2017-04-30,2017-04-30,11,1,1.0,12.27624,2010-2019,73729.15234,2473.846848
3703,2017,CA,USF,FORNI,2017-08-11,2017-08-14,14,8,1.0,12.26719,2010-2019,81909.88281,1187.060662
3704,2017,CA,CDF,DEHESA 5,2017-06-04,2017-06-04,14,1,1.0,12.24801,2010-2019,70318.16797,1475.781932
3705,2017,CA,CDF,SHANDON,2017-05-07,2017-05-07,10,6,1.0,12.07228,2010-2019,74235.10547,1323.803757
3706,2017,CA,USF,SILVER,2017-07-04,2017-07-06,2,1,1.0,12.00793,2010-2019,71344.32813,2047.839328
3707,2017,CA,USF,ZERMATT,2017-06-17,2017-06-17,9,1,1.0,11.94587,2010-2019,71093.07031,1349.637022
3708,2017,CA,CDF,STAGECOACH,2017-07-20,2017-07-23,3,1,1.0,11.93284,2010-2019,79875.97656,1178.822897
3709,2017,CA,CDF,SPRING,2017-08-30,2017-08-30,14,1,1.0,11.88886,2010-2019,78075.02734,1358.798685
3710,2017,CA,CDF,JAMESON,2017-04-30,2017-05-01,9,1,1.0,11.77292,2010-2019,69146.44531,1663.799649
3711,2017,CA,CDF,REX,2017-07-12,2017-07-14,2,1,1.0,11.73705,2010-2019,79223.96094,1445.087294
3712,2017,CA,CCO,TRAIL,2017-06-23,2017-06-23,9,1,1.0,11.72539,2010-2019,70354.97656,1797.790995
3713,2017,CA,CDF,BEAR,2017-06-23,2017-06-23,14,2,1.0,11.68308,2010-2019,79068.60547,1129.828201
3714,2017,CA,CDF,APSUUN,2017-06-30,2017-07-05,7,1,1.0,11.60558,2010-2019,84309.29297,1511.961929
3715,2017,CA,CDF,SMARTSVILLE,2017-10-08,2017-10-09,14,1,1.0,11.55905,2010-2019,78026.51172,1371.105818
3716,2017,CA,CCO,FARMER,2017-06-17,2017-06-17,14,1,1.0,11.45716,2010-2019,69767.375,1133.994079
3717,2017,CA,USF,TANK,2017-08-08,2017-08-10,1,8,1.0,11.39594,2010-2019,82976.16016,1605.095581
3718,2017,CA,CDF,CABLE,2017-06-24,2017-06-24,9,6,1.0,11.38073,2010-2019,67536.55078,1222.11749
3719,2017,CA,CDF,WEST,2017-07-31,2017-07-31,10,6,1.0,11.34279,2010-2019,69218.39844,1780.411715
3720,2017,CA,CDF,SHORE,2017-06-26,2017-06-27,14,1,1.0,11.31573,2010-2019,82812.61719,1842.401019
3721,2017,CA,LRA,DOMINICA,2017-05-28,2017-05-28,9,6,1.0,11.15464,2010-2019,66279.38672,1162.285325
3722,2017,CA,CDF,SOLAR,2017-06-03,2017-06-03,14,1,1.0,11.10916,2010-2019,67691.23438,1194.515213
3723,2017,CA,CCO,JEFFREY,2017-08-19,2017-08-19,14,1,1.0,11.08747,2010-2019,65024.59375,1196.028397
3724,2017,CA,CDF,STONY,2017-06-24,2017-06-24,11,1,1.0,10.9172,2010-2019,71828.87109,1860.332043
3725,2017,CA,CDF,3-20,2017-09-12,2017-09-23,1,1,1.0,10.83091,2010-2019,77691.78906,1227.225122
3726,2017,CA,CDF,GRIZZLY,2017-07-21,2017-07-31,10,1,1.0,10.82112,2010-2019,73353.40234,1198.974979
3727,2017,CA,CDF,SPENCEVILLE,2017-05-28,2017-06-03,9,1,1.0,10.77169,2010-2019,72550.94141,1419.272229
3728,2017,CA,USF,OSITA,2017-07-13,2017-07-13,9,6,1.0,10.73966,2010-2019,64308.70703,1230.072105
3729,2017,CA,CDF,POTATO,2017-08-10,2017-08-11,1,6,1.0,10.70095,2010-2019,75368.28906,1049.584299
3730,2017,CA,NPS,PORCUPINE,2017-08-02,2017-11-02,1,1,1.0,10.51803,2010-2019,68334.44141,2641.75444
3731,2017,CA,BLM,IRWIN,2017-07-13,2017-07-13,14,1,1.0,10.41082,2010-2019,62907.13672,1228.167853
3732,2017,CA,USF,RIVER,2017-09-01,2017-09-05,9,6,1.0,10.40595,2010-2019,67000.50781,2375.624041
3733,2017,CA,USF,CHARLTON,2017-08-06,2017-08-06,9,1,1.0,10.40123,2010-2019,61802.80859,1370.547451
3734,2017,CA,BLM,W-2 LIKELY,2017-08-22,2017-08-23,1,1,1.0,10.32943,2010-2019,73887.39453,1409.618779
3735,2017,CA,CDF,BANDY 2,2017-08-17,2017-08-22,9,1,1.0,10.30523,2010-2019,59556.83594,1031.657779
3736,2017,CA,CDF,VILLA,2017-07-28,2017-07-28,11,1,1.0,10.20885,2010-2019,62426.15625,1021.558845
3737,2017,CA,CDF,GREENHORN,2017-07-27,2017-08-03,14,8,1.0,10.14809,2010-2019,68420.71484,1205.548528
3738,2017,CA,CCO,ARMOUR,2017-07-27,2017-07-27,10,1,1.0,10.08267,2010-2019,60379.67188,1429.464362
3739,2017,CA,CCO,SWITCH,2017-08-24,2017-08-24,14,1,1.0,10.06964,2010-2019,60713.74609,1526.399651
3740,2017,CA,CCO,BROOK,2017-05-23,2017-05-24,14,1,1.0,10.04382,2010-2019,59473.66016,1246.055781
3741,2017,CA,CDF,MAVERICK,2017-08-03,2017-08-05,14,1,1.0,10.00226,2010-2019,66924.73438,1124.526201
3742,2017,CA,BLM,HILL,2017-09-06,2017-09-06,2,1,1.0,9.913222,2010-2019,60135.28906,1441.966324
3743,2017,CA,CCO,LOOP,2017-06-15,2017-06-15,14,1,1.0,9.85579,2010-2019,60028.42188,1156.952339
3744,2017,CA,CDF,ALVARADO,2017-07-16,2017-07-16,11,1,1.0,9.783442,2010-2019,60482.19141,1511.849579
3745,2017,CA,CDF,QUAIL,2017-08-13,2017-10-13,14,2,1.0,9.767098,2010-2019,64612.375,998.7926274
3746,2017,CA,USF,RINCON,2017-08-03,2017-08-04,1,1,1.0,9.663489,2010-2019,57370.89453,1284.360184
3747,2017,CA,CDF,MACDOEL,2017-06-29,2017-06-29,5,1,1.0,9.625264,2010-2019,70218.25391,1826.783122
3748,2017,CA,CCO,SOUTH,2017-06-13,2017-06-13,4,1,1.0,9.507282,2010-2019,57020.25391,1177.229794
3749,2017,CA,CCO,OILFIELD,2017-05-08,2017-05-08,14,1,1.0,9.457086,2010-2019,57878.70313,1143.968992
3750,2017,CA,CCO,GULTCH,2017-08-11,2017-08-12,14,1,1.0,9.249963,2010-2019,56763.52734,1649.88015
3751,2017,CA,BLM,BLUE,2017-05-05,2017-05-05,2,1,1.0,9.054397,2010-2019,54072.88672,1285.0794
3752,2017,CA,USF,MURPHY,2017-08-24,2017-08-26,2,1,1.0,9.045541,2010-2019,59038.58203,1251.766285
3753,2017,CA,USF,DIXIE,2017-09-12,2017-09-16,9,6,1.0,8.64817,2010-2019,59403.52344,1239.336516
3754,2017,CA,USF,PILOT,2017-08-29,2017-09-02,1,1,1.0,8.603203,2010-2019,55864.40234,1551.660139
3755,2017,CA,CDF,SHAVER,2017-09-11,2017-09-14,4,1,1.0,8.590142,2010-2019,54745.78516,1262.150457
3756,2017,CA,NPS,DRAKE 2,2017-09-21,2017-09-21,9,1,1.0,8.266294,2010-2019,54023.84766,1290.743942
3757,2017,CA,NPS,NORTH GUARD,2017-07-18,2017-11-27,1,2,1.0,8.235841,2010-2019,52024.86328,1405.367227
3758,2017,CA,CCO,SKYLINE,2017-05-16,2017-05-16,14,1,1.0,8.173799,2010-2019,49759.66016,1008.442321
3759,2017,CA,CCO,TEJON,2017-07-02,2017-07-02,14,1,1.0,8.055015,2010-2019,49121.85156,1224.983398
3760,2017,CA,CDF,KING,2017-08-26,2017-08-26,14,1,1.0,7.94398,2010-2019,49462.61719,1560.800578
3761,2017,CA,CCO,MULHOLLAND,2017-05-19,2017-05-19,14,1,1.0,7.373501,2010-2019,43624.45703,1365.058406
3762,2017,CA,CDF,VISTA,2017-10-14,2017-10-15,2,1,1.0,7.34516,2010-2019,49306.55078,1081.518218
3763,2017,CA,USF,GENESSEE,2017-06-30,2017-07-02,7,6,1.0,6.275238,2010-2019,43389.74609,1411.305322
3764,2017,CA,CCO,CHAMPAGNE,2017-05-28,2017-05-28,14,1,1.0,6.240428,2010-2019,37671.17969,1657.255847
3765,2017,CA,CDF,COMSTOCK,2017-07-02,2017-07-02,7,1,1.0,5.762318,2010-2019,41870.17969,919.4122469
3767,2017,CA,USF,VISTA,2017-07-21,2017-07-21,9,6,1.0,5.544388,2010-2019,33207.26563,947.9855334
3768,2017,CA,CDF,HAWKINSVILLE,2017-07-08,2017-07-08,2,1,1.0,5.537436,2010-2019,40308.75,903.1224215
3769,2017,CA,CCO,UNNAMED FIRE,2017-09-02,2017-09-02,14,1,1.0,5.443711,2010-2019,31842.35156,856.6573711
3770,2017,CA,CCO,MAGAZINE,2017-07-31,2017-07-31,14,1,1.0,5.23979,2010-2019,30700.86719,866.2412637
3771,2017,CA,CCO,GRANITE,2017-04-25,2017-04-25,14,1,1.0,4.67176,2010-2019,28619.16797,957.3181136
3772,2017,CA,CCO,"SCHOOL
SCHOOL",2017-11-23,2017-11-23,9,1,1.0,4.666061,2010-2019,27760.71875,1113.857389
3773,2017,CA,CDF,SHELL,2017-10-05,2017-10-05,5,1,1.0,4.643873,2010-2019,33535.42969,894.3390556
3774,2017,CA,NPS,GRANITE,2017-07-08,2017-07-11,1,1,1.0,4.578662,2010-2019,27542.01172,982.2243432
3775,2017,CA,CCO,RESOURCE,2017-06-25,2017-06-25,14,1,1.0,4.548275,2010-2019,27881.66406,864.5563672
3776,2017,CA,CCO,CARBON CANYON PARK,2017-10-25,2017-10-25,14,1,1.0,4.446725,2010-2019,26199.51953,793.2792592
3777,2017,CA,CDF,SHULMEYER,2017-07-06,2017-07-06,2,1,1.0,4.431605,2010-2019,32158.21094,1011.197926
3778,2017,CA,CDF,FOOTHILL,2017-07-27,2017-07-27,4,1,1.0,4.213081,2010-2019,28344.91016,814.0999626
3779,2017,CA,CDF,INDEPENDENCE,2017-07-27,2017-07-27,14,1,1.0,4.209119,2010-2019,28006.41406,1688.630809
3780,2017,CA,CCO,HILLS,2017-11-16,2017-11-16,14,1,1.0,3.979895,2010-2019,24223.34766,611.508636
3781,2017,CA,CCO,ROLLING,2017-08-03,2017-08-03,14,1,1.0,3.923584,2010-2019,23256.375,778.7184697
3782,2017,CA,CDF,DAVIS,2017-06-16,2017-06-23,14,1,1.0,3.772915,2010-2019,27389.42188,901.4117212
3783,2017,CA,NPS,FORD LAKE,2017-07-10,2017-07-11,1,1,1.0,3.757229,2010-2019,22745.06641,1611.291001
3784,2017,CA,CDF,OAKWOOD,2017-06-12,2017-06-12,5,1,1.0,3.594825,2010-2019,26095.27344,827.1975792
3785,2017,CA,CDF,HORNBROOK,2017-06-20,2017-06-21,9,1,1.0,3.594723,2010-2019,26261.9375,1116.575028
3786,2017,CA,NPS,YOSEMITE CREEK,2017-08-03,2017-09-24,1,1,1.0,3.495089,2010-2019,22716.88672,978.7171135
3787,2017,CA,USF,CHATTER,2017-07-02,2017-07-02,9,6,1.0,3.476502,2010-2019,24659.02344,1089.641877
3788,2017,CA,CCO,CARNATION,2017-05-26,2017-05-26,14,1,1.0,3.358492,2010-2019,20435.46875,623.2798268
3789,2017,CA,USF,MELVIN,2017-06-25,2017-06-25,9,5,1.0,2.949139,2010-2019,17494.33203,785.1328905
3790,2017,CA,CCO,PALMS,2017-07-31,2017-07-31,14,7,1.0,2.911873,2010-2019,17195.82422,667.9833155
3791,2017,CA,CCO,LAGUNA NIGUEL REGIONAL PARK,2017-08-06,2017-08-06,14,1,1.0,2.904046,2010-2019,16965.22656,651.3055861
3792,2017,CA,CCO,MONTVIEW,2017-05-15,2017-05-15,14,6,1.0,2.893327,2010-2019,17133.00781,484.3888867
3793,2017,CA,CCO,GAVINA,2017-05-15,2017-05-15,4,1,1.0,2.574129,2010-2019,15311.22656,712.9674305
3794,2017,CA,FWS,HARKIN,2017-06-28,2017-06-28,4,4,1.0,2.568609,2010-2019,16292.29297,681.9268494
3795,2017,CA,CCO,ENCINAL,2017-04-29,2017-04-29,2,7,1.0,2.525276,2010-2019,14933.80078,750.1209746
3796,2017,CA,CCO,RUNNER,2017-12-05,2017-12-05,9,6,1.0,2.425504,2010-2019,14386.88281,535.6996268
3797,2017,CA,CCO,DERBY,2017-09-27,2017-09-27,14,1,1.0,2.374051,2010-2019,14437.37891,518.3741433
3798,2017,CA,CCO,BALDWIN,2017-06-16,2017-06-16,2,1,1.0,2.296595,2010-2019,13691.89453,493.2310285
3799,2017,CA,CCO,LIBBEY,2017-04-16,2017-04-16,9,6,1.0,2.227261,2010-2019,13288.72266,494.9375968
3800,2017,CA,CDF,RAILROAD,2017-09-23,2017-09-23,14,1,1.0,2.216443,2010-2019,16016.57422,616.2149482
3801,2017,CA,CCO,ANTONIO,2017-06-24,2017-06-24,14,1,1.0,2.2113,2010-2019,12935.625,506.6864233
3802,2017,CA,CDF,EDGEWOOD,2017-06-06,2017-06-06,5,1,1.0,2.126029,2010-2019,15325.44141,680.2195751
3803,2017,CA,CCO,BARN,2017-05-29,2017-05-29,4,7,1.0,2.064039,2010-2019,12330.96875,541.3864864
3804,2017,CA,CCO,TOWERLINE,2017-06-09,2017-06-09,14,1,1.0,2.056431,2010-2019,12540.45313,459.2023378
3805,2017,CA,CCO,MCWANE,2017-05-21,2017-05-21,14,6,1.0,1.751291,2010-2019,10372.32422,421.5321583
3806,2017,CA,CDF,BAILEY,2017-06-21,2017-06-22,14,1,1.0,1.697881,2010-2019,12428.41016,869.6527583
3807,2017,CA,CCO,OWL,2017-08-01,2017-08-01,14,1,1.0,1.690201,2010-2019,10348.76563,701.4837558
3808,2017,CA,CCO,OLD,2017-07-18,2017-07-18,2,7,1.0,1.638321,2010-2019,9747.882813,621.700391
3809,2017,CA,CCO,FORK,2017-04-28,2017-04-28,14,1,1.0,1.534435,2010-2019,9130.511719,846.1297045
3810,2017,CA,FWS,STUBBLE,2017-07-27,2017-07-27,9,4,1.0,1.526605,2010-2019,9217.671875,1259.808533
3811,2017,CA,NPS,SHORELINE,2017-09-26,2017-09-26,9,1,1.0,1.425338,2010-2019,9318.289063,431.5411254
3812,2017,CA,NPS,RIBBON,2017-09-26,2017-11-27,1,7,1.0,1.385606,2010-2019,8985.304688,339.7357053
3813,2017,CA,CCO,CANYON,2017-07-04,2017-07-04,14,7,1.0,1.362349,2010-2019,8033.296875,804.378837
3814,2017,CA,CCO,HASLEY,2017-07-09,2017-07-09,8,1,1.0,1.342572,2010-2019,8010.058594,396.2089213
3815,2017,CA,CCO,NIGUEL,2017-06-29,2017-06-29,2,1,1.0,1.328025,2010-2019,7759.390625,471.1044225
3816,2017,CA,CCO,SCALES,2017-12-21,2017-12-21,14,1,1.0,1.25824,2010-2019,7462.042969,697.8894516
3817,2017,CA,USF,MIDDLE,2017-07-09,2017-07-12,4,1,1.0,1.209222,2010-2019,8125.4375,389.0619701
3818,2017,CA,CCO,PACIFIC,2017-09-09,2017-09-09,14,1,1.0,1.190109,2010-2019,7081.386719,561.4182019
3819,2017,CA,CCO,PALMA,2017-10-21,2017-10-21,14,1,1.0,1.187291,2010-2019,7047.371094,361.7949158
3820,2017,CA,CCO,PACIFICA,2017-06-24,2017-06-24,14,1,1.0,1.158548,2010-2019,6859.679688,501.1781023
3821,2017,CA,CDF,DORRIS,2017-07-01,2017-07-01,14,1,1.0,1.136793,2010-2019,8323.550781,486.6083415
3822,2017,CA,CCO,PARKMOR,2017-07-25,2017-07-25,14,1,1.0,1.132044,2010-2019,6707.03125,322.5804282
3823,2017,CA,USF,LONG,2017-09-12,2017-11-12,1,1,1.0,0.8926889,2010-2019,5994.621094,323.7744272
3824,2017,CA,CCO,SIERRA,2017-08-13,2017-08-13,14,1,1.0,0.7808903,2010-2019,4803.9375,305.7464975
3825,2017,CA,CCO,VISTA,2017-07-29,2017-07-29,14,7,1.0,0.5557644,2010-2019,3322.332031,327.6858597
3826,2017,CA,CCO,TOMATO SPRINGS,2017-12-22,2017-12-22,14,1,1.0,0.5389289,2010-2019,3159.300781,265.7916354
3827,2017,CA,CDF,HILT,2017-05-21,2017-05-21,9,1,1.0,0.5325515,2010-2019,3905.507813,265.1138528
3828,2017,CA,CCO,IRVINE PARK,2017-05-20,2017-05-20,14,1,1.0,0.4889542,2010-2019,2872.503906,313.6241483
3829,2017,CA,CDF,STATELINE,2017-08-19,2017-08-19,2,1,1.0,0.4704108,2010-2019,3449.355469,663.2280642
3830,2017,CA,NPS,VISION,2017-07-10,2017-07-11,9,1,1.0,0.414853,2010-2019,2715.441406,328.3285524
3831,2017,CA,CDF,GAZELLE,2017-07-04,2017-07-04,14,1,1.0,0.3905636,2010-2019,2821.636719,500.2179718
3832,2017,CA,CDF,JUNIPER,2017-08-30,2017-08-30,14,1,1.0,0.3880334,2010-2019,2807.632813,227.6689543
3833,2017,CA,CDF,MILL,2017-10-01,2017-10-01,14,1,1.0,0.3852446,2010-2019,2761.441406,255.5927309
3834,2017,CA,CCO,BALCOM,2017-12-22,2017-12-22,14,6,1.0,0.3788415,2010-2019,2253.476563,221.1435717
3835,2017,CA,CDF,BARR,2017-10-29,2017-10-29,10,1,1.0,0.3732139,2010-2019,2677.953125,358.6456801
3836,2017,CA,CDF,MARBLE,2017-09-01,2017-09-01,2,1,1.0,0.3712338,2010-2019,2692.453125,227.3984627
3837,2017,CA,NPS,KNOB 91,2017-08-04,2017-09-12,1,7,1.0,0.3168842,2010-2019,2061.265625,162.8386397
3838,2017,CA,CDF,PLEASANT,2017-08-27,2017-08-27,2,1,1.0,0.3043329,2010-2019,2230.039063,223.1273938
3839,2017,CA,CCO,TETON,2017-09-28,2017-09-28,14,7,1.0,0.3011239,2010-2019,1777.46875,219.1098067
3840,2017,CA,CDF,KILLGORE,2017-06-10,2017-06-10,7,1,1.0,0.2615252,2010-2019,1898.230469,249.0582906
3841,2017,CA,CCO,UNNAMED FIRE,2017-10-09,2017-10-09,14,1,1.0,0.258453,2010-2019,1509.265625,169.9422833
3842,2017,CA,CDF,DEER ONE,2017-09-04,2017-09-04,14,1,1.0,0.2580093,2010-2019,1867.738281,202.9494596
3843,2017,CA,CCO,HACIENDA,2017-11-12,2017-11-12,14,1,1.0,0.247208,2010-2019,1458.421875,212.6244144
3844,2017,CA,CCO,COYOTE,2017-10-29,2017-10-29,14,1,1.0,0.2426913,2010-2019,1438.925781,207.6017855
3845,2017,CA,NPS,INSPIRATION,2017-07-16,2017-07-26,9,7,1.0,0.2380988,2010-2019,1542.355469,140.831292
3846,2017,CA,NPS,TUNNEL,2017-07-23,2017-07-23,9,7,1.0,0.2380843,2010-2019,1542.378906,140.8326745
3847,2017,CA,NPS,EL CAP,2017-07-08,2017-07-08,9,7,1.0,0.2380705,2010-2019,1542.628906,140.8456806
3848,2017,CA,CDF,MODOC,2017-11-15,2017-11-15,7,1,1.0,0.2216782,2010-2019,1605.886719,296.9935164
3849,2017,CA,USF,GOODALE,2017-07-24,2017-08-28,1,2,1.0,0.1962595,2010-2019,1246.75,139.5424866
3850,2017,CA,CCO,WAGON,2017-06-22,2017-06-22,2,7,1.0,0.1805364,2010-2019,1078.046875,154.4158324
3851,2017,CA,CCO,RAMBLA,2017-12-18,2017-12-18,2,1,1.0,0.1799399,2010-2019,1063.478239,138.0456652
3852,2017,CA,CCO,ROSE,2017-07-04,2017-07-04,9,1,1.0,0.1795835,2010-2019,1051.976563,133.841098
3853,2017,CA,USF,WINTON,2017-08-28,2017-09-02,7,1,1.0,0.170771,2010-2019,1131.363281,147.4227989
3854,2017,CA,CDF,CANTERA,2017-06-04,2017-06-04,5,1,1.0,0.1616718,2010-2019,1159.496094,155.9254961
3855,2017,CA,NPS,NORTH DOME,2017-08-02,2017-08-06,1,7,1.0,0.1571503,2010-2019,1019.253906,114.4914731
3856,2017,CA,NPS,JAY,2017-08-02,2017-09-12,1,7,1.0,0.157021,2010-2019,1019.945313,114.5378349
3857,2017,CA,NPS,BLUE,2017-08-02,2017-09-12,1,7,1.0,0.157016,2010-2019,1019.976563,114.5400776
3858,2017,CA,USF,HORSE,2017-08-24,2017-08-24,1,1,1.0,0.1560788,2010-2019,1034.8125,176.7696087
3859,2017,CA,CCO,CREEK,2017-11-06,2017-11-06,14,1,1.0,0.1501368,2010-2019,878.7929688,192.2124149
3860,2017,CA,CCO,LEONA,2017-09-09,2017-09-09,11,1,1.0,0.139297,2010-2019,834.1367188,136.4211258
3861,2017,CA,USF,MORMON,2017-07-10,2017-07-10,9,1,1.0,0.1290102,2010-2019,858.5273438,136.8821388
3862,2017,CA,CCO,UNNAMED FIRE,2017-08-27,2017-08-27,8,1,1.0,0.1167619,2010-2019,681.0273438,151.3575754
3863,2017,CA,NPS,HARDIN,2017-07-25,2017-08-12,1,8,1.0,0.09953451,2010-2019,724.3984375,95.53123654
3864,2017,CA,CDF,JADE,2017-10-31,2017-10-31,5,1,1.0,0.09527241,2010-2019,691.203125,136.4063941
3865,2017,CA,CCO,UNNAMED FIRE,2017-10-23,2017-10-23,14,1,1.0,0.08686703,2010-2019,509.8046875,185.2702361
3866,2017,CA,CDF,MEADOW,2017-07-09,2017-07-09,9,1,1.0,0.08125556,2010-2019,585.1601563,115.6392864
3867,2017,CA,NPS,MEADOW,2017-06-21,2017-06-22,9,7,1.0,0.07965158,2010-2019,513.4609375,81.23799721
3868,2017,CA,NPS,MARKET,2017-08-15,2017-08-15,9,7,1.0,0.07963382,2010-2019,513.5664063,81.24913826
3869,2017,CA,CCO,TESORO SCHOOL,2017-07-31,2017-08-01,14,1,1.0,0.0795795,2010-2019,465.2265625,122.2914165
3870,2017,CA,NPS,ILLILOUETTE CREEK,2017-09-12,2017-09-30,1,7,1.0,0.07950435,2010-2019,514.453125,81.33102792
3871,2017,CA,NPS,AVALANCH VEHICLE,2017-06-21,2017-06-21,10,7,1.0,0.07949797,2010-2019,514.3515625,81.32482441
3872,2017,CA,NPS,POHONO,2017-10-09,2017-10-09,4,7,1.0,0.07946421,2010-2019,514.6484375,81.350851
3873,2017,CA,NPS,SENTINEL,2017-09-12,2017-09-12,1,7,1.0,0.07944368,2010-2019,514.8125,81.36473696
3874,2017,CA,NPS,CRANE,2017-09-20,2017-09-20,9,7,1.0,0.07941185,2010-2019,514.8515625,81.37085553
3875,2017,CA,NPS,INDIAN CANYON,2017-08-02,2017-08-03,1,7,1.0,0.07938903,2010-2019,515.1484375,81.39741064
3876,2017,CA,NPS,WATKINS,2017-09-11,2017-09-12,1,7,1.0,0.07938439,2010-2019,515.2265625,81.40351105
3877,2017,CA,NPS,INDIAN ROCK,2017-09-15,2017-09-24,1,7,1.0,0.07936616,2010-2019,515.3046875,81.41164852
3878,2017,CA,NPS,HIDDEN,2017-09-12,2017-09-24,1,7,1.0,0.07936531,2010-2019,515.3632813,81.4165633
3879,2017,CA,NPS,COYOTE ROCKS,2017-06-26,2017-08-26,9,7,1.0,0.07936285,2010-2019,515.3359375,81.41497961
3880,2017,CA,NPS,PORCUPINE CAMPGROUND,2017-09-11,2017-10-07,1,7,1.0,0.07934111,2010-2019,515.4609375,81.42592991
3881,2017,CA,NPS,WOLFE,2017-09-11,2017-10-06,1,7,1.0,0.07928222,2010-2019,515.8203125,81.458995
3882,2017,CA,NPS,MORRISON,2017-09-11,2017-09-24,1,7,1.0,0.0792798,2010-2019,515.828125,81.45970595
3883,2017,CA,NPS,LECONTE,2017-09-11,2017-09-27,1,7,1.0,0.07920874,2010-2019,516.21875,81.49726555
3884,2017,CA,NPS,BENSON PASS,2017-08-03,2017-09-01,1,7,1.0,0.07913961,2010-2019,516.8359375,81.5516104
3885,2017,CA,NPS,VERNON,2017-07-12,2017-07-12,1,7,1.0,0.07913565,2010-2019,516.6445313,81.53769741
3886,2017,CA,CCO,UNNAMED FIRE,2017-10-16,2017-10-16,14,1,1.0,0.07130744,2010-2019,415.2226563,104.9062643
3887,2017,CA,CCO,MID,2017-08-15,2017-08-15,14,1,1.0,0.07041682,2010-2019,427.171875,111.7645729
3888,2017,CA,CCO,SKYLINE,2017-11-13,2017-11-13,2,1,1.0,0.07016324,2010-2019,415.2797605,152.4994346
3889,2017,CA,USF,MILL,2017-07-12,2017-07-12,9,1,1.0,0.06809671,2010-2019,453.1523438,89.37160278
3890,2017,CA,CCO,MARTINEZ,2017-10-05,2017-10-06,7,1,1.0,0.05247684,2010-2019,313.0585938,84.9692708
3891,2017,CA,CCO,TRAFALGAR CANYON,2017-06-01,2017-06-01,14,1,1.0,0.04850181,2010-2019,282.5,75.35957919
3892,2017,CA,CCO,BROWNS,2017-07-04,2017-07-05,8,7,1.0,0.03477105,2010-2019,206.75,76.84447368
3893,2017,CA,CCO,MEDLEY,2017-10-21,2017-10-21,14,1,1.0,0.02775379,2010-2019,164.1484375,61.63100252
3894,2017,CA,CCO,UNNAMED FIRE,2017-08-31,2017-08-31,14,1,1.0,0.02271913,2010-2019,132.9609375,53.06953304
3895,2017,CA,CCO,CROSS CREEK,2017-09-15,2017-09-15,14,4,1.0,0.02014686,2010-2019,118.5820313,42.75326458
3896,2017,CA,CCO,SOUTH,2017-12-21,2017-12-21,14,6,1.0,0.01809152,2010-2019,107.640625,39.374425
3897,2017,CA,CCO,UNNAMED FIRE,2017-09-13,2017-09-13,14,1,1.0,0.01499808,2010-2019,87.80859375,39.95200665
3898,2017,CA,CCO,WOOD,2017-12-20,2017-12-20,14,1,1.0,0.009493228,2010-2019,55.49609375,43.38447284
3899,2017,CA,CCO,GEORGIA SUE,2017-07-05,2017-07-05,14,1,1.0,0.006446013,2010-2019,37.703125,24.90137381
3900,2017,CA,CCO,UNNAMED FIRE,2017-01-30,2017-01-30,14,1,1.0,0.003896726,2010-2019,22.78125,19.31953395
3901,2017,CA,CCO,UNNAMED FIRE,2017-11-10,2017-11-10,14,1,1.0,0.002960623,2010-2019,17.33984375,16.57096037
3902,2017,CA,NPS,A RANCH,2017-09-12,2017-09-12,1,1,1.0,0.002815646,2010-2019,18.37109375,19.24637896
3903,2017,CA,CCO,UNNAMED FIRE,2017-12-22,2017-12-22,14,1,1.0,0.001356887,2010-2019,7.93359375,13.38670716
3904,2016,CA,CDF,SOBERANES,2016-07-22,2016-10-13,4,1,1.0,132104.3,2010-2019,825293496.6,470055.2348
3905,2016,CA,BLM,ERSKINE,2016-06-23,2016-06-30,14,2,1.0,48008.35,2010-2019,294304306.7,186583.037
3906,2016,CA,CDF,CHIMNEY,2016-08-13,2016-09-09,10,1,1.0,46233.92,2010-2019,284621239.8,135850.0976
3907,2016,CA,USF,SAND,2016-07-22,2016-08-07,2,6,1.0,41382.86,2010-2019,246512875.8,121359.9624
3908,2016,CA,USF,BLUE CUT,2016-08-16,2016-08-26,9,4,1.0,36266.7,2010-2019,215722539.2,157079.3843
3910,2016,CA,USF,REY,2016-08-18,2016-09-15,9,8,1.0,32580.44,2010-2019,194972416.8,167261.4306
3911,2016,CA,USF,CEDAR,2016-08-16,2016-08-16,9,3,1.0,29100.56,2010-2019,179369477.8,127541.8426
3912,2016,CA,DOD,CANYON,2016-09-17,2016-09-27,14,8,1.0,12713.62,2010-2019,76109524.93,51201.06959
3913,2016,CA,USF,PILOT,2016-08-07,2016-08-16,10,4,1.0,8110.855,2010-2019,48226403.45,52377.60929
3914,2016,CA,CDF,BORDER 3,2016-06-19,2016-07-07,14,3,1.0,7606.026,2010-2019,43496574.93,60505.42509
3915,2016,CA,USF,SHERPA ,2016-06-15,2016-07-11,9,6,1.0,7465.751,2010-2019,44587072.11,50070.33971
3916,2016,CA,CDF,MINERAL,2016-08-08,2016-08-19,7,1,1.0,6790.293,2010-2019,42224837.14,40816.03111
3917,2016,CA,CDF,COLD,2016-08-02,2016-08-09,14,3,1.0,5730.075,2010-2019,37952065.42,43778.62749
3918,2016,CA,USF,TRAILHEAD,2016-06-28,2016-11-08,9,3,1.0,5644.68,2010-2019,37835129.46,38559.99885
3919,2016,CA,USF,OWENS RIVER,2016-09-17,2016-11-18,9,4,1.0,5457.981,2010-2019,35401553.86,61696.11111
3920,2016,CA,CDF,LOMA ,2016-09-26,2016-10-26,14,2,1.0,4474.124,2010-2019,28526542.82,36396.55095
3921,2016,CA,USF,MEADOW,2016-10-29,2016-11-25,1,3,1.0,4346.275,2010-2019,26913495.35,30058.54874
3922,2016,CA,USF,FISH,2016-06-20,2016-07-03,9,6,1.0,4245.794,2010-2019,25167429.67,41885.30508
3923,2016,CA,CDF,CLAYTON,2016-08-13,2016-08-16,7,3,1.0,3928.03,2010-2019,26293028.05,43682.70371
3924,2016,CA,CDF,METZ,2016-05-22,2016-05-25,5,2,1.0,3856.602,2010-2019,24131884.46,27649.45759
3925,2016,CA,DOD,CAMP ROBERTS,2016-05-18,2016-05-20,14,4,1.0,3649.616,2010-2019,22469044.59,46377.14224
3926,2016,CA,DOD,STONY,2016-06-02,2016-06-17,14,4,1.0,3066.89,2010-2019,19002377.27,23632.51418
3927,2016,CA,USF,PONY,2016-06-07,2016-12-15,1,3,1.0,2857.175,2010-2019,20702002.18,44144.48167
3928,2016,CA,CDF,CURRY,2016-07-01,2016-07-04,14,2,1.0,2820.48,2010-2019,17514943.3,21380.24287
3929,2016,CA,USF,CLARK,2016-08-04,2017-01-06,1,4,1.0,2816.422,2010-2019,18285528.23,27198.14624
3930,2016,CA,USF,HIDDEN,2016-10-29,2016-11-23,1,3,1.0,2767.803,2010-2019,17263276.6,27430.2659
3931,2016,CA,USF,SLATE,2016-10-04,2016-10-14,1,3,1.0,2614.712,2010-2019,16234635.39,24825.66136
3932,2016,CA,CDF,WILLARD,2016-09-11,2016-11-28,14,3,1.0,2573.955,2010-2019,17967956.71,35924.51888
3933,2016,CA,USF,COLEMAN,2016-06-04,2016-06-21,5,8,1.0,2522.639,2010-2019,15679234.14,36724.31413
3934,2016,CA,USF,SOUP 2,2016-09-17,2016-12-12,7,4,1.0,2512.539,2010-2019,18025730.18,40632.23616
3935,2016,CA,USF,PINE,2016-06-30,2016-12-15,4,8,1.0,2300.255,2010-2019,13784500.16,39191.89249
3936,2016,CA,CDF,GOOSE,2016-07-30,2016-08-09,7,2,1.0,2241.011,2010-2019,14250387.11,24251.42662
3937,2016,CA,USF,SACATA,2016-10-11,2016-10-15,9,4,1.0,2099.057,2010-2019,13318640.69,19264.71096
3938,2016,CA,BLM,SODA,2016-06-04,2016-06-04,14,2,1.0,2000.119,2010-2019,12098449.01,23909.5542
3939,2016,CA,USF,JACOBSON,2016-10-20,2016-10-21,9,3,1.0,1704.502,2010-2019,10623342.89,21379.85412
3940,2016,CA,CCO,DEER,2016-07-01,2016-07-04,14,1,1.0,1563.429,2010-2019,9502161.914,21834.57796
3941,2016,CA,CDF,SAWMILL,2016-09-25,2016-09-28,14,3,1.0,1546.701,2010-2019,10324867.77,17907.93551
3942,2016,CA,CDF,BOGART,2016-08-30,2016-09-02,14,2,1.0,1458.703,2010-2019,8607548.086,14040.61076
3943,2016,CA,BLM,CHIMNEY,2016-06-01,2016-06-10,9,2,1.0,1323.627,2010-2019,8171931.336,19262.40692
3944,2016,CA,CDF,DINOSAUR,2016-06-25,2016-06-26,10,1,1.0,1246.319,2010-2019,7938765.789,15288.88373
3945,2016,CA,DOD,ROBLAR,2016-07-21,2016-07-30,14,8,1.0,1244.5,2010-2019,7245430.711,19887.46542
3946,2016,CA,USF,RESERVOIR,2016-06-20,2016-07-03,2,6,1.0,1146.539,2010-2019,6799410.688,16876.7938
3947,2016,CA,NPS,LAKES,2016-06-26,2016-12-02,1,8,1.0,1000.718,2010-2019,6462430.207,20744.80326
3948,2016,CA,CDF,MARSHES,2016-09-26,2016-10-05,10,3,1.0,930.5065,2010-2019,6038855.762,16969.99507
3949,2016,CA,CCO,SAGE,2016-07-09,2016-07-16,4,7,1.0,850.8893,2010-2019,5066086.777,12250.81436
3950,2016,CA,USF,CROWN,2016-09-15,2016-10-06,1,4,1.0,796.3287,2010-2019,5055493.355,11184.56777
3951,2016,CA,CDF,SADDLE,2016-09-05,2016-09-17,10,1,1.0,739.5639,2010-2019,5063167.613,21768.39033
3952,2016,CA,CDF,GRADE,2016-08-24,2016-09-10,9,8,1.0,709.8526,2010-2019,5169102.762,12757.53178
3953,2016,CA,BLM,CUDDEBACK,2016-05-13,2016-05-14,14,1,1.0,698.7193,2010-2019,4259374.66,14346.04468
3954,2016,CA,USF,MOKELUMNE,2016-08-19,2016-08-20,1,4,1.0,649.8756,2010-2019,4308763.508,9932.62445
3955,2016,CA,USF,MARINA,2016-06-24,2016-07-07,9,4,1.0,641.2314,2010-2019,4183536.648,17264.47902
3956,2016,CA,CDF,TULLEY,2016-08-22,2016-09-04,7,1,1.0,607.4457,2010-2019,4357405.652,17441.36745
3957,2016,CA,CDF,NINTEY NINE,2016-08-02,2016-08-08,8,5,1.0,541.0963,2010-2019,3701030.648,9424.722976
3958,2016,CA,CCO,RANGE,2016-08-26,2016-08-30,14,1,1.0,515.6979,2010-2019,3132552.313,7663.724532
3959,2016,CA,CDF,COLYEAR,2016-06-30,2016-07-03,11,2,1.0,465.1825,2010-2019,3215323.23,7942.826577
3960,2016,CA,CCO,OLD,2016-06-04,2016-06-08,2,1,1.0,463.1134,2010-2019,2742222.008,13279.30087
3961,2016,CA,CDF,WILLOW,2016-08-29,2016-09-04,10,1,1.0,447.9559,2010-2019,2938853.0,8703.109002
3962,2016,CA,CDF,BEALE ESCAPE,2016-08-18,2016-08-19,18,1,1.0,389.029,2010-2019,2621885.141,11950.70075
3963,2016,CA,USF,TULE,2016-08-22,2016-08-22,9,4,1.0,387.5226,2010-2019,2410687.738,7623.10203
3964,2016,CA,CDF,HOWARD,2016-09-11,2016-10-17,6,1,1.0,379.6225,2010-2019,2738598.656,10546.47776
3965,2016,CA,USF,HORSESHOE,2016-08-09,2016-08-26,9,4,1.0,372.9369,2010-2019,2338407.805,10316.26012
3966,2016,CA,CDF,RANCHO,2016-06-28,2016-06-29,10,1,1.0,371.6552,2010-2019,2451529.309,9697.620668
3967,2016,CA,CDF,PACHECO,2016-07-12,2016-07-19,2,1,1.0,340.5402,2010-2019,2228118.402,10853.76473
3968,2016,CA,CDF,FIDDLER,2016-07-08,2016-07-20,7,1,1.0,330.9144,2010-2019,2312314.48,10292.67498
3969,2016,CA,CDF,HOG,2016-09-13,2016-09-13,11,1,1.0,320.7015,2010-2019,2233946.992,7205.373623
3970,2016,CA,CDF,BUTTE,2016-09-20,2016-09-20,16,4,1.0,315.7604,2010-2019,2129862.629,8790.210051
3971,2016,CA,BLM,HAVILAH 2,2016-08-27,2016-08-28,14,1,1.0,303.7996,2010-2019,1858847.32,8402.264079
3972,2016,CA,CDF,DEWOLF,2016-05-25,2016-05-25,14,1,1.0,288.712,2010-2019,1830517.066,9460.46929
3973,2016,CA,CDF,APPALOOSA,2016-07-02,2016-07-15,9,1,1.0,283.9547,2010-2019,1854821.629,8455.748457
3974,2016,CA,CCO,ONYX,2016-07-13,2016-07-15,15,1,1.0,266.2381,2010-2019,1636553.742,11658.85503
3975,2016,CA,USF,TOBIN,2016-09-26,2016-09-30,9,3,1.0,248.3702,2010-2019,1711643.555,10433.03995
3976,2016,CA,BLM,JOHAN,2016-05-30,2016-05-31,9,1,1.0,229.7579,2010-2019,1401873.555,7179.227676
3977,2016,CA,DOD,WASHINGTON,2016-09-22,2016-09-28,14,8,1.0,225.5222,2010-2019,1354517.883,13346.98227
3978,2016,CA,CDF,KING,2016-06-17,2016-06-21,14,1,1.0,225.0632,2010-2019,1402561.656,7458.30102
3979,2016,CA,CDF,CAMANCHE,2016-06-17,2016-06-19,14,1,1.0,209.5521,2010-2019,1377675.723,7185.405687
3980,2016,CA,CDF,HILL,2016-04-28,2016-04-28,1,1,1.0,189.8905,2010-2019,1196352.715,4723.672862
3981,2016,CA,CDF,BIG,2016-07-11,2016-07-13,14,2,1.0,187.9641,2010-2019,1191931.379,4429.892518
3982,2016,CA,USF,EARLY,2016-08-29,2016-09-01,9,6,1.0,184.5866,2010-2019,1201087.336,4774.286711
3984,2016,CA,USF,EMERALD,2016-10-14,2016-10-18,9,4,1.0,175.3267,2010-2019,1174538.961,6117.638606
3985,2016,CA,CDF,CREEK,2016-06-26,2016-06-28,14,1,1.0,171.1181,2010-2019,1140346.23,4220.851875
3986,2016,CA,CDF,FRAME,2016-07-04,2016-07-07,7,1,1.0,166.4396,2010-2019,1034976.191,6397.334425
3987,2016,CA,CDF,SHEDD,2016-05-10,2016-05-10,14,1,1.0,161.3491,2010-2019,989962.5039,6434.726332
3988,2016,CA,CDF,SUNNY,2016-09-03,2016-09-06,10,1,1.0,157.3922,2010-2019,996710.6953,7069.2534
3989,2016,CA,USF,WHEATLAND,2016-05-23,2016-05-25,2,6,1.0,155.913,2010-2019,926482.6914,8357.394185
3990,2016,CA,CDF,ATHENS,2016-05-17,2016-05-17,14,1,1.0,155.1552,2010-2019,1036137.949,8222.362923
3991,2016,CA,CDF,RESERVOIR,2016-06-26,2016-06-30,14,1,1.0,152.6466,2010-2019,1028663.523,5457.998604
3992,2016,CA,USF,OLD,2016-09-13,2016-10-17,2,4,1.0,149.4954,2010-2019,969388.8398,5193.594688
3993,2016,CA,USF,HOLY,2016-08-31,2016-09-09,9,6,1.0,146.0501,2010-2019,855536.6367,5305.893814
3994,2016,CA,CDF,BANGOR,2016-09-22,2016-09-25,10,1,1.0,142.63,2010-2019,969328.168,8518.989452
3995,2016,CA,CDF,TEMECULA,2016-06-05,2016-06-07,14,2,1.0,139.9618,2010-2019,815748.25,4220.777673
3996,2016,CA,USF,SOUP 1,2016-09-17,2016-09-21,7,4,1.0,133.148,2010-2019,954857.9883,4468.883546
3997,2016,CA,CDF,AVOCADO,2016-05-15,2016-05-16,11,1,1.0,132.4675,2010-2019,837508.1016,5487.958844
3998,2016,CA,CDF,GREEN,2016-07-15,2016-07-28,3,1,1.0,131.1804,2010-2019,834067.8984,4878.731568
3999,2016,CA,CDF,SIERRA,2016-07-30,2016-08-01,2,2,1.0,123.9659,2010-2019,796736.5547,3794.137086
4000,2016,CA,USF,ROCK CREEK,2016-08-05,2016-08-10,2,4,1.0,123.2366,2010-2019,794367.1719,7229.142612
4001,2016,CA,CDF,BRIGSS,2016-07-12,2016-07-15,14,1,1.0,118.9174,2010-2019,698268.2617,4212.522432
4002,2016,CA,USF,ASH,2016-06-12,2016-06-23,1,6,1.0,109.7021,2010-2019,686623.1875,4309.486733
4003,2016,CA,CDF,COAL,2016-06-20,2016-06-23,2,2,1.0,107.7305,2010-2019,735117.6406,4967.233168
4004,2016,CA,CCO,GORMAN,2016-04-19,2016-04-19,14,7,1.0,105.8172,2010-2019,636358.6953,6493.249816
4005,2016,CA,CDF,BRADLEY,2016-07-22,2016-07-24,10,1,1.0,104.7752,2010-2019,646748.0898,4085.370747
4006,2016,CA,CDF,LONE PINE,2016-07-01,2016-07-05,14,1,1.0,104.2135,2010-2019,655599.7148,9907.183138
4007,2016,CA,CCO,JOHNSON,2016-10-11,2016-10-11,14,7,1.0,101.4958,2010-2019,608600.4102,5050.784093
4008,2016,CA,CDF,BROKEN,2016-07-04,2016-07-05,2,1,1.0,101.3506,2010-2019,648668.2813,4828.188361
4009,2016,CA,CDF,DIABLO ,2016-08-02,2016-08-02,14,2,1.0,101.0175,2010-2019,651812.1367,3114.35862
4010,2016,CA,USF,FEATHER,2016-07-18,2016-07-20,2,6,1.0,100.0661,2010-2019,576830.6367,5538.187669
4011,2016,CA,CCO,TRABUCO,2016-09-06,2016-09-07,14,1,1.0,97.34912,2010-2019,568610.25,3121.015355
4012,2016,CA,CDF,MERCURY,2016-07-09,2016-07-10,9,2,1.0,94.94749,2010-2019,596548.9141,3043.492341
4013,2016,CA,CDF,COW,2016-09-25,2016-09-29,10,1,1.0,94.76298,2010-2019,666577.9727,6009.65394
4014,2016,CA,CDF,FLORES,2016-07-01,2016-07-01,10,1,1.0,88.57339,2010-2019,613320.4297,5596.336613
4015,2016,CA,FWS,MAZE,2016-08-04,2016-08-04,10,4,1.0,87.40461,2010-2019,564961.1328,4445.047965
4016,2016,CA,CDF,SANTOS,2016-08-26,2016-09-10,7,1,1.0,87.08524,2010-2019,597765.2109,4551.965504
4017,2016,CA,CDF,SCOTT,2016-07-10,2016-07-11,14,1,1.0,86.69641,2010-2019,573929.9453,4668.884698
4018,2016,CA,CDF,FRAZIER,2016-06-27,2016-06-27,10,1,1.0,86.51613,2010-2019,532113.375,3298.373221
4019,2016,CA,CDF,GRUB,2016-08-04,2016-08-04,9,1,1.0,85.13574,2010-2019,545848.625,3737.483504
4020,2016,CA,CDF,COE ,2016-06-21,2016-06-23,9,2,1.0,84.74403,2010-2019,541154.4414,4420.356957
4021,2016,CA,CDF,TULLOCH,2016-05-30,2016-06-07,9,1,1.0,81.88184,2010-2019,533184.4531,3287.5341
4022,2016,CA,CCO,SHERWOOD,2016-07-14,2016-07-15,14,2,1.0,78.70457,2010-2019,466194.3984,3495.885884
4023,2016,CA,CDF,MOORE,2016-06-21,2016-06-21,2,1,1.0,78.46806,2010-2019,524628.4375,3890.73121
4024,2016,CA,USF,SALT,2016-10-03,2016-11-15,1,4,1.0,77.80782,2010-2019,515004.8047,2743.250447
4025,2016,CA,CDF,DUNNIGAN,2016-07-15,2016-07-15,2,1,1.0,77.78288,2010-2019,520254.5078,3811.151681
4026,2016,CA,CDF,BAKER,2016-08-03,2016-08-03,14,1,1.0,75.94509,2010-2019,527335.4453,5402.553293
4027,2016,CA,NPS,SENTINEL,2016-08-19,2016-11-15,1,8,1.0,74.37858,2010-2019,469702.2188,3179.898816
4028,2016,CA,CDF,OLD,2016-06-12,2016-06-13,9,1,1.0,73.9789,2010-2019,464409.0703,3563.484251
4029,2016,CA,CDF,CHEYENNE,2016-06-15,2016-06-18,2,1,1.0,72.37766,2010-2019,475103.0742,4707.438306
4030,2016,CA,FWS,SANDY,2016-07-13,2016-07-13,5,4,1.0,71.72459,2010-2019,458123.1016,4167.814724
4031,2016,CA,NPS,YUCCA,2016-11-05,2016-11-15,1,8,1.0,71.68799,2010-2019,451091.043,5326.78311
4032,2016,CA,CCO,SAN JUAN,2016-06-15,2016-06-16,14,1,1.0,70.31184,2010-2019,410542.4492,4208.058395
4033,2016,CA,FWS,FOSTER,2016-10-18,2016-10-18,10,4,1.0,68.74748,2010-2019,440419.6836,3157.492647
4034,2016,CA,CDF,ARROYO,2016-06-18,2016-06-20,10,1,1.0,67.7327,2010-2019,422525.0039,4271.901173
4035,2016,CA,CDF,PALA 3,2016-05-31,2016-07-02,14,1,1.0,66.19798,2010-2019,385561.7344,4269.125732
4036,2016,CA,CCO,STOCKDALE,2016-07-29,2016-07-29,14,1,1.0,65.12898,2010-2019,396822.0117,4433.470952
4037,2016,CA,LRA,HOAG 2,2016-06-11,2016-06-11,14,1,1.0,64.68711,2010-2019,445620.4141,5850.592339
4038,2016,CA,CDF,SERPA,2016-07-21,2016-07-21,14,1,1.0,63.66468,2010-2019,407646.2344,3771.715894
4039,2016,CA,CDF,FOOTHILL,2016-07-19,2016-07-19,14,1,1.0,62.92419,2010-2019,423406.7031,3716.773426
4040,2016,CA,CDF,MAIN,2016-08-14,2016-08-14,10,1,1.0,62.77188,2010-2019,390176.3555,3973.155862
4041,2016,CA,CDF,KUGELMAN,2016-08-09,2016-08-11,7,1,1.0,62.04583,2010-2019,415368.8242,4206.930257
4042,2016,CA,CCO,KAGEL,2016-10-19,2016-10-19,14,7,1.0,61.8065,2010-2019,367312.1484,2847.430617
4043,2016,CA,CDF,OAK 2,2016-07-22,2016-07-22,14,1,1.0,58.76016,2010-2019,387197.0703,2927.934807
4044,2016,CA,USF,MILL,2016-05-19,2016-05-20,9,1,1.0,57.67792,2010-2019,415613.4805,3373.951005
4045,2016,CA,CDF,BAKER,2016-07-21,2016-07-23,2,1,1.0,57.29215,2010-2019,373808.8672,3461.908705
4046,2016,CA,CCO,SAN JUAN,2016-11-13,2016-11-13,10,1,1.0,55.2786,2010-2019,322540.7695,2912.64339
4047,2016,CA,CDF,LOWE,2016-06-23,2016-06-24,9,1,1.0,53.31332,2010-2019,331973.3711,3293.392958
4048,2016,CA,CDF,JOINES,2016-09-03,2016-09-07,10,1,1.0,53.20848,2010-2019,359320.2422,3419.493344
4049,2016,CA,CDF,PANOCHO,2016-04-16,2016-04-16,9,1,1.0,53.19081,2010-2019,334706.0625,4219.517542
4050,2016,CA,CCO,POSO,2016-04-25,2016-04-26,14,1,1.0,50.00543,2010-2019,306315.2422,5075.892259
4051,2016,CA,CDF,STORKSBILL,2016-07-22,2016-07-24,2,1,1.0,49.23259,2010-2019,328440.8672,3023.816685
4052,2016,CA,CDF,ESTRELLA,2016-06-03,2016-06-03,2,1,1.0,47.40794,2010-2019,291416.4844,3733.079948
4053,2016,CA,USF,WILDERNESS,2016-07-04,2016-07-04,4,8,1.0,46.7256,2010-2019,336941.1406,2503.872607
4054,2016,CA,CCO,LAGUNA,2016-06-26,2016-06-29,14,1,1.0,46.28121,2010-2019,270489.2031,3735.013756
4055,2016,CA,CCO,CASITAS,2016-04-28,2016-04-30,14,1,1.0,46.16,2010-2019,274767.0313,3774.881399
4056,2016,CA,CDF,RUFF,2016-09-10,2016-09-10,10,6,1.0,45.96536,2010-2019,314833.4688,2592.973744
4057,2016,CA,CDF,BELL,2016-09-23,2016-09-25,14,1,1.0,45.81971,2010-2019,303401.2969,2927.881007
4058,2016,CA,CDF,PRIEST,2016-08-22,2016-08-22,2,1,1.0,44.33348,2010-2019,275913.1289,4481.703791
4059,2016,CA,CCO,FRONTIER,2016-06-22,2016-06-22,14,1,1.0,44.1466,2010-2019,267863.9961,3309.328409
4060,2016,CA,CDF,PASKENTA,2016-06-21,2016-06-21,2,1,1.0,42.49441,2010-2019,292797.6875,2807.214726
4061,2016,CA,USF,MAREK,2016-11-14,2016-11-14,2,4,1.0,41.84724,2010-2019,248857.0547,3473.381799
4062,2016,CA,USF,BAILY,2016-07-20,2016-07-26,9,8,1.0,41.73148,2010-2019,264352.6719,2802.637757
4063,2016,CA,CDF,KNOXVILLE,2016-08-09,2016-08-10,14,1,1.0,40.80448,2010-2019,271516.9102,3368.152824
4064,2016,CA,CDF,ENCINAL,2016-05-17,2016-05-17,10,1,1.0,40.79063,2010-2019,256798.8359,4090.33121
4065,2016,CA,CCO,SAGE,2016-12-20,2016-12-21,2,1,1.0,40.23864,2010-2019,238834.2773,3491.141178
4066,2016,CA,CDF,BOYS,2016-09-11,2016-09-11,2,1,1.0,40.22325,2010-2019,266590.6758,3523.232792
4067,2016,CA,CDF,MINA,2016-08-30,2016-08-30,2,6,1.0,39.61155,2010-2019,273200.2813,2207.373582
4068,2016,CA,CDF,SPRING,2016-05-27,2016-05-27,5,1,1.0,38.9959,2010-2019,248501.2422,1907.961149
4069,2016,CA,USF,PHOENIX,2016-09-07,2016-09-10,4,6,1.0,37.9589,2010-2019,257410.2031,2707.474645
4070,2016,CA,CDF,SANTA,2016-06-07,2016-06-08,2,1,1.0,37.4994,2010-2019,237437.875,2404.710044
4071,2016,CA,USF,BASIN,2016-08-15,2016-08-16,9,4,1.0,36.23268,2010-2019,214711.2734,3419.592958
4072,2016,CA,CDF,EVERGREEN 2,2016-08-28,2016-08-28,7,1,1.0,36.15097,2010-2019,211618.1016,3832.568366
4073,2016,CA,FWS,REFUGE,2016-05-29,2016-05-30,5,4,1.0,35.20172,2010-2019,216743.9297,3985.480491
4074,2016,CA,CDF,STAGECOACH,2016-07-12,2016-07-18,14,1,1.0,34.95294,2010-2019,227941.0078,2531.140635
4075,2016,CA,CDF,GOPHER 7,2016-08-08,2016-08-14,14,1,1.0,34.47683,2010-2019,199941.8945,2761.996677
4076,2016,CA,CDF,CAMPO,2016-06-27,2016-06-30,14,1,1.0,33.72674,2010-2019,221395.8281,2468.653085
4077,2016,CA,CDF,KENNEDY,2016-05-29,2016-06-02,10,1,1.0,33.58725,2010-2019,218150.1992,2252.975343
4078,2016,CA,CDF,O'DONOVAN,2016-04-17,2016-04-17,14,1,1.0,33.58666,2010-2019,205293.7813,2387.632666
4079,2016,CA,CDF,CLAY,2016-06-03,2016-06-03,2,1,1.0,31.77724,2010-2019,209147.6367,1895.357004
4080,2016,CA,USF,SPUNKY,2016-07-28,2016-07-28,2,6,1.0,30.64844,2010-2019,183424.8398,2484.074489
4081,2016,CA,CDF,BLUFF,2016-07-18,2016-07-18,2,1,1.0,30.23294,2010-2019,182837.7656,2870.756557
4082,2016,CA,CCO,CEMENT,2016-04-29,2016-04-29,5,1,1.0,30.11751,2010-2019,181025.8906,2826.029142
4083,2016,CA,CDF,GOPHER 10,2016-11-13,2016-11-16,14,1,1.0,29.30604,2010-2019,170055.6367,1664.833036
4084,2016,CA,CDF,MOFFETT,2016-09-12,2016-09-13,8,1,1.0,29.21753,2010-2019,211792.9375,2132.366289
4085,2016,CA,CDF,CHUCK,2016-05-27,2016-05-28,2,1,1.0,29.17671,2010-2019,196567.207,1818.848311
4086,2016,CA,CCO,SESNON,2016-10-18,2016-10-19,14,7,1.0,28.68535,2010-2019,170549.9414,2086.96003
4087,2016,CA,CCO,NEWHALL ,2016-04-15,2016-04-15,11,1,1.0,28.31304,2010-2019,168912.8594,4723.164381
4088,2016,CA,CDF,DOCKERY,2016-07-30,2016-08-17,10,1,1.0,27.96325,2010-2019,195487.3242,3489.687947
4089,2016,CA,CDF,BAILEY,2016-07-19,2016-07-20,6,1,1.0,27.59345,2010-2019,202165.082,3602.890807
4090,2016,CA,BLM,DUTCH,2016-06-18,2016-06-18,14,1,1.0,27.00847,2010-2019,165958.5313,2152.186227
4091,2016,CA,CDF,HUNT,2016-06-02,2016-06-03,2,1,1.0,26.52328,2010-2019,173402.707,2232.510025
4093,2016,CA,CDF,RIDGE,2016-09-16,2016-09-16,2,1,1.0,26.22033,2010-2019,181587.2617,2413.809768
4094,2016,CA,USF,MEADOW,2016-05-20,2016-07-13,1,1,1.0,25.99504,2010-2019,185940.6641,2613.028167
4095,2016,CA,USF,ALDER,2016-08-06,2016-08-11,9,4,1.0,24.99905,2010-2019,166587.2656,2027.114257
4096,2016,CA,CDF,STAFFORD,2016-08-14,2016-08-15,14,1,1.0,24.02523,2010-2019,168134.8906,3024.842177
4097,2016,CA,CDF,AUBURN,2016-09-17,2016-09-17,7,1,1.0,23.93883,2010-2019,161558.8398,2967.115248
4098,2016,CA,CDF,TOPAZ,2016-05-15,2016-05-15,11,1,1.0,23.76394,2010-2019,145002.4297,2013.483326
4099,2016,CA,USF,SACRED,2016-04-05,2016-04-08,5,4,1.0,23.26216,2010-2019,158645.0352,3579.839645
4100,2016,CA,CDF,PERRICONE,2016-08-15,2016-08-15,9,1,1.0,23.1701,2010-2019,150756.875,2367.181329
4101,2016,CA,CDF,WALDO2,2016-08-10,2016-08-10,14,1,1.0,23.1382,2010-2019,155845.2695,1716.006419
4102,2016,CA,CDF,WALDO,2016-07-06,2016-07-06,9,1,1.0,23.13769,2010-2019,155841.8711,1712.458081
4103,2016,CA,CDF,TABLE,2016-07-21,2016-07-26,14,1,1.0,23.06367,2010-2019,167655.6836,1922.413535
4104,2016,CA,CDF,HAMMONTON,2016-09-07,2016-09-09,14,1,1.0,22.9618,2010-2019,154914.375,1894.249364
4105,2016,CA,CDF,JOHNSON,2016-08-03,2016-08-06,2,1,1.0,22.94097,2010-2019,164603.1641,1979.533683
4107,2016,CA,DOD,SAN MATEO CAMPGROUND,2016-06-18,2016-06-18,16,1,1.0,22.8214,2010-2019,133053.8789,1574.847591
4108,2016,CA,CDF,CHICKEN,2016-03-01,2016-03-01,7,1,1.0,22.82077,2010-2019,153438.7109,2074.797624
4109,2016,CA,CDF,HOYA,2016-08-15,2016-08-15,2,1,1.0,22.55443,2010-2019,148311.668,2677.923068
4110,2016,CA,USF,NELSON,2016-06-28,2016-08-18,9,6,1.0,22.11632,2010-2019,151450.4922,2151.485375
4111,2016,CA,CDF,NORTH BRANCH,2016-07-29,2016-07-29,14,1,1.0,21.99016,2010-2019,147489.3555,2106.878484
4112,2016,CA,CDF,SUMMIT,2016-08-13,2016-08-18,14,1,1.0,20.42371,2010-2019,145258.8086,1682.510577
4113,2016,CA,CDF,MOCKINGBIRD,2016-08-30,2016-08-30,7,1,1.0,19.84989,2010-2019,133731.5273,1880.488537
4114,2016,CA,USF,MURKEN,2016-07-31,2016-08-01,9,4,1.0,19.84307,2010-2019,140578.3984,1798.094813
4115,2016,CA,CCO,CAT,2016-06-27,2016-06-27,11,1,1.0,19.74437,2010-2019,118762.8945,1632.584909
4116,2016,CA,CDF,DORSEY,2016-06-04,2016-06-04,2,1,1.0,19.64367,2010-2019,127726.957,1461.214953
4117,2016,CA,CCO,CANYON,2016-09-12,2016-09-12,10,1,1.0,19.58816,2010-2019,114615.2734,2142.664114
4118,2016,CA,CCO,RANCHO,2016-07-11,2016-07-11,14,1,1.0,19.58136,2010-2019,116052.6914,1541.703322
4119,2016,CA,USF,BURRO,2016-06-18,2016-06-18,9,6,1.0,19.1158,2010-2019,113494.4688,1650.684064
4120,2016,CA,CCO,TORTOISE,2016-06-03,2016-06-03,14,1,1.0,19.04916,2010-2019,111302.2578,1522.276596
4121,2016,CA,CDF,JOLON,2016-05-21,2016-05-21,10,6,1.0,18.68292,2010-2019,115351.1445,1431.155114
4122,2016,CA,CDF,ELK,2016-05-28,2016-05-28,14,1,1.0,18.45115,2010-2019,112551.0547,1552.272791
4123,2016,CA,CDF,ARMSTRONG,2016-06-24,2016-06-24,10,1,1.0,18.33353,2010-2019,116279.6836,2163.553899
4124,2016,CA,CDF,BARRETT 3,2016-07-03,2016-07-04,10,1,1.0,18.08314,2010-2019,103448.4688,2200.570875
4125,2016,CA,CDF,LAKESIDE,2016-07-24,2016-07-25,14,1,1.0,18.04981,2010-2019,103951.375,1622.807427
4126,2016,CA,CDF,WILLOW,2016-08-30,2016-08-30,10,1,1.0,18.02715,2010-2019,118951.0938,1787.421599
4127,2016,CA,CCO,BAR,2016-08-24,2016-08-24,14,1,1.0,17.84402,2010-2019,106501.25,1774.630395
4128,2016,CA,CDF,BUCKSKIN,2016-06-28,2016-06-28,14,1,1.0,17.56361,2010-2019,114579.3203,1841.379332
4129,2016,CA,CDF,HILLCREST,2016-06-17,2016-06-17,14,1,1.0,17.34528,2010-2019,114921.9805,2503.700942
4130,2016,CA,USF,KEN,2016-09-03,2016-09-04,9,4,1.0,17.31615,2010-2019,102802.6133,1870.999981
4131,2016,CA,CDF,ROCK 2,2016-07-22,2016-07-25,10,1,1.0,17.28249,2010-2019,99711.61328,2534.018594
4132,2016,CA,CDF,DOUGLAS,2016-06-11,2016-06-11,14,1,1.0,17.13174,2010-2019,116019.1211,1572.63388
4133,2016,CA,CDF,BREWER,2016-09-17,2016-09-17,14,1,1.0,16.63643,2010-2019,111052.3672,1386.484846
4134,2016,CA,BLM,ROSAMOND,2016-04-18,2016-04-18,9,1,1.0,16.50752,2010-2019,99693.625,1974.65735
4135,2016,CA,CDF,SPRING,2016-07-15,2016-07-15,9,1,1.0,16.44187,2010-2019,114827.2383,1540.289639
4136,2016,CA,CDF,JUAN,2016-04-29,2016-04-29,14,2,1.0,16.24882,2010-2019,99639.06641,1616.998582
4137,2016,CA,USF,BOREL,2016-06-12,2016-06-12,9,4,1.0,16.03194,2010-2019,98327.94141,1563.99697
4138,2016,CA,USF,WILSON,2016-08-03,2016-08-08,9,6,1.0,15.97391,2010-2019,104443.7383,1740.177022
4139,2016,CA,CDF,PALLADAY,2016-05-31,2016-05-31,7,1,1.0,15.76136,2010-2019,104999.7422,2078.690851
4140,2016,CA,CDF,BUCKSKIN,2016-06-10,2016-06-11,9,1,1.0,15.19233,2010-2019,99630.07031,1409.168983
4141,2016,CA,CDF,STONY,2016-07-02,2016-07-02,9,1,1.0,15.1272,2010-2019,99556.48828,1885.828276
4142,2016,CA,CDF,HIDDEN,2016-06-03,2016-06-04,10,1,1.0,15.08755,2010-2019,95394.30859,1551.992143
4143,2016,CA,USF,DILLON,2016-06-07,2016-06-08,1,3,1.0,14.82835,2010-2019,107443.6328,2032.371186
4144,2016,CA,CDF,CALPINE,2016-06-26,2016-06-26,14,1,1.0,14.54146,2010-2019,97050.27344,1933.442955
4145,2016,CA,CDF,OIL WELL,2016-09-28,2016-09-28,10,6,1.0,14.52854,2010-2019,98795.07031,1207.777799
4146,2016,CA,CCO,UNNAMED FIRE,2016-07-03,2016-07-03,14,1,1.0,14.09687,2010-2019,85347.13281,1757.861396
4147,2016,CA,BLM,TRONA,2016-10-11,2016-10-11,9,1,1.0,14.04977,2010-2019,85785.07031,1872.400961
4148,2016,CA,CCO,REATA ,2016-07-11,2016-07-11,2,1,1.0,14.00695,2010-2019,81777.28906,2010.579492
4149,2016,CA,CDF,SUNSET,2016-10-01,2016-10-01,9,1,1.0,13.91478,2010-2019,92880.23828,1337.713433
4150,2016,CA,CDF,TELEGRAPH,2016-06-01,2016-06-02,9,1,1.0,13.83262,2010-2019,90120.65625,1539.446835
4151,2016,CA,USF,EAST,2016-07-21,2016-07-23,9,4,1.0,13.59303,2010-2019,80857.69531,1138.477445
4152,2016,CA,CDF,VISTA,2016-09-30,2016-09-30,14,1,1.0,13.17779,2010-2019,88379.8125,1479.808586
4153,2016,CA,CDF,MIDDLE,2016-07-11,2016-07-11,14,1,1.0,12.6378,2010-2019,83225.54688,1211.907593
4154,2016,CA,CCO,BARNES,2016-07-19,2016-07-19,3,1,1.0,12.63156,2010-2019,75950.89063,2185.102678
4155,2016,CA,USF,GILMAN,2016-09-15,2016-10-01,7,1,1.0,12.53284,2010-2019,88631.27734,1446.258322
4156,2016,CA,USF,PLEASANT,2016-09-05,2016-09-09,9,6,1.0,12.44053,2010-2019,74117.17578,2009.343891
4157,2016,CA,FWS,PIXLEY,2016-06-28,2016-06-28,14,1,1.0,12.43011,2010-2019,76855.8125,1470.976512
4158,2016,CA,USF,LEMM,2016-08-08,2016-08-10,4,4,1.0,12.20266,2010-2019,84731.19922,1981.58302
4159,2016,CA,CCO,ROCKY,2016-05-29,2016-05-29,14,1,1.0,11.64292,2010-2019,70518.92578,1433.013997
4160,2016,CA,CDF,ADELAIDA,2016-06-02,2016-06-02,11,1,1.0,11.62074,2010-2019,71367.33984,2122.789851
4161,2016,CA,NPS,MULHOLLAND,2016-02-25,2016-02-28,14,8,1.0,11.32529,2010-2019,66987.19531,1248.136087
4162,2016,CA,CCO,EDISON,2016-05-12,2016-05-13,14,1,1.0,11.22847,2010-2019,66770.14063,1387.733544
4163,2016,CA,CDF,HILL,2016-06-07,2016-06-07,2,1,1.0,11.07438,2010-2019,74523.52344,2042.405135
4164,2016,CA,CDF,CANYON,2016-08-09,2016-08-09,14,1,1.0,10.9326,2010-2019,73169.19141,1323.8428
4165,2016,CA,CDF,GREEN,2016-07-15,2016-07-15,2,1,1.0,10.82032,2010-2019,66246.82422,1151.699215
4166,2016,CA,CDF,TWENTY,2016-08-21,2016-08-21,7,1,1.0,10.67643,2010-2019,71764.92188,1279.106933
4167,2016,CA,CCO,COW CAMP,2016-08-29,2016-08-29,14,4,1.0,10.5507,2010-2019,61602.33594,1342.841243
4168,2016,CA,CDF,BEALE,2016-06-28,2016-06-28,7,1,1.0,10.51669,2010-2019,70784.42578,1600.817832
4169,2016,CA,CDF,WOLF,2016-07-23,2016-07-23,14,1,1.0,10.5098,2010-2019,61850.32422,1565.22901
4170,2016,CA,BLM,GREAT,2016-05-13,2016-05-14,4,1,1.0,10.49422,2010-2019,64788.69141,1803.336878
4171,2016,CA,CDF,RIVER,2016-06-26,2016-06-26,9,1,1.0,10.44662,2010-2019,64204.94922,1220.424837
4172,2016,CA,LRA,CHECKPOINT,2016-07-18,2016-07-18,14,1,1.0,10.14399,2010-2019,59145.94922,1958.628494
4173,2016,CA,BLM,CEDAR,2016-07-08,2016-07-08,9,1,1.0,9.225642,2010-2019,52821.94531,1091.174284
4174,2016,CA,CCO,OAK,2016-08-05,2016-08-05,14,1,1.0,8.100562,2010-2019,48348.55859,1231.571102
4175,2016,CA,CCO,SODA,2016-07-22,2016-07-22,14,1,1.0,7.921784,2010-2019,47814.02344,1177.663545
4176,2016,CA,CDF,PANTHER,2016-08-03,2016-08-03,9,1,1.0,7.84517,2010-2019,54552.30078,1215.205406
4177,2016,CA,CCO,CALGROVE,2016-09-20,2016-09-20,14,1,1.0,7.824634,2010-2019,46573.90234,1191.895026
4178,2016,CA,CDF,YOSEMITE,2016-07-03,2016-07-04,4,1,1.0,7.713567,2010-2019,49899.07031,1539.996482
4179,2016,CA,CCO,WAYSIDE,2016-06-09,2016-06-09,14,1,1.0,7.189027,2010-2019,42892.74219,1121.68104
4180,2016,CA,CDF,WALEGRA,2016-09-30,2016-09-30,10,1,1.0,6.547729,2010-2019,43625.94531,942.5259455
4181,2016,CA,FWS,I-5,2016-07-02,2016-07-02,10,7,1.0,5.979567,2010-2019,39401.0,1926.824357
4182,2016,CA,CCO,TRAIL,2016-08-24,2016-08-24,14,1,1.0,5.662165,2010-2019,34424.96484,1498.785039
4183,2016,CA,CCO,ROCKY,2016-06-02,2016-06-02,14,1,1.0,5.227636,2010-2019,31055.28125,942.6702363
4184,2016,CA,CCO,LIBERTY,2016-12-29,2016-12-29,14,7,1.0,4.798984,2010-2019,28409.38672,1044.934217
4185,2016,CA,CCO,DALE,2016-05-28,2016-05-28,14,7,1.0,4.628255,2010-2019,27654.86328,1288.199717
4186,2016,CA,LRA,VALLEY CIRCLE,2016-06-04,2016-06-04,14,1,1.0,4.491797,2010-2019,26631.38672,964.046438
4187,2016,CA,CCO,GORMAN,2016-09-02,2016-09-02,14,1,1.0,4.489233,2010-2019,27000.59766,786.713144
4188,2016,CA,CCO,RIDGE,2016-11-19,2016-11-19,10,7,1.0,4.446684,2010-2019,26581.14453,1093.575172
4189,2016,CA,CCO,GRANITE,2016-06-06,2016-06-06,14,1,1.0,4.356924,2010-2019,26680.25781,731.1727577
4190,2016,CA,CCO,SOLEDAD ,2016-09-25,2016-09-25,14,7,1.0,3.725425,2010-2019,22215.41406,1494.37565
4191,2016,CA,USF,BURNT,2016-08-02,2016-08-05,14,8,1.0,3.647684,2010-2019,25822.69922,619.6557207
4192,2016,CA,CCO,DUMP,2016-08-04,2016-08-04,14,1,1.0,3.463308,2010-2019,21095.21875,940.3567481
4193,2016,CA,CCO,SYCAMORE,2016-07-12,2016-07-12,14,1,1.0,3.283275,2010-2019,19571.50391,1095.152905
4194,2016,CA,LRA,CAMINO,2016-08-05,2016-08-05,5,1,1.0,3.267356,2010-2019,22600.74219,661.3883668
4195,2016,CA,CCO,LARGO,2016-03-31,2016-03-31,14,1,1.0,3.214312,2010-2019,19141.02344,724.7676115
4196,2016,CA,CCO,VIEW,2016-08-09,2016-08-09,14,1,1.0,2.934704,2010-2019,17857.59766,642.9775195
4197,2016,CA,CCO,CARBINE,2016-06-05,2016-06-05,14,1,1.0,2.911362,2010-2019,17612.82813,610.4897962
4198,2016,CA,LRA,DIAMOND,2016-07-01,2016-07-01,4,1,1.0,2.858218,2010-2019,19823.19141,810.6711117
4199,2016,CA,CCO,BODFISH,2016-07-06,2016-07-06,14,1,1.0,2.665767,2010-2019,16225.39063,904.0405535
4200,2016,CA,CDF,SIESTA,2016-07-21,2016-07-21,14,1,1.0,2.664976,2010-2019,18539.78516,529.1881932
4201,2016,CA,CDF,COPCO,2016-07-06,2016-07-09,5,8,1.0,2.379949,2010-2019,17407.73047,914.7446519
4202,2016,CA,CDF,TEDOC,2016-04-17,2016-04-17,5,1,1.0,2.379422,2010-2019,16580.42188,771.3724082
4203,2016,CA,CDF,EVERGREEN 1,2016-07-16,2016-07-16,14,1,1.0,2.376094,2010-2019,13909.76563,615.9778353
4204,2016,CA,CCO,TUNNEL,2016-08-09,2016-08-09,14,1,1.0,2.341895,2010-2019,14243.35938,690.1025686
4205,2016,CA,CCO,CRESTVIEW,2016-02-07,2016-02-07,14,1,1.0,2.033847,2010-2019,12071.73438,734.838038
4206,2016,CA,CCO,CAMBRIDGE,2016-05-21,2016-05-21,14,1,1.0,1.891458,2010-2019,11244.90625,565.1314341
4207,2016,CA,CDF,OAK,2016-09-22,2016-09-22,11,1,1.0,1.874882,2010-2019,13029.70313,508.1935252
4208,2016,CA,CDF,RED,2016-09-17,2016-09-17,5,1,1.0,1.854401,2010-2019,12838.35938,467.1666773
4209,2016,CA,CCO,HARTINC,2016-06-15,2016-06-15,14,1,1.0,1.729471,2010-2019,10567.49609,490.5501803
4210,2016,CA,FWS,PIXLEY 2,2016-07-12,2016-07-12,14,1,1.0,1.622861,2010-2019,10033.22266,480.6623767
4211,2016,CA,CCO,BEALE,2016-05-15,2016-05-15,14,1,1.0,1.616614,2010-2019,9839.222656,621.9732268
4212,2016,CA,FWS,PACKER,2016-07-09,2016-07-09,18,4,1.0,1.597577,2010-2019,10853.49609,523.7984546
4213,2016,CA,BLM,HILLS,2016-04-28,2016-04-29,1,1,1.0,1.535221,2010-2019,9326.128906,521.062639
4214,2016,CA,NPS,WASTEWATER,2016-06-27,2016-06-27,14,8,1.0,1.471234,2010-2019,9487.363281,397.9107154
4215,2016,CA,CCO,WESTLAKE ,2016-04-23,2016-04-24,14,1,1.0,1.313691,2010-2019,7777.992188,594.999255
4216,2016,CA,CCO,TUCKER,2016-06-23,2016-06-23,14,1,1.0,1.215325,2010-2019,7367.359375,357.3320054
4217,2016,CA,CCO,KEENE,2016-10-13,2016-10-13,14,1,1.0,1.172981,2010-2019,7127.65625,574.6697455
4218,2016,CA,NPS,COAST,2016-12-02,2016-12-02,14,8,1.0,1.167387,2010-2019,6898.621094,557.0833852
4219,2016,CA,CCO,UNNAMED FIRE,2016-07-19,2016-07-19,14,1,1.0,1.119939,2010-2019,6844.640625,619.9103212
4220,2016,CA,CCO,CROSSROADS,2016-11-10,2016-11-10,2,7,1.0,0.9183477,2010-2019,5424.527344,399.4403446
4221,2016,CA,CCO,RIVER,2016-05-29,2016-05-29,14,1,1.0,0.8538342,2010-2019,5217.429688,462.6230103
4222,2016,CA,CCO,TOPANGA,2016-06-23,2016-06-23,14,1,1.0,0.8112921,2010-2019,4803.226563,431.2260927
4223,2016,CA,CDF,BOGUS,2016-08-10,2016-08-11,9,1,1.0,0.7535534,2010-2019,5514.214844,410.066349
4224,2016,CA,CCO,PT REYES,2016-07-15,2016-07-15,10,1,1.0,0.6960087,2010-2019,4559.117188,540.5607561
4225,2016,CA,CCO,WHEELER,2016-07-05,2016-07-05,2,1,1.0,0.6420608,2010-2019,3824.128906,341.5042395
4226,2016,CA,CCO,NEWELL,2016-11-09,2016-11-09,3,7,1.0,0.5850569,2010-2019,3457.40625,557.1488664
4227,2016,CA,FWS,BURSON,2016-04-01,2016-04-01,2,4,1.0,0.5631544,2010-2019,3360.714844,262.7057695
4228,2016,CA,NPS,PELICAN,2016-07-07,2016-07-07,14,8,1.0,0.4984261,2010-2019,3270.082031,289.1773541
4229,2016,CA,CCO,GRIDLEY,2016-09-13,2016-09-13,15,1,1.0,0.407959,2010-2019,2434.972656,196.3568763
4230,2016,CA,NPS,LUKENS,2016-10-09,2016-10-14,14,8,1.0,0.39621,2010-2019,2575.671875,182.0209034
4231,2016,CA,CDF,AGER,2016-07-13,2016-07-13,5,1,1.0,0.3068862,2010-2019,2243.703125,229.4893402
4232,2016,CA,NPS,DEWEY,2016-09-01,2016-09-01,14,8,1.0,0.2381362,2010-2019,1542.183594,140.822276
4233,2016,CA,CDF,COTTONWOOD,2016-09-26,2016-09-26,14,1,1.0,0.224098,2010-2019,1637.765625,217.2505705
4234,2016,CA,CDF,MCADAMS,2016-05-24,2016-05-24,5,1,1.0,0.2009131,2010-2019,1456.726563,167.3973208
4235,2016,CA,NPS,SWINGING BRIDGE,2016-02-26,2016-02-28,14,8,1.0,0.1589643,2010-2019,1030.433594,115.1144321
4236,2016,CA,CCO,BLUE,2016-07-10,2016-07-10,14,1,1.0,0.1527542,2010-2019,930.3242188,132.2306616
4237,2016,CA,CCO,SPRINGS,2016-08-15,2016-08-15,14,1,1.0,0.1328488,2010-2019,797.890625,110.0169997
4238,2016,CA,CCO,OCEAN,2016-09-15,2016-09-15,14,1,1.0,0.1149633,2010-2019,684.5703125,97.97954318
4239,2016,CA,NPS,POWERLINE,2016-07-24,2016-07-24,14,8,1.0,0.07963286,2010-2019,513.5546875,81.24937972
4240,2016,CA,NPS,TURNER,2016-06-12,2016-07-10,1,8,1.0,0.07961213,2010-2019,513.6796875,81.26031928
4241,2016,CA,NPS,SUMMIT,2016-07-28,2016-07-28,14,8,1.0,0.07949998,2010-2019,514.4101563,81.32775446
4242,2016,CA,NPS,FISSURE,2016-09-24,2016-09-24,14,8,1.0,0.07946587,2010-2019,514.6367188,81.34980931
4243,2016,CA,NPS,POHONO,2016-09-28,2016-09-28,14,8,1.0,0.0794651,2010-2019,514.65625,81.35095217
4244,2016,CA,NPS,TAFT,2016-07-11,2016-07-11,14,8,1.0,0.07946444,2010-2019,514.6640625,81.35196365
4245,2016,CA,NPS,ASH,2016-07-20,2016-07-20,14,8,1.0,0.07946119,2010-2019,514.5820313,81.34535832
4246,2016,CA,NPS,MIST TRAIL,2016-09-13,2016-09-13,14,8,1.0,0.07945358,2010-2019,514.7539063,81.36091379
4247,2016,CA,NPS,BRIDAL,2016-09-23,2016-09-24,14,8,1.0,0.07945204,2010-2019,514.7148438,81.3560785
4248,2016,CA,NPS,WEST,2016-06-17,2016-06-20,14,8,1.0,0.07944325,2010-2019,514.7617188,81.36249616
4249,2016,CA,NPS,EL CAP,2016-06-04,2016-06-05,14,8,1.0,0.07944305,2010-2019,514.7734375,81.36177402
4250,2016,CA,NPS,CURRY,2016-06-21,2016-06-21,14,8,1.0,0.07943536,2010-2019,514.859375,81.37068287
4251,2016,CA,NPS,HAPPY,2016-09-22,2016-09-22,14,8,1.0,0.07943338,2010-2019,514.890625,81.37185666
4252,2016,CA,NPS,LIEDIG,2016-08-06,2016-08-06,14,8,1.0,0.07943292,2010-2019,514.875,81.37039422
4253,2016,CA,NPS,WILDCAT,2016-10-24,2016-10-24,1,8,1.0,0.07943252,2010-2019,514.7773438,81.36200021
4254,2016,CA,NPS,TENAYA,2016-06-08,2016-06-08,1,8,1.0,0.07943067,2010-2019,514.8984375,81.37352065
4255,2016,CA,NPS,CLOUDS REST,2016-07-30,2016-07-31,14,8,1.0,0.07942887,2010-2019,514.953125,81.37757152
4256,2016,CA,NPS,INDIAN CAVES,2016-05-31,2016-05-31,14,8,1.0,0.079427,2010-2019,514.9140625,81.37583386
4257,2016,CA,NPS,LYELL,2016-08-14,2016-08-15,14,8,1.0,0.07941304,2010-2019,515.2109375,81.40040716
4258,2016,CA,NPS,CRANE,2016-06-12,2016-06-12,1,8,1.0,0.07940403,2010-2019,514.8945313,81.37500284
4259,2016,CA,NPS,SNOW CREEK,2016-09-05,2016-09-05,14,8,1.0,0.07939906,2010-2019,515.0976563,81.39397845
4260,2016,CA,NPS,GIN,2016-06-12,2016-06-14,1,8,1.0,0.07938001,2010-2019,515.0898438,81.39077778
4261,2016,CA,NPS,CREEK,2016-06-13,2016-06-13,1,8,1.0,0.07937925,2010-2019,515.0546875,81.38936375
4262,2016,CA,NPS,STAND BY,2016-06-13,2016-06-13,1,8,1.0,0.07937318,2010-2019,515.1015625,81.39284546
4263,2016,CA,NPS,HAZEL,2016-06-13,2016-06-13,1,8,1.0,0.07935333,2010-2019,515.21875,81.40316765
4264,2016,CA,NPS,MAY,2016-09-20,2016-09-21,14,8,1.0,0.07932106,2010-2019,515.6523438,81.44315927
4265,2016,CA,NPS,LIBERTY CANYON,2016-11-05,2016-11-05,14,8,1.0,0.07773458,2010-2019,460.3359375,76.6654215
4266,2016,CA,NPS,INDIAN WELLS,2016-09-29,2016-09-30,14,8,1.0,0.05323388,2010-2019,386.96875,90.33881717
4267,2015,CA,USF,ROUGH,2015-07-31,2015-11-06,1,3,1.0,151546.8,2010-2019,959357207.3,400638.3939
4268,2015,CA,CDF,VALLEY ,2015-09-12,2015-10-06,14,3,1.0,76084.84,2010-2019,507512244.4,308444.1699
4269,2015,CA,CDF,BUTTE,2015-09-09,2015-09-28,14,1,1.0,70846.53,2010-2019,465799219.2,196390.6177
4270,2015,CA,CDF,ROCKY  ,2015-07-29,2015-08-14,9,3,1.0,69438.16,2010-2019,465224922.7,173880.7006
4271,2015,CA,USF,HAPPY,2015-07-30,2015-08-08,1,3,1.0,68095.24,2010-2019,483017056.7,286588.9922
4272,2015,CA,USF,LAKE,2015-06-17,2015-12-31,9,7,1.0,31284.44,2010-2019,185293114.3,158620.2923
4273,2015,CA,CDF,JERUSALEM ,2015-08-09,2015-08-24,14,3,1.0,25118.38,2010-2019,167772667.8,95724.14229
4274,2015,CA,USF,LASSICS,2015-07-30,2015-09-06,1,7,1.0,18192.03,2010-2019,126802166.5,78069.76397
4275,2015,CA,USF,JOHNSON,2015-07-30,2015-10-30,1,3,1.0,17821.11,2010-2019,125135015.8,138905.6245
4276,2015,CA,USF,WASHINGTON,2015-06-19,2015-07-09,1,3,1.0,17779.54,2010-2019,118123207.6,122944.0284
4277,2015,CA,USF,SHIELL,2015-07-30,2015-10-30,1,3,1.0,15390.65,2010-2019,107677333.1,77057.49218
4278,2015,CA,USF,CASTLE,2015-06-23,2015-06-23,4,3,1.0,14253.95,2010-2019,100435993.2,75124.54833
4279,2015,CA,USF,PATTISON,2015-07-30,2015-08-18,1,3,1.0,12916.57,2010-2019,90937981.06,95766.26648
4280,2015,CA,USF,BEAR,2015-07-31,2015-10-31,1,3,1.0,11616.88,2010-2019,84763295.52,82475.40353
4281,2015,CA,USF,PEAK,2015-08-01,2015-10-31,1,3,1.0,11524.46,2010-2019,83446165.3,118811.6433
4283,2015,CA,USF,PICKETT,2015-07-30,2015-09-01,1,7,1.0,11012.8,2010-2019,76839599.05,59672.06081
4284,2015,CA,BLM,DODGE,2015-08-03,2015-08-17,2,2,1.0,10517.52,2010-2019,74691267.21,88223.20337
4285,2015,CA,USF,RAIL,2015-07-30,2015-10-30,1,3,1.0,8669.771,2010-2019,60734381.2,59841.06721
4286,2015,CA,USF,GOBBLER,2015-07-30,2015-09-01,1,7,1.0,8305.019,2010-2019,57921393.32,48021.35721
4287,2015,CA,CDF,WRAGG ,2015-07-22,2015-08-05,10,3,1.0,8049.334,2010-2019,53246628.07,47191.72611
4288,2015,CA,USF,NICKOWITZ,2015-08-01,2015-11-02,1,7,1.0,7576.045,2010-2019,54625121.8,69756.99139
4289,2015,CA,USF,CABIN SEQ,2015-07-19,2015-11-23,1,3,1.0,6996.186,2010-2019,43633457.42,62918.38254
4290,2015,CA,USF,GROVES,2015-07-30,2015-10-30,1,3,1.0,6803.031,2010-2019,48331210.54,70132.62879
4291,2015,CA,CDF,ROUND,2015-02-07,2015-02-09,9,2,1.0,6537.519,2010-2019,42097390.06,36854.36612
4292,2015,CA,USF,PEAK,2015-07-30,2015-10-30,1,3,1.0,6273.949,2010-2019,43953657.78,32308.1875
4293,2015,CA,USF,WILLOW,2015-07-25,2015-08-20,8,3,1.0,5701.341,2010-2019,36505304.75,47458.76028
4294,2015,CA,USF,COON,2015-08-01,2015-10-31,1,7,1.0,5682.627,2010-2019,41361446.2,42684.30091
4295,2015,CA,USF,FROG,2015-07-30,2015-08-07,1,8,1.0,4862.165,2010-2019,35013811.39,48072.97694
4296,2015,CA,USF,NORTH,2015-07-17,2015-07-17,9,7,1.0,4249.093,2010-2019,25303227.87,35305.30242
4297,2015,CA,USF,PELLETREAU,2015-07-30,2015-10-09,1,3,1.0,4109.539,2010-2019,28862979.84,39233.40441
4298,2015,CA,USF,WALKER,2015-08-14,2015-10-31,9,8,,3815.886,2010-2019,24841901.28,41194.16323
4299,2015,CA,USF,DOG,2015-07-30,2015-10-05,1,3,1.0,3276.482,2010-2019,23042388.09,32863.0463
4300,2015,CA,CDF,TESLA,2015-08-19,2015-09-01,14,8,1.0,2989.925,2010-2019,19326863.25,22864.20204
4301,2015,CA,USF,BLUE,2015-07-30,2015-10-30,1,3,1.0,2828.028,2010-2019,19752109.98,28827.10958
4302,2015,CA,CDF,CUESTA,2015-08-16,2015-08-28,10,7,1.0,2445.945,2010-2019,14914048.46,25888.24555
4303,2015,CA,CDF,LOWELL,2015-07-25,2015-08-12,14,8,1.0,2315.63,2010-2019,15630796.29,29465.09509
4304,2015,CA,CDF,PARKHILL,2015-06-20,2015-06-24,10,7,1.0,1812.315,2010-2019,11053882.13,19470.46786
4305,2015,CA,CDF,PINE 1-44,2015-07-30,2015-09-08,1,7,1.0,1773.247,2010-2019,12343897.11,19537.7185
4306,2015,CA,CDF,MCCABE,2015-07-18,2015-07-22,1,1,1.0,1728.974,2010-2019,11035592.89,23990.88767
4307,2015,CA,USF,SADDLE,2015-06-09,2015-10-30,1,3,1.0,1542.967,2010-2019,10870232.09,29116.10469
4308,2015,CA,USF,EAST,2015-07-30,2015-10-30,1,3,1.0,1530.955,2010-2019,10884413.05,20052.25717
4309,2015,CA,USF,CABIN,2015-08-14,2015-09-02,9,7,1.0,1461.844,2010-2019,8683461.168,14790.78108
4310,2015,CA,USF,BUCK,2015-07-30,2015-08-12,1,7,1.0,1420.48,2010-2019,9934603.836,18027.94627
4311,2015,CA,CDF,STEELHEAD 1-54,2015-07-30,2015-09-08,1,7,1.0,1403.444,2010-2019,9742917.191,16924.28871
4312,2015,CA,CCO,SOLIMAR,2015-12-25,2015-12-29,11,7,1.0,1287.388,2010-2019,7653715.906,15989.25205
4313,2015,CA,CDF,TASSAJARA,2015-09-19,2015-09-29,7,1,1.0,1075.519,2010-2019,6729886.148,13666.51693
4314,2015,CA,CDF,HIGHWAY,2015-04-18,2015-04-24,4,1,1.0,1048.689,2010-2019,6176964.891,17231.84632
4315,2015,CA,CDF,LUMPKIN,2015-09-11,2015-09-21,7,1,1.0,1045.756,2010-2019,7122617.582,13840.78604
4316,2015,CA,CDF,CORRINE,2015-06-18,2015-06-24,11,1,1.0,921.6489,2010-2019,5886160.02,16519.54081
4317,2015,CA,CDF,MERIDIAN,2015-10-13,2015-10-13,2,1,1.0,901.9863,2010-2019,6204505.527,18785.07617
4318,2015,CA,USF,FEEDER,2015-08-02,2015-09-05,1,3,1.0,897.9925,2010-2019,6501341.555,12456.41004
4319,2015,CA,CDF,DOBBYN 1-57,2015-07-30,2015-09-08,1,7,1.0,787.353,2010-2019,5470954.957,12196.08067
4320,2015,CA,USF,DYER,2015-07-30,2015-08-06,1,3,1.0,757.9618,2010-2019,5370269.344,12227.70703
4321,2015,CA,CDF,CIENEGA,2015-10-12,2015-10-16,11,1,1.0,686.7833,2010-2019,4330657.422,12370.88909
4322,2015,CA,USF,CLARK,2015-07-30,2015-08-05,1,3,1.0,675.5582,2010-2019,4761981.895,12728.478
4323,2015,CA,USF,ELK,2015-09-02,2015-09-08,2,2,1.0,670.2086,2010-2019,4525391.758,12964.00667
4324,2015,CA,USF,CASTLE 1,2015-07-30,2015-10-30,1,7,1.0,662.1591,2010-2019,4670668.277,14311.82183
4325,2015,CA,LRA,LOCUST,2015-07-27,2015-07-27,7,6,1.0,644.1685,2010-2019,4290832.453,9246.434984
4326,2015,CA,USF,SUMMIT,2015-08-02,2015-09-05,1,3,1.0,639.9178,2010-2019,4632539.324,17760.98326
4327,2015,CA,CDF,ANZA,2015-08-10,2015-08-15,10,1,1.0,543.5366,2010-2019,3177103.961,12392.59049
4328,2015,CA,USF,VAN DYKE,2015-02-06,2015-02-13,14,7,1.0,512.4335,2010-2019,3365602.559,21658.74678
4329,2015,CA,USF,KERLIN,2015-07-30,2015-10-10,1,3,1.0,500.9492,2010-2019,3521063.941,13457.76461
4330,2015,CA,USF,SKY,2015-06-18,2015-06-21,2,3,1.0,498.9207,2010-2019,3204609.426,11505.12061
4331,2015,CA,CDF,TRIPLE,2015-07-21,2015-07-21,1,6,1.0,427.9607,2010-2019,2655452.035,6766.632465
4332,2015,CA,CCO,POPPY,2015-06-05,2015-06-06,14,1,1.0,410.6794,2010-2019,2465704.941,18023.01129
4333,2015,CA,NPS,TENAYA,2015-07-09,2015-09-15,1,1,1.0,408.9148,2010-2019,2653442.766,12007.24576
4334,2015,CA,USF,OLSEN,2015-07-30,2015-08-13,1,3,1.0,400.2011,2010-2019,2823112.512,10687.01086
4335,2015,CA,CDF,YORK,2015-07-04,2015-07-04,1,1,1.0,398.4229,2010-2019,2905824.316,7834.841643
4336,2015,CA,CDF,SWEDES,2015-07-25,2015-08-16,7,1,1.0,390.0219,2010-2019,2649444.516,9462.063383
4337,2015,CA,USF,ROAD,2015-07-30,2015-08-07,1,3,1.0,378.9736,2010-2019,2688488.113,11129.92229
4338,2015,CA,CCO,CALGROVE,2015-06-24,2015-06-26,14,1,1.0,364.396,2010-2019,2169098.633,11030.39694
4339,2015,CA,CDF,IONE,2015-07-02,2015-07-02,7,1,1.0,357.5903,2010-2019,2363204.539,10146.21595
4340,2015,CA,NPS,MIDDLE,2015-07-27,2015-11-08,1,1,1.0,324.7684,2010-2019,2111632.992,7546.475561
4341,2015,CA,CDF,BLOCKSBURG 1-58,2015-07-30,2015-09-08,1,7,1.0,283.831,2010-2019,1974786.797,7082.753023
4342,2015,CA,CDF,WILDCAT 1-51,2015-07-30,2015-09-08,1,7,1.0,283.2199,2010-2019,1968730.211,7774.372775
4343,2015,CA,USF,CHORRO,2015-08-02,2015-08-11,2,1,1.0,273.8199,2010-2019,1639548.449,9996.465338
4344,2015,CA,USF,WARM,2015-08-16,2015-08-18,7,1,1.0,270.0217,2010-2019,1616915.996,7067.118805
4345,2015,CA,NPS,BIG FIVE,2015-06-17,2015-11-02,1,1,1.0,264.5698,2010-2019,1659212.762,7608.296274
4346,2015,CA,USF,TIERNEY,2015-07-30,2015-08-12,1,7,1.0,247.8912,2010-2019,1734407.391,10152.83793
4347,2015,CA,USF,YORK,2015-07-30,2015-08-30,1,3,1.0,243.6706,2010-2019,1720757.41,9261.477714
4348,2015,CA,CCO,LINCOLN,2015-08-16,2015-08-16,14,7,1.0,234.188,2010-2019,1383358.328,10568.46128
4349,2015,CA,CDF,PACHECO,2015-09-09,2015-09-13,10,1,1.0,217.7269,2010-2019,1386256.574,5182.128957
4350,2015,CA,CCO,241,2015-07-13,2015-07-14,2,7,1.0,213.5105,2010-2019,1253606.398,8216.998215
4351,2015,CA,CCO,MESA,2015-06-29,2015-06-30,8,1,1.0,210.8346,2010-2019,1264986.68,7612.10964
4352,2015,CA,USF,STEPHENS,2015-02-24,2015-03-03,5,1,1.0,209.6283,2010-2019,1512863.09,7864.482821
4353,2015,CA,CDF,BIG CREEK,2015-07-29,2015-09-09,5,1,1.0,204.3927,2010-2019,1327614.332,7272.246367
4354,2015,CA,CDF,BLUFORD 1-55,2015-07-30,2015-09-08,1,7,1.0,202.7018,2010-2019,1409107.871,6993.328623
4355,2015,CA,CCO,RUSTIC,2015-08-14,2015-08-16,14,2,1.0,186.1511,2010-2019,1104743.648,5366.291035
4356,2015,CA,LRA,MERWIN,2015-07-01,2015-07-04,14,2,1.0,181.437,2010-2019,1068680.891,4553.779691
4357,2015,CA,CDF,CHINA,2015-07-29,2015-07-29,2,1,1.0,175.0157,2010-2019,1226232.73,5697.73532
4358,2015,CA,USF,PINES,2015-07-17,2015-07-20,9,1,1.0,174.9406,2010-2019,1042051.016,8274.612805
4359,2015,CA,USF,MINERS,2015-07-30,2015-08-18,1,3,1.0,173.9841,2010-2019,1226690.734,4894.127863
4360,2015,CA,CDF,WILDCAT,2015-06-17,2015-06-18,14,1,1.0,170.9495,2010-2019,985359.2656,7523.209203
4361,2015,CA,CCO,RIVER,2015-06-22,2015-06-24,1,1,1.0,164.7058,2010-2019,980028.4961,9437.593749
4362,2015,CA,CDF,BLACK,2015-07-04,2015-07-04,14,1,1.0,163.283,2010-2019,1122235.199,8049.544061
4363,2015,CA,NPS,BURNT,2015-10-20,2015-11-13,1,1,1.0,160.7299,2010-2019,1020165.816,4016.190025
4364,2015,CA,USF,CHANCE,2015-07-30,2015-10-30,1,7,1.0,160.0666,2010-2019,1127279.395,9643.047286
4365,2015,CA,CDF,QUEEN,2015-07-25,2015-08-01,7,1,1.0,159.3774,2010-2019,1145889.824,12818.04503
4366,2015,CA,USF,CUTCA,2015-07-16,2015-08-01,1,1,1.0,150.418,2010-2019,875390.6367,5785.367871
4367,2015,CA,CDF,WINCHESTER 1-47,2015-07-30,2015-09-08,1,7,1.0,147.2519,2010-2019,1022303.43,4218.601473
4368,2015,CA,CDF,HORSE,2015-08-18,2015-10-01,14,7,1.0,145.9043,2010-2019,1010851.988,7236.400232
4369,2015,CA,CDF,COOK,2015-06-18,2015-06-24,18,1,1.0,139.9756,2010-2019,947365.9258,5791.544024
4370,2015,CA,CDF,PETERSON ,2015-08-22,2015-08-27,2,1,1.0,138.7429,2010-2019,928821.5117,4626.707785
4371,2015,CA,CDF,CREEK,2015-09-09,2015-09-12,14,3,1.0,137.3257,2010-2019,865965.2344,4933.130867
4372,2015,CA,CDF,RED,2015-06-21,2015-06-24,5,1,1.0,134.0251,2010-2019,853604.1992,4942.30908
4373,2015,CA,USF,WARD,2015-04-14,2015-04-18,14,6,1.0,129.2855,2010-2019,893879.6367,7500.261723
4374,2015,CA,USF,PANTHER,2015-07-30,2015-08-09,1,3,1.0,128.691,2010-2019,912729.7852,5568.163702
4375,2015,CA,CDF,DEMOCRAT,2015-08-25,2015-08-25,14,1,1.0,123.6968,2010-2019,872307.9375,6004.867444
4376,2015,CA,USF,STERLING,2015-06-25,2015-06-28,9,1,1.0,118.0251,2010-2019,699385.8555,5616.444746
4377,2015,CA,CDF,CLUB,2015-04-02,2015-04-25,5,5,1.0,111.9445,2010-2019,754799.1172,3713.366034
4378,2015,CA,BLM,SHINN,2015-06-30,2015-07-06,1,1,1.0,110.8015,2010-2019,780114.3789,4351.936418
4379,2015,CA,CDF,OAK FLAT,2015-09-08,2015-09-15,14,8,1.0,107.9033,2010-2019,705234.0977,4058.89786
4380,2015,CA,USF,DEER,2015-08-01,2015-08-10,1,1,1.0,97.55208,2010-2019,659722.168,3885.231259
4381,2015,CA,CDF,36,2015-08-08,2015-08-10,11,1,1.0,97.43904,2010-2019,679583.1406,4419.979516
4382,2015,CA,CCO,MUNZ,2015-05-26,2015-05-26,14,1,1.0,96.20006,2010-2019,577459.2305,4481.430561
4383,2015,CA,USF,BOARDMAN 2,2015-08-01,2015-08-09,1,1,1.0,94.74877,2010-2019,644190.207,4489.652385
4384,2015,CA,CDF,DEER,2015-07-10,2015-07-15,4,1,1.0,94.62711,2010-2019,582160.9375,5814.93426
4385,2015,CA,CDF,LAURELES,2015-09-19,2015-09-21,10,1,1.0,90.41469,2010-2019,568424.0117,5166.493169
4386,2015,CA,CDF,FERN,2015-08-02,2015-08-02,1,1,1.0,88.53635,2010-2019,623610.082,3837.235648
4387,2015,CA,BIA,DEER HORN 2,2015-08-01,2015-08-12,1,8,1.0,86.16431,2010-2019,616075.4414,3776.979904
4388,2015,CA,USF,KYBURZ,2015-07-23,2015-11-02,14,3,1.0,84.01945,2010-2019,560105.1133,6708.733125
4389,2015,CA,CDF,RIOSA,2015-06-08,2015-06-08,14,1,1.0,75.30615,2010-2019,505044.3672,4306.077616
4390,2015,CA,USF,MILL,2015-07-30,2015-08-30,1,3,1.0,72.60194,2010-2019,512636.9883,4479.439502
4391,2015,CA,CDF,WEB,2015-07-01,2015-07-09,9,1,1.0,71.12778,2010-2019,482923.7031,3464.851529
4392,2015,CA,BLM,PALMAS,2015-10-15,2015-10-22,1,1,1.0,69.16941,2010-2019,403463.7148,4925.443053
4393,2015,CA,USF,PRARIE,2015-08-20,2015-08-22,9,1,1.0,67.95409,2010-2019,492697.5273,3727.373368
4394,2015,CA,USF,TWIN,2015-08-05,2015-08-06,1,1,1.0,67.93945,2010-2019,494349.8164,6581.745196
4395,2015,CA,CDF,DEER,2015-05-10,2015-05-10,1,2,1.0,66.02117,2010-2019,408183.3867,2755.831999
4396,2015,CA,CDF,MALLARD,2015-07-29,2015-07-29,15,1,1.0,65.95107,2010-2019,462335.8945,4692.305947
4397,2015,CA,CCO,PUMP,2015-07-21,2015-07-21,14,1,1.0,62.68637,2010-2019,378086.8359,3060.110922
4398,2015,CA,USF,FIVEMILE,2015-07-30,2015-08-11,1,7,1.0,62.04475,2010-2019,451494.5078,5435.648926
4399,2015,CA,CDF,TRIANGLE,2015-06-18,2015-06-19,10,1,1.0,58.63923,2010-2019,377846.2656,3468.323014
4400,2015,CA,CDF,BETABEL,2015-07-20,2015-07-20,2,7,1.0,56.30732,2010-2019,356735.4805,3205.385677
4401,2015,CA,CDF,DELUZ,2015-08-09,2015-08-10,14,1,1.0,56.08641,2010-2019,326777.2656,3803.560012
4402,2015,CA,USF,SUMMIT3,2015-08-23,2015-09-20,9,7,1.0,55.595,2010-2019,329968.9492,3614.131589
4403,2015,CA,USF,TELEPHONE,2015-07-30,2015-10-05,1,3,1.0,54.82918,2010-2019,383286.6484,3583.145956
4404,2015,CA,CDF,FORK,2015-06-17,2015-06-17,9,1,1.0,54.29841,2010-2019,374999.6055,2891.340543
4405,2015,CA,CDF,MILL2,2015-07-12,2015-07-12,2,1,1.0,53.99769,2010-2019,319371.9414,2977.216646
4406,2015,CA,CCO,WHITE,2015-08-01,2015-08-01,11,1,1.0,53.55653,2010-2019,323366.625,4252.995101
4407,2015,CA,CCO,JOHNSON,2015-09-05,2015-09-05,9,1,1.0,53.45473,2010-2019,320586.8594,3394.11009
4408,2015,CA,CDF,BEALE,2015-07-11,2015-07-11,9,1,1.0,52.8651,2010-2019,355707.5586,3722.165862
4409,2015,CA,USF,MILITARY,2015-10-10,2015-10-12,4,3,1.0,52.84043,2010-2019,381377.0391,4080.568783
4410,2015,CA,NPS,WHITE CASCADE,2015-07-03,2015-11-09,1,1,1.0,50.73343,2010-2019,330415.3438,4866.410623
4411,2015,CA,CDF,OLIVE,2015-09-02,2015-09-03,2,1,1.0,47.75825,2010-2019,324535.8125,4615.000713
4412,2015,CA,USF,SCALES,2015-08-01,2015-08-05,2,8,1.0,45.73383,2010-2019,271960.8008,4622.320512
4413,2015,CA,USF,TANNER,2015-01-24,2015-03-01,5,1,1.0,44.545,2010-2019,298988.7773,4238.070847
4414,2015,CA,CCO,PRINCETON,2015-07-11,2015-08-11,14,7,1.0,44.26712,2010-2019,263089.1367,4327.895173
4415,2015,CA,NPS,POTRERO 2,2015-11-07,2015-11-08,14,6,1.0,43.49679,2010-2019,257723.4648,2180.064329
4416,2015,CA,USF,MASON ,2015-07-09,2015-07-10,1,1,1.0,43.27318,2010-2019,316102.3945,2566.65797
4417,2015,CA,LRA,ATHENS,2015-06-16,2015-06-16,14,1,1.0,41.14925,2010-2019,274785.0547,2554.248337
4418,2015,CA,NPS,CATHEDRAL,2015-08-02,2015-10-18,1,1,1.0,40.12074,2010-2019,260858.6445,3687.918448
4419,2015,CA,USF,RASPBERRY,2015-07-30,2015-08-18,1,3,1.0,39.76297,2010-2019,276207.8242,2055.622227
4420,2015,CA,NPS,BRIDAL VEIL,2015-10-05,2015-10-13,1,6,1.0,38.40899,2010-2019,248750.0117,1909.077084
4421,2015,CA,NPS,DARK,2015-07-09,2015-09-16,1,1,1.0,37.99809,2010-2019,247005.1094,3154.226873
4422,2015,CA,USF,WATER,2015-08-01,2015-08-07,1,1,1.0,35.91605,2010-2019,258904.6836,3180.711592
4423,2015,CA,USF,MCOULLOH,2015-01-24,2015-03-01,5,1,1.0,35.28005,2010-2019,236522.1172,3365.963321
4424,2015,CA,CDF,SPIDER,2015-07-12,2015-07-13,14,7,1.0,35.20248,2010-2019,207671.6484,2959.386718
4425,2015,CA,USF,MUSIC,2015-08-08,2015-08-12,9,6,1.0,32.64508,2010-2019,208183.5391,1765.364548
4426,2015,CA,USF,ETSEL,2015-07-30,2015-08-08,1,1,1.0,32.09719,2010-2019,219251.668,2970.342726
4427,2015,CA,USF,LIGHTNING,2015-07-01,2015-07-01,9,6,1.0,31.73204,2010-2019,194078.2031,2087.116062
4428,2015,CA,CDF,AGER,2015-07-04,2015-07-05,1,1,1.0,31.49438,2010-2019,229412.4648,2721.868174
4429,2015,CA,CCO,CASTAIC,2015-06-13,2015-06-13,14,1,1.0,31.04365,2010-2019,185487.2656,2872.113756
4430,2015,CA,CDF,MCCOURTNEY,2015-09-21,2015-09-21,2,1,1.0,30.55511,2010-2019,205498.1172,2771.18202
4431,2015,CA,BLM,S1 DUCK,2015-08-03,2015-08-18,1,1,1.0,30.08999,2010-2019,213841.3359,2385.761518
4432,2015,CA,BLM,S2 COAL,2015-07-07,2015-07-10,1,1,1.0,29.95277,2010-2019,212749.6133,3215.613383
4433,2015,CA,USF,HOWARDS,2015-08-01,2015-08-13,1,7,1.0,29.58024,2010-2019,215761.7461,2299.91608
4435,2015,CA,CCO,POTRERO,2015-07-11,2015-08-11,14,1,1.0,29.24935,2010-2019,173304.8281,2201.908977
4436,2015,CA,CDF,FRANCIS,2015-08-04,2015-08-04,11,1,1.0,28.872,2010-2019,195553.8086,2434.854005
4437,2015,CA,CDF,BROWN,2015-09-08,2015-09-08,2,1,1.0,28.56581,2010-2019,201317.7695,2107.279927
4438,2015,CA,CDF,DORRIS,2015-07-21,2015-07-21,1,1,1.0,28.19277,2010-2019,206745.3008,5097.962795
4439,2015,CA,CDF,SODA,2015-07-04,2015-07-07,10,4,1.0,28.01054,2010-2019,188212.4219,1677.169243
4440,2015,CA,CDF,GARAGE ,2015-06-09,2015-06-10,11,1,1.0,27.71869,2010-2019,184005.1406,2116.832034
4441,2015,CA,CDF,BALD,2015-06-09,2015-06-14,1,1,1.0,26.9475,2010-2019,192485.3828,1644.412735
4442,2015,CA,USF,GREEN CREEK,2015-09-12,2015-09-24,10,1,1.0,26.89483,2010-2019,176321.2031,2298.629608
4443,2015,CA,USF,BIG FOOT,2015-07-30,2015-10-05,1,3,1.0,25.13739,2010-2019,176678.8789,1752.401935
4444,2015,CA,USF,RESERVOIR,2015-07-21,2015-08-16,1,1,1.0,25.06381,2010-2019,165111.4766,2302.628397
4445,2015,CA,CCO,BANNISTER,2015-11-11,2015-12-11,14,7,1.0,25.0148,2010-2019,148432.0898,2047.011091
4446,2015,CA,CDF,SNOW,2015-06-05,2015-06-05,2,1,1.0,24.79573,2010-2019,146025.2344,2227.121606
4447,2015,CA,CDF,GRADE ,2015-08-24,2015-08-25,2,1,1.0,24.59181,2010-2019,164243.3203,2362.52165
4448,2015,CA,USF,FIVE,2015-08-06,2015-08-06,2,1,1.0,24.54405,2010-2019,146801.5703,1979.02475
4449,2015,CA,USF,PROSPECT,2015-07-30,2015-08-22,1,3,1.0,24.27882,2010-2019,168975.5547,1606.756063
4450,2015,CA,CDF,LAKE 3,2015-07-16,2015-07-17,14,1,1.0,23.97301,2010-2019,138966.3828,2651.386093
4451,2015,CA,USF,SAN HEDRIN,2015-06-19,2015-06-20,5,1,1.0,22.48489,2010-2019,152957.6992,1975.511669
4452,2015,CA,CCO,PALM,2015-03-12,2015-03-13,14,7,1.0,22.35466,2010-2019,133001.6992,2169.360234
4453,2015,CA,USF,MEADOW,2015-02-22,2015-07-15,5,1,1.0,22.062,2010-2019,147934.2422,1885.839709
4454,2015,CA,CDF,BAXTER,2015-07-22,2015-07-22,14,1,1.0,21.7492,2010-2019,145663.6797,2310.65621
4455,2015,CA,CDF,PARK,2015-07-24,2015-07-25,14,1,1.0,21.62256,2010-2019,123871.2969,2673.176238
4456,2015,CA,USF,GIBRALTAR,2015-10-29,2015-11-04,9,8,1.0,21.0506,2010-2019,125670.375,1549.524998
4457,2015,CA,USF,FISH,2015-05-20,2015-05-27,4,6,1.0,20.86502,2010-2019,128684.8047,1425.86331
4458,2015,CA,CDF,VISTA,2015-04-05,2015-04-05,18,1,1.0,20.63441,2010-2019,125785.125,1900.248433
4459,2015,CA,LRA,LESVOS,2015-09-01,2015-09-01,14,1,1.0,20.31422,2010-2019,135713.5234,2146.524977
4460,2015,CA,USF,DEVIL,2015-06-09,2015-06-15,1,1,1.0,20.12851,2010-2019,146613.1719,1727.028028
4461,2015,CA,CDF,DOOLITTLE,2015-07-14,2015-07-14,14,1,1.0,20.03405,2010-2019,135171.2344,1736.821322
4462,2015,CA,CCO,GRADE,2015-08-16,2015-08-16,10,1,1.0,19.67408,2010-2019,117600.1328,2507.362911
4463,2015,CA,USF,GREY,2015-07-03,2015-07-03,1,1,1.0,19.44877,2010-2019,121106.0469,1786.59393
4464,2015,CA,CDF,GRIMY,2015-05-30,2015-05-30,2,1,1.0,19.42308,2010-2019,131693.9922,1421.682283
4465,2015,CA,CDF,FOUNTAIN,2015-08-28,2015-08-28,14,1,1.0,19.38586,2010-2019,131514.1289,1728.868634
4466,2015,CA,USF,BURSON,2015-09-03,2015-09-04,2,1,1.0,18.23938,2010-2019,108881.6875,2428.221879
4467,2015,CA,CDF,WOLF,2015-06-19,2015-06-19,14,1,1.0,17.75666,2010-2019,119331.375,1476.291209
4468,2015,CA,USF,DAILEY,2015-07-30,2015-08-02,1,3,1.0,16.6561,2010-2019,118081.6055,1548.983039
4469,2015,CA,CCO,REMSEN,2015-07-12,2015-07-12,14,7,1.0,16.50616,2010-2019,98251.66797,2600.877269
4470,2015,CA,CDF,GAVILAN,2015-03-29,2015-03-29,10,1,1.0,16.00883,2010-2019,94012.62109,1564.142648
4471,2015,CA,CCO,UNNAMED FIRE,2015-08-07,2015-08-07,14,1,1.0,15.96706,2010-2019,97138.54297,2614.065443
4472,2015,CA,CDF,BUCK,2015-07-28,2015-07-30,2,1,1.0,15.85715,2010-2019,109743.2383,1850.055085
4473,2015,CA,USF,SPRING GARDEN,2015-02-06,2015-02-06,5,6,1.0,15.84018,2010-2019,109151.4453,1642.193872
4474,2015,CA,CCO,CASINO,2015-09-17,2015-09-17,14,1,1.0,15.64318,2010-2019,92127.39844,1725.003139
4475,2015,CA,CDF,4-2 CAHTO,2015-07-30,2015-10-04,1,4,1.0,15.4554,2010-2019,105788.4609,1280.208031
4476,2015,CA,USF,WHITE ,2015-07-21,2015-07-23,1,6,1.0,15.37785,2010-2019,112474.5508,1342.457342
4477,2015,CA,CDF,PONDEROSA,2015-02-23,2015-02-23,5,6,1.0,15.15671,2010-2019,106560.5117,1350.60874
4478,2015,CA,USF,DEVIL,2015-09-20,2015-09-20,2,1,1.0,14.40403,2010-2019,104467.7891,1940.168697
4479,2015,CA,USF,BECKWOURTH LIGHTNING COMPLEX,2015-07-02,2015-07-05,1,8,1.0,14.3103,2010-2019,98859.51953,5682.933489
4480,2015,CA,USF,COLD ,2015-07-23,2015-07-23,1,1,1.0,14.21169,2010-2019,103569.9961,1495.658497
4481,2015,CA,LRA,LAGUNA,2015-07-03,2015-07-03,11,5,1.0,14.13005,2010-2019,82554.13672,1374.952515
4482,2015,CA,CDF,COPCO,2015-07-31,2015-08-01,1,1,1.0,14.0008,2010-2019,102635.5391,1639.651752
4483,2015,CA,BLM,STINE,2015-08-14,2015-08-14,1,1,1.0,13.79393,2010-2019,84790.55469,2489.99872
4484,2015,CA,CDF,RAMONA,2015-09-07,2015-09-07,9,1,1.0,12.93636,2010-2019,76160.62109,1758.959216
4485,2015,CA,CDF,MILL,2015-09-07,2015-09-07,14,1,1.0,12.76216,2010-2019,90074.89844,1917.759991
4486,2015,CA,CDF,TREE,2015-07-26,2015-08-01,2,6,1.0,12.72052,2010-2019,87207.53125,1283.151859
4487,2015,CA,LRA,COUNTRY,2015-07-07,2015-07-07,14,1,1.0,12.06065,2010-2019,80413.39453,2103.137796
4488,2015,CA,CDF,CHOLAME,2015-08-16,2015-08-17,10,1,1.0,12.05913,2010-2019,74306.11719,1245.448517
4489,2015,CA,CDF,RANCHO,2015-06-11,2015-06-11,14,1,1.0,11.8876,2010-2019,82176.3125,1835.854554
4490,2015,CA,CCO,FREEWAY,2015-06-23,2015-06-23,2,1,1.0,11.55442,2010-2019,69095.82813,1296.442143
4491,2015,CA,USF,SHINN,2015-08-11,2015-08-12,4,6,1.0,11.24281,2010-2019,66637.73047,1119.220087
4492,2015,CA,USF,YELLOW,2015-07-02,2015-07-03,1,1,1.0,11.14368,2010-2019,81078.74219,2185.746453
4493,2015,CA,USF,HIDDEN,2015-07-30,2015-08-02,1,3,1.0,11.04564,2010-2019,78027.72656,1339.557334
4494,2015,CA,CCO,HOPPER,2015-09-09,2015-09-10,1,7,1.0,10.72429,2010-2019,64101.74219,2630.877129
4495,2015,CA,USF,RANCH,2015-10-09,2015-10-09,2,1,1.0,10.50375,2010-2019,62826.67969,1485.05034
4496,2015,CA,USF,PAW,2015-07-31,2015-08-04,1,6,1.0,10.24,2010-2019,74525.84375,1406.309374
4497,2015,CA,CDF,OAKRIDGE,2015-07-21,2015-07-21,14,1,1.0,10.16859,2010-2019,70202.80469,1712.845961
4498,2015,CA,CCO,ZEBRA,2015-05-03,2015-05-03,14,1,1.0,10.10341,2010-2019,60598.60938,1602.098629
4499,2015,CA,CDF,BURNETT,2015-08-05,2015-08-08,1,1,1.0,9.868065,2010-2019,66655.44922,1061.962656
4500,2015,CA,USF,SAN GORGONIO,2015-05-05,2015-05-06,9,6,1.0,9.836316,2010-2019,58226.62109,1040.139326
4501,2015,CA,USF,MORRIS,2015-09-02,2015-09-03,9,1,1.0,9.719397,2010-2019,57635.37109,1077.499946
4502,2015,CA,CCO,RIDGE,2015-06-29,2015-06-29,14,1,1.0,9.38639,2010-2019,56088.82813,1408.116663
4503,2015,CA,CCO,PERKIN,2015-08-11,2015-08-13,14,6,1.0,9.354076,2010-2019,55524.92578,1238.023272
4504,2015,CA,CCO,MARIPOSA,2015-07-26,2015-07-26,10,1,1.0,9.073173,2010-2019,54156.95313,1008.583579
4505,2015,CA,CCO,RIDGE,2015-06-19,2015-06-19,11,1,1.0,9.07207,2010-2019,54621.94141,1496.331266
4506,2015,CA,USF,DEER,2015-07-30,2015-08-18,1,3,1.0,8.535203,2010-2019,59686.49609,1432.046808
4507,2015,CA,CDF,MERCADO,2015-06-19,2015-06-20,14,1,1.0,8.234076,2010-2019,47234.36719,1109.155221
4508,2015,CA,CCO,UNNAMED FIRE,2015-04-27,2015-04-27,14,1,1.0,8.095657,2010-2019,49635.8125,1656.453573
4509,2015,CA,CDF,MUSTANG,2015-06-10,2015-06-10,1,1,1.0,7.996591,2010-2019,47192.74219,2774.845662
4510,2015,CA,USF,TWO MILE ,2015-04-21,2015-04-27,5,1,1.0,7.511982,2010-2019,49097.03125,1011.856009
4511,2015,CA,FWS,CLEAR,2015-07-05,2015-07-06,1,1,1.0,7.481536,2010-2019,54550.32031,1493.464047
4512,2015,CA,CCO,GRAPE ,2015-05-01,2015-05-01,3,1,1.0,7.469237,2010-2019,45025.17969,1013.098518
4513,2015,CA,CCO,WAYSIDE,2015-09-09,2015-09-10,1,1,1.0,7.424892,2010-2019,44297.57031,2008.561431
4514,2015,CA,USF,HALSEY,2015-07-30,2015-08-05,1,3,1.0,7.228922,2010-2019,51139.44922,996.8627183
4515,2015,CA,CDF,VALLEY,2015-06-05,2015-06-05,1,1,1.0,7.054897,2010-2019,49279.63281,1237.737094
4516,2015,CA,CCO,SHARP,2015-11-06,2015-11-07,14,1,1.0,6.991804,2010-2019,41691.37109,772.173933
4517,2015,CA,CDF,LINKS,2015-08-16,2015-08-16,14,1,1.0,6.698099,2010-2019,46068.59375,1215.722334
4518,2015,CA,CCO,WAYSIDE,2015-04-02,2015-04-02,2,1,1.0,6.601349,2010-2019,39381.73047,1125.809022
4519,2015,CA,USF,STONY GULCH ,2015-03-28,2015-03-31,9,1,1.0,6.594722,2010-2019,43218.89453,1054.687056
4520,2015,CA,CCO,KITTRIDGE,2015-06-19,2015-06-19,14,7,1.0,6.377415,2010-2019,37819.65625,987.5014945
4521,2015,CA,CCO,WIND,2015-05-29,2015-05-29,2,1,1.0,6.101388,2010-2019,36439.44922,1181.803486
4522,2015,CA,CDF,JACK,2015-07-13,2015-07-13,14,7,1.0,5.434127,2010-2019,32036.96484,926.7124838
4523,2015,CA,NPS,MALIBU,2015-06-21,2015-06-21,14,6,1.0,5.392848,2010-2019,31881.03906,710.4734079
4524,2015,CA,CCO,SPUNKY,2015-08-29,2015-08-29,2,1,1.0,5.217817,2010-2019,31228.69922,1165.525181
4525,2015,CA,NPS,GRIFFITH PARK,2015-09-05,2015-09-05,14,5,1.0,4.730207,2010-2019,28013.76953,874.5269462
4526,2015,CA,CCO,FOUR BAY,2015-09-09,2015-09-10,1,7,1.0,4.724183,2010-2019,28255.0,1503.969864
4527,2015,CA,CCO,WHEELER,2015-04-18,2015-04-19,7,1,1.0,4.680684,2010-2019,27886.19531,1244.519601
4528,2015,CA,NPS,INDIAN CANYON,2015-07-03,2015-08-18,1,1,1.0,4.131937,2010-2019,26809.67969,1370.169184
4529,2015,CA,CCO,118 FWY,2015-06-04,2015-06-04,14,8,,4.027377,2010-2019,24025.74129,549.4691705
4530,2015,CA,CDF,36,2015-07-18,2015-07-18,10,1,1.0,3.731267,2010-2019,25922.20313,699.3964697
4531,2015,CA,NPS,POPLAR,2015-05-10,2015-05-10,14,1,1.0,3.554777,2010-2019,23143.73047,644.0023675
4532,2015,CA,USF,GREEN,2015-06-04,2015-06-08,9,1,1.0,3.370712,2010-2019,20028.22656,696.8444884
4533,2015,CA,CCO,TOLAND,2015-07-05,2015-07-05,14,1,1.0,3.032003,2010-2019,18053.96484,1116.141675
4534,2015,CA,CCO,PEAK,2015-08-14,2015-08-14,10,1,1.0,2.931382,2010-2019,17413.60938,726.1997505
4535,2015,CA,CCO,BROOKS,2015-07-17,2015-07-17,14,6,1.0,2.921998,2010-2019,17386.92969,598.9592385
4536,2015,CA,CDF,BUTTE,2015-11-17,2015-11-17,14,1,1.0,2.908308,2010-2019,19985.30859,664.7516416
4537,2015,CA,NPS,LATIGO 2,2015-12-11,2015-12-11,14,5,1.0,2.801698,2010-2019,16552.82422,1173.160187
4538,2015,CA,CCO,POTRERO ,2015-04-30,2015-04-30,9,8,1.0,2.744287,2010-2019,16254.17578,563.6721792
4539,2015,CA,CCO,SHELL,2015-12-06,2015-12-06,14,1,1.0,2.423997,2010-2019,14414.50391,522.9854621
4540,2015,CA,CCO,DOUGH,2015-08-13,2015-08-13,14,7,1.0,2.16064,2010-2019,12894.1875,659.3620278
4541,2015,CA,FWS,BRUCHARD,2015-10-07,2015-10-07,18,4,1.0,2.154247,2010-2019,12456.55469,516.5032299
4542,2015,CA,CCO,MOORPARK,2015-08-07,2015-08-07,14,1,1.0,2.079408,2010-2019,12347.88281,476.4307639
4543,2015,CA,CCO,JOHNSON,2015-05-06,2015-05-06,14,1,1.0,1.729694,2010-2019,10268.01953,567.8327793
4544,2015,CA,CDF,TRUCKEE,2015-09-06,2015-09-06,2,1,1.0,1.487334,2010-2019,10271.79688,468.1260014
4545,2015,CA,NPS,DUME,2015-04-17,2015-04-17,10,6,1.0,1.479508,2010-2019,8747.265625,678.4332653
4546,2015,CA,CCO,TUNA,2015-03-13,2015-03-13,4,1,1.0,1.204807,2010-2019,7119.867188,499.9737833
4547,2015,CA,NPS,TEMESCAL,2015-11-08,2015-11-08,14,4,1.0,1.193676,2010-2019,7051.808594,352.1162651
4548,2015,CA,CCO,FARIA,2015-06-24,2015-06-24,14,1,1.0,0.9901724,2010-2019,5889.628906,354.5386247
4549,2015,CA,USF,LOOK,2015-07-30,2015-07-31,1,3,1.0,0.9284683,2010-2019,6569.636719,333.176
4550,2015,CA,CCO,STAFFORD,2015-06-11,2015-06-11,2,6,1.0,0.8197879,2010-2019,4853.859375,527.3798391
4551,2015,CA,CCO,LEWIS,2015-06-11,2015-06-11,14,1,1.0,0.7851713,2010-2019,4654.160156,338.7628211
4552,2015,CA,CDF,BAKER,2015-05-24,2015-05-24,5,1,1.0,0.7465882,2010-2019,5183.816406,393.8320533
4554,2015,CA,CCO,VICTORIA,2015-05-11,2015-05-11,14,6,1.0,0.5681428,2010-2019,3372.351563,275.6499998
4555,2015,CA,CCO,SUNSET,2015-10-13,2015-10-13,10,1,1.0,0.5548272,2010-2019,3291.980469,338.5577613
4556,2015,CA,USF,SPRINGER,2015-07-30,2015-08-05,1,3,1.0,0.489983,2010-2019,3452.386719,220.8433184
4557,2015,CA,NPS,CALABASAS,2015-05-23,2015-05-23,9,6,1.0,0.4854355,2010-2019,2887.374244,190.4831091
4558,2015,CA,NPS,MUREAU,2015-10-03,2015-10-03,1,6,1.0,0.4854267,2010-2019,2888.057789,190.5056549
4559,2015,CA,NPS,RAMBLA,2015-09-19,2015-09-19,14,6,1.0,0.4853519,2010-2019,2881.389095,190.2855834
4560,2015,CA,CCO,SOUTH,2015-07-04,2015-07-04,14,7,1.0,0.2600781,2010-2019,1547.257813,157.7498861
4563,2015,CA,CCO,JOHNSON,2015-09-27,2015-09-27,14,6,1.0,0.2441867,2010-2019,1449.523438,157.143235
4564,2015,CA,NPS,TOPANGA CYN,2015-04-06,2015-04-06,10,6,1.0,0.1522151,2010-2019,903.8537141,106.5746722
4565,2015,CA,CCO,MAIN,2015-07-02,2015-07-02,14,1,1.0,0.1357576,2010-2019,806.640625,128.3580942
4566,2015,CA,NPS,MONO,2015-10-31,2015-11-30,1,1,,0.1008094,2010-2019,652.9463233,90.58236853
4567,2015,CA,NPS,SNOW,2015-10-27,2015-10-27,4,1,1.0,0.1008077,2010-2019,655.0593321,90.72881759
4568,2015,CA,NPS,DEERLICK,2015-07-02,2015-07-03,1,1,1.0,0.1007949,2010-2019,651.3622004,90.47242019
4569,2015,CA,NPS,COUNTRY CLUB,2015-07-03,2015-07-03,14,6,1.0,0.0939775,2010-2019,558.939095,83.80832786
4570,2015,CA,NPS,AGOURA,2015-10-24,2015-10-24,9,6,1.0,0.09397306,2010-2019,558.996363,83.81262118
4571,2015,CA,NPS,GRAND VIEW,2015-04-27,2015-04-27,10,6,1.0,0.09397247,2010-2019,558.23013,83.75515925
4572,2015,CA,NPS,WENDY,2015-07-04,2015-07-04,8,6,1.0,0.09396258,2010-2019,559.067292,83.81793835
4573,2015,CA,NPS,NEWTON,2015-11-07,2015-11-07,5,6,1.0,0.09396015,2010-2019,558.2044749,83.75323462
4574,2015,CA,CCO,ARROYO,2015-12-25,2015-12-25,14,1,1.0,0.09117375,2010-2019,541.8203125,84.77705896
4575,2015,CA,CCO,RED,2015-02-09,2015-02-09,10,1,1.0,0.05534946,2010-2019,329.6835938,71.84820242
4576,2015,CA,USF,GARDEN,2015-07-30,2015-07-30,1,3,1.0,0.03171027,2010-2019,221.8671875,60.13679215
4578,2015,CA,NPS,CORNELL,2015-06-24,2015-06-24,14,8,1.0,0.008776683,2010-2019,51.953125,34.0949251
4579,2015,CA,CCO,HARBOR,2015-03-11,2015-03-11,14,6,1.0,0.006257951,2010-2019,37.16796875,23.02522387
4580,2015,CA,CCO,OJAI,2015-09-28,2015-09-28,14,6,1.0,0.00261181,2010-2019,15.57421875,16.10619546
4581,2014,CA,USF,FRYING PAN,2014-08-11,2014-09-30,1,3,1.0,133177.4,2010-2019,967551675.2,402078.2757
4582,2014,CA,USF,KING,2014-09-13,2014-10-10,7,3,1.0,97684.55,2010-2019,653652229.4,364390.0763
4583,2014,CA,USF,BALD,2014-07-30,2014-08-15,1,7,1.0,39752.2,2010-2019,281617429.9,115427.8777
4584,2014,OR,OTH,OREGON GULCH,2014-07-30,2014-08-13,1,7,1.0,35111.25,2010-2019,257701300.5,91648.09441
4585,2014,CA,USF,WHITES,2014-07-30,2014-09-25,1,8,1.0,33794.44,2010-2019,242634135.7,175595.0805
4586,2014,CA,USF,BEAVER,2014-07-30,2014-10-08,1,7,1.0,32493.4,2010-2019,237442299.6,184785.7298
4587,2014,CA,USF,EILER,2014-07-31,2014-08-24,9,8,1.0,31995.22,2010-2019,226121888.6,131216.7493
4589,2014,CA,USF,FRENCH,2014-07-27,2014-08-18,4,3,1.0,13831.64,2010-2019,88612906.75,74291.20122
4590,2014,CA,CDF,DAY,2014-07-30,2014-08-13,1,1,1.0,13150.67,2010-2019,94236517.84,69253.82323
4591,2014,CA,CDF,BULLY,2014-07-11,2014-07-23,10,7,1.0,12658.74,2010-2019,88582432.48,63464.92527
4592,2014,CA,CDF,LODGE,2014-07-30,2014-09-18,1,2,1.0,12533.18,2010-2019,85991479.23,55614.88641
4593,2014,CA,CDF,MONTICELLO,2014-07-04,2014-07-12,9,3,1.0,6599.387,2010-2019,43715292.93,38280.85923
4594,2014,CA,USF,COFFEE,2014-07-29,2014-10-30,1,8,1.0,6256.271,2010-2019,44698497.69,37130.57113
4595,2014,CA,USF,LITTLE DEER,2014-07-30,2014-08-12,1,8,1.0,5499.707,2010-2019,39923459.04,33708.92119
4597,2014,CA,NPS,MEADOW,2014-07-20,2014-11-03,1,1,,4774.47,2010-2019,30955279.92,45209.76637
4598,2014,CA,NPS,EL PORTAL,2014-07-26,2014-11-20,4,1,,4744.617,2010-2019,30730346.66,33058.18286
4599,2014,CA,CDF,BUTTS,2014-07-01,2014-07-09,2,8,1.0,4297.35,2010-2019,28590629.22,30809.28085
4600,2014,CA,CDF,SAND,2014-07-26,2014-07-30,10,1,1.0,4239.272,2010-2019,28110446.18,37705.98852
4601,2014,CA,CCO,WAY,2014-08-18,2014-08-22,14,2,1.0,3882.421,2010-2019,23897623.4,27234.84814
4602,2014,CA,USF,LOG,2014-07-30,2014-08-28,1,8,1.0,3636.853,2010-2019,26292428.05,31397.04435
4603,2014,CA,USF,SHIRLEY,2014-06-13,2014-06-13,9,8,1.0,2546.165,2010-2019,15658776.51,26023.61
4605,2014,CA,LRA,COCOS,2014-05-14,2014-05-23,14,1,1.0,1994.787,2010-2019,11537865.03,36214.62396
4606,2014,CA,USF,COLBY,2014-01-16,2014-01-21,4,7,1.0,1951.893,2010-2019,11564688.86,26912.34183
4607,2014,CA,USF,NICOLLS,2014-07-11,2014-07-11,9,8,1.0,1679.217,2010-2019,10308705.66,18933.10835
4609,2014,CA,USF,SODA,2014-01-13,2014-03-22,9,8,1.0,1423.232,2010-2019,8866919.16,24864.3553
4610,2014,CA,USF,GULCH ,2014-07-03,2014-08-01,6,1,1.0,1397.349,2010-2019,10082156.74,26547.56119
4611,2014,CA,CDF,GULCH,2014-09-10,2014-09-12,10,1,1.0,1374.703,2010-2019,9692627.535,17745.17442
4612,2014,CA,LRA,BERNARDO,2014-05-13,2014-05-18,2,1,1.0,1331.426,2010-2019,7681597.785,28263.25206
4613,2014,CA,NPS,DARK HOLE,2014-07-16,2014-09-27,1,1,,1076.479,2010-2019,6992221.738,14921.86138
4614,2014,CA,USF,SILVERADO,2014-09-12,2014-09-21,9,3,1.0,959.0129,2010-2019,5628922.57,12922.66801
4615,2014,CA,USF,CAMPBELL,2014-01-02,2014-01-10,4,1,1.0,864.9468,2010-2019,5982421.23,15942.12575
4616,2014,CA,CDF,HUNTER,2014-05-26,2014-06-04,14,1,1.0,690.982,2010-2019,4467746.234,14483.76902
4617,2014,CA,USF,DALTON,2014-07-01,2014-08-20,1,1,1.0,641.467,2010-2019,4664097.387,25146.84226
4618,2014,CA,CCO,MIGUELITO,2014-05-13,2014-05-19,11,1,1.0,631.8137,2010-2019,3784197.02,13185.63944
4619,2014,CA,CDF,JUNCTION,2014-08-18,2014-08-25,14,1,1.0,612.1556,2010-2019,3927181.133,15675.09453
4620,2014,CA,LRA,BOLES,2014-09-15,2014-09-20,7,1,1.0,516.2928,2010-2019,3720461.758,22907.00003
4621,2014,CA,CDF,OREGON,2014-08-24,2014-08-30,10,7,1.0,460.5652,2010-2019,3250516.031,12006.74206
4622,2014,CA,CDF,APPLEGATE,2014-10-08,2014-10-08,14,1,1.0,458.9755,2010-2019,3081041.332,16562.06316
4623,2014,CA,USF,DOBIE,2014-07-01,2014-07-02,1,1,1.0,456.01,2010-2019,3319999.16,13922.17032
4624,2014,CA,CDF,HIGHWAY,2014-05-14,2014-05-19,14,1,1.0,441.0284,2010-2019,2562324.488,9908.164905
4625,2014,CA,CDF,BLACK,2014-09-13,2014-10-02,2,2,1.0,403.2066,2010-2019,2725382.777,10135.37536
4626,2014,CA,CDF,WEB,2014-07-28,2014-08-27,2,1,1.0,377.856,2010-2019,2606963.578,8040.48013
4627,2014,CA,LRA,POINSETTIA,2014-05-14,2014-05-18,14,1,1.0,376.9402,2010-2019,2180173.859,18741.89802
4628,2014,CA,CDF,31,2014-08-09,2014-08-09,14,2,1.0,367.9901,2010-2019,2439709.766,7550.036774
4629,2014,CA,LRA,NELSON,2014-09-18,2014-09-18,11,6,1.0,336.0759,2010-2019,2290947.004,6629.284498
4630,2014,CA,CDF,RED,2014-01-04,2014-01-08,5,1,1.0,332.1736,2010-2019,2348724.566,11625.18584
4631,2014,CA,NPS,DOG ROCK,2014-10-07,2014-11-02,14,1,,312.2894,2010-2019,2021180.258,7023.241129
4632,2014,CA,CDF,COURTNEY,2014-09-14,2014-09-22,5,1,1.0,290.9412,2010-2019,1864775.125,8566.475969
4633,2014,CA,USF,GUN,2014-03-08,2014-03-09,9,1,1.0,270.0748,2010-2019,1551669.246,9492.632941
4634,2014,CA,CDF,BRIDGE,2014-09-05,2014-09-14,10,1,1.0,270.0612,2010-2019,1737210.957,8794.358417
4635,2014,CA,USF,TECOLOTE,2014-08-17,2014-09-14,9,4,1.0,268.8589,2010-2019,1596924.004,5892.855732
4636,2014,CA,FWS,TRACT 17,2014-09-17,2014-09-20,18,7,1.0,251.6172,2010-2019,1708662.242,17434.39605
4637,2014,CA,CDF,DOGBAR,2014-09-13,2014-09-13,14,1,1.0,248.0788,2010-2019,1670491.902,10590.33465
4638,2014,CA,FWS,SCHOOL,2014-04-30,2014-05-02,9,1,1.0,223.7797,2010-2019,1350306.211,5970.824392
4639,2014,CA,BIA,BALD HILL 3,2014-09-12,2014-10-10,10,3,1.0,210.1771,2010-2019,1500796.414,7561.245298
4640,2014,CA,CDF,ENCINAL,2014-03-19,2014-03-19,18,7,1.0,190.4012,2010-2019,1199700.07,6309.78336
4641,2014,CA,USF,SHOEMAKER,2014-08-14,2014-09-14,1,7,1.0,190.0584,2010-2019,1128905.574,4299.907622
4642,2014,CA,CDF,BANNER,2014-07-03,2014-07-06,14,1,1.0,177.7857,2010-2019,1027527.324,6065.646367
4643,2014,CA,USF,KEMPER,2014-08-11,2014-08-29,1,8,1.0,173.4605,2010-2019,1269134.133,6335.110297
4644,2014,CA,LRA,RIVER,2014-05-14,2014-05-19,14,8,1.0,167.907,2010-2019,974208.8516,6407.953915
4645,2014,CA,USF,NORTHERN ,2014-07-02,2014-07-03,1,1,1.0,117.4045,2010-2019,854409.7266,7345.490254
4646,2014,CA,CCO,PINE ,2014-03-15,2014-03-15,10,7,1.0,117.0455,2010-2019,703412.2852,4964.245213
4647,2014,CA,FWS,CORCORAN,2014-08-17,2014-08-17,14,1,1.0,116.9587,2010-2019,719558.7266,4606.502651
4648,2014,CA,CDF,BRIDGES,2014-04-19,2014-04-27,14,1,1.0,113.4199,2010-2019,728808.1289,4528.183758
4649,2014,CA,CDF,HAIGH,2014-06-10,2014-06-15,5,1,1.0,111.3319,2010-2019,721866.9453,6213.66692
4650,2014,CA,CDF,BREWER,2014-01-22,2014-01-22,10,1,1.0,104.1804,2010-2019,694951.6367,4869.15358
4651,2014,CA,CDF,LAKE,2014-01-25,2014-01-26,14,1,1.0,102.4423,2010-2019,648613.8203,4370.825441
4652,2014,CA,USF,LITTLE ,2014-08-12,2014-09-18,1,1,1.0,100.7245,2010-2019,727587.9766,4140.445437
4653,2014,CA,CDF,VALLEY,2014-06-06,2014-06-08,2,1,1.0,96.8939,2010-2019,625719.0195,6427.658457
4654,2014,CA,USF,IRENE,2014-09-14,2014-09-23,1,1,1.0,94.21658,2010-2019,625076.125,6402.126291
4655,2014,CA,BLM,BODIE,2014-07-18,2014-07-23,1,7,1.0,93.04613,2010-2019,609924.7695,4821.17551
4656,2014,CA,CDF,SARATOGA,2014-09-03,2014-09-03,14,2,1.0,87.80218,2010-2019,591810.7227,3890.968947
4657,2014,CA,USF,HIRSCHDALE,2014-08-18,2014-11-02,9,1,1.0,81.86262,2010-2019,555362.6133,3854.972937
4658,2014,CA,USF,MONTGOMERY,2014-09-06,2014-09-11,3,1,1.0,78.53194,2010-2019,507940.3711,4534.915814
4659,2014,CA,CDF,SABINA,2014-07-23,2014-07-24,14,2,1.0,77.76864,2010-2019,454758.2969,2893.805067
4660,2014,CA,CDF,NELSON,2014-09-21,2014-09-29,14,5,1.0,71.98068,2010-2019,483612.4414,3050.74286
4661,2014,CA,USF,RANCH,2014-07-01,2014-07-01,9,8,1.0,69.25115,2010-2019,425831.3086,3257.020754
4662,2014,CA,CDF,NORMAN,2014-06-12,2014-06-12,14,2,1.0,68.17542,2010-2019,450570.1836,3684.741094
4663,2014,CA,USF,HARDING,2014-07-29,2014-11-03,1,1,1.0,63.1334,2010-2019,431081.8086,5970.368917
4664,2014,CA,CDF,CASSEL,2014-07-05,2014-07-08,9,1,1.0,60.36771,2010-2019,428708.418,3687.206576
4665,2014,CA,USF,LAKE,2014-07-02,2014-07-04,1,1,1.0,58.10084,2010-2019,423180.6484,5256.164786
4666,2014,CA,USF,GULCH3,2014-07-03,2014-08-01,6,1,1.0,58.0403,2010-2019,419003.9609,3409.594106
4667,2014,CA,CDF,SAN LUCAS,2014-04-30,2014-05-02,18,1,1.0,55.33626,2010-2019,343755.9727,3631.268527
4668,2014,CA,CDF,HUTTO,2014-07-07,2014-07-07,14,1,1.0,48.72859,2010-2019,328702.1133,3430.40932
4669,2014,CA,CDF,MORGAN,2014-06-09,2014-06-11,2,1,1.0,47.42393,2010-2019,301470.0352,4122.556487
4670,2014,CA,BLM,CONWAY,2014-09-16,2014-09-22,10,1,1.0,46.14301,2010-2019,301755.9922,2736.936787
4671,2014,CA,USF,JUNE,2014-09-16,2014-09-26,2,3,1.0,45.36808,2010-2019,294315.5039,3461.311572
4672,2014,CA,USF,HOWARDS,2014-05-01,2014-06-04,6,1,1.0,44.96093,2010-2019,324505.0313,2763.444952
4673,2014,CA,CDF,BOGART,2014-06-06,2014-06-08,14,2,1.0,31.47281,2010-2019,185728.2773,2928.747996
4674,2014,CA,USF,JACKSON,2014-08-11,2014-08-14,1,8,1.0,28.74288,2010-2019,209849.7891,2858.12775
4675,2014,CA,USF,CHANCE,2014-07-17,2014-07-18,1,4,1.0,28.6142,2010-2019,196854.3945,1780.0975
4676,2014,CA,CDF,ESPARTO,2014-06-14,2014-06-16,14,6,1.0,28.56152,2010-2019,189778.3867,1762.978199
4677,2014,CA,CDF,JACUMBA,2014-05-05,2014-05-06,10,1,1.0,26.66445,2010-2019,152682.7188,3082.639877
4678,2014,CA,CDF,SHIMMINS,2014-07-09,2014-07-15,2,5,1.0,26.36865,2010-2019,179565.7461,1747.392931
4679,2014,CA,USF,SUTCLIFFE,2014-08-11,2014-08-14,1,8,1.0,26.32586,2010-2019,192683.0078,2002.923637
4680,2014,CA,USF,BALL MOUNTAIN,2014-09-21,2014-11-10,1,6,1.0,24.90845,2010-2019,154633.1836,1543.888557
4681,2014,CA,CDF,WILDCAT_4,2014-07-29,2014-07-30,10,1,1.0,24.78455,2010-2019,142830.7539,5546.176819
4682,2014,CA,CDF,HOUSE,2014-09-05,2014-09-06,7,1,1.0,24.68149,2010-2019,173041.3164,2063.325711
4683,2014,CA,CDF,HALL,2014-06-09,2014-06-09,7,1,1.0,24.57085,2010-2019,155162.5195,2237.909489
4684,2014,CA,CDF,LAKEVIEW,2014-07-20,2014-07-20,14,6,1.0,24.13652,2010-2019,163393.9219,1592.19842
4685,2014,CA,BLM,BAILEY,2014-05-30,2014-05-31,10,1,1.0,23.44721,2010-2019,143383.7734,2880.97185
4686,2014,CA,CDF,TWITCHELL,2014-01-12,2014-01-12,11,1,1.0,21.94427,2010-2019,132624.1211,2479.137156
4687,2014,CA,USF,CASCADE,2014-09-28,2014-10-02,4,1,1.0,21.70495,2010-2019,145310.6758,3411.990739
4688,2014,CA,CDF,SHADY,2014-06-24,2014-06-24,14,5,1.0,21.58158,2010-2019,142536.625,1998.217825
4689,2014,CA,BLM,SANDY VALLEY,2014-06-18,2014-06-21,14,1,1.0,21.24257,2010-2019,130821.4219,2940.91366
4690,2014,CA,USF,ELEPHANT,2014-07-29,2014-08-07,1,1,1.0,21.23305,2010-2019,145287.125,1701.483561
4691,2014,CA,CDF,PECWAN,2014-08-01,2014-08-01,14,1,1.0,21.19531,2010-2019,152219.4414,2670.774088
4692,2014,CA,USF,RAYS,2014-07-28,2014-10-15,1,8,1.0,20.834,2010-2019,148381.9531,2363.904895
4693,2014,CA,CDF,SPRING,2014-07-28,2014-08-16,14,5,1.0,20.75631,2010-2019,143248.8086,1874.247244
4694,2014,CA,CDF,BOTTLE,2014-04-29,2014-04-29,14,2,1.0,20.53575,2010-2019,137553.7891,1663.163961
4695,2014,CA,CDF,BLUE (ALK 4-3),2014-07-30,2014-08-31,1,5,1.0,20.26981,2010-2019,139314.5352,1390.512873
4696,2014,CA,CCO,BRISTOL,2014-02-05,2014-03-05,14,2,1.0,20.15676,2010-2019,119703.1602,2285.531613
4697,2014,CA,CDF,MORONGO,2014-06-14,2014-06-14,14,1,1.0,19.59998,2010-2019,115657.6992,1896.158002
4698,2014,CA,BLM,MINE,2014-02-17,2014-02-17,9,1,1.0,19.09398,2010-2019,112080.0859,1534.402247
4699,2014,CA,NPS,CATHEDRAL,2014-07-15,2014-10-31,1,1,,19.05804,2010-2019,123949.5156,2108.118707
4700,2014,CA,CDF,KEOUGH,2014-08-09,2014-08-20,14,1,1.0,18.15949,2010-2019,116191.6016,1969.12734
4701,2014,CA,USF,VIEWPOINT,2014-05-03,2014-05-03,9,1,1.0,17.46472,2010-2019,100397.7734,1793.15044
4702,2014,CA,CDF,BRIDGE,2014-01-04,2014-01-04,11,1,1.0,17.42052,2010-2019,121955.6484,1435.289257
4703,2014,CA,USF,LAKIN,2014-07-15,2014-07-29,1,1,1.0,17.33459,2010-2019,124686.5664,2578.927105
4704,2014,CA,FWS,AFTON,2014-01-21,2014-01-23,14,1,1.0,17.01346,2010-2019,115500.5898,1667.964019
4705,2014,CA,USF,LEEF,2014-07-29,2014-07-29,1,8,1.0,16.63961,2010-2019,119218.4023,2535.095821
4706,2014,CA,USF,THOMPSON,2014-08-11,2014-08-14,1,8,1.0,16.55262,2010-2019,120951.5703,1651.747153
4707,2014,CA,CDF,BREWER,2014-09-12,2014-09-12,14,1,1.0,16.12219,2010-2019,107864.3672,1962.163247
4708,2014,CA,USF,RIVER,2014-05-02,2014-05-12,9,1,1.0,16.00105,2010-2019,116539.2969,1594.570065
4709,2014,CA,USF,MUD ,2014-07-20,2014-08-01,1,1,1.0,14.85617,2010-2019,107249.2305,1550.794207
4710,2014,CA,USF,GULCH4,2014-07-03,2014-08-01,6,1,1.0,14.74375,2010-2019,106457.4883,1631.199425
4711,2014,CA,USF,WEST,2014-07-01,2014-07-09,9,8,1.0,14.30474,2010-2019,99953.19922,2178.73056
4712,2014,CA,CDF,IOWA,2014-07-21,2014-07-21,9,1,1.0,14.22953,2010-2019,95751.70703,1564.070365
4713,2014,CA,NPS,KERN,2014-08-11,2014-11-03,1,1,,14.00865,2010-2019,87771.32813,1466.587892
4714,2014,CA,USF,BALD ROCK,2014-01-11,2014-02-10,9,1,1.0,13.86587,2010-2019,89255.66406,1678.440162
4715,2014,CA,CDF,PIETA,2014-05-16,2014-05-24,9,5,1.0,13.59727,2010-2019,90957.14453,1261.111675
4716,2014,CA,USF,DEER,2014-09-23,2014-10-21,1,8,1.0,13.46691,2010-2019,95535.13281,2785.529821
4717,2014,CA,CDF,SANTA,2014-06-04,2014-06-05,10,1,1.0,13.35748,2010-2019,77941.44531,1679.503764
4718,2014,CA,USF,TIMS,2014-08-11,2014-08-12,1,8,1.0,13.16799,2010-2019,96249.89844,1414.685469
4719,2014,CA,CCO,FOOTHILL,2014-09-29,2014-10-01,14,8,1.0,12.6179,2010-2019,75011.5,1428.468264
4720,2014,CA,FWS,LOWER,2014-09-06,2014-09-12,2,1,1.0,12.56239,2010-2019,92036.13672,1386.497869
4721,2014,CA,CDF,SYCAMORE,2014-01-29,2014-01-29,14,1,1.0,12.41273,2010-2019,78819.89063,1434.310172
4722,2014,CA,USF,WALKER,2014-09-10,2014-10-12,9,1,1.0,12.36422,2010-2019,83946.00391,1763.905453
4723,2014,CA,CCO,COPUS,2014-08-30,2014-08-30,14,2,1.0,12.18606,2010-2019,73827.35156,1850.171602
4724,2014,CA,CDF,BORDER_8,2014-08-16,2014-08-17,9,1,1.0,12.00289,2010-2019,68618.12891,1164.320667
4725,2014,CA,USF,ETHEL,2014-08-12,2014-09-15,1,6,1.0,11.61994,2010-2019,83759.46484,1159.420758
4726,2014,CA,NPS,CALDWELL,2014-07-01,2014-07-13,1,1,,11.16308,2010-2019,81152.28906,1575.614867
4727,2014,CA,CDF,PUTAH,2014-06-08,2014-06-08,14,5,1.0,11.1012,2010-2019,73490.57422,1832.671309
4728,2014,CA,USF,EAGLE CANYON,2014-10-12,2014-10-12,4,4,1.0,10.99211,2010-2019,64554.78516,2187.936419
4729,2014,CA,CDF,REEDY,2014-01-02,2014-01-02,5,4,1.0,10.98303,2010-2019,74238.30859,1556.698505
4730,2014,CA,USF,SODA,2014-04-19,2014-05-09,5,1,1.0,10.93429,2010-2019,78179.38672,1241.256556
4731,2014,CA,CDF,INDIANA,2014-09-14,2014-09-14,4,1,1.0,10.2269,2010-2019,61842.29688,1501.535729
4732,2014,CA,NPS,STARR KING,2014-07-15,2014-11-03,1,1,,10.18724,2010-2019,66001.88672,1165.725881
4733,2014,CA,CDF,MCLELLON,2014-08-01,2014-08-01,14,1,1.0,10.14866,2010-2019,70855.01452,945.4148612
4734,2014,CA,CDF,GILLETTE,2014-06-15,2014-06-15,14,1,1.0,10.03415,2010-2019,58739.28906,1067.375319
4735,2014,CA,CDF,MONUMENT,2014-06-12,2014-06-12,14,1,,9.813629,2010-2019,66273.70313,1303.311135
4736,2014,CA,CDF,PERIMERTER,2014-05-09,2014-05-09,5,1,1.0,9.584886,2010-2019,64403.10547,1475.843207
4737,2014,CA,BLM,CONTOUR,2014-06-06,2014-06-06,9,1,1.0,9.497061,2010-2019,55820.83203,1043.166636
4738,2014,CA,CCO,BRIGGS,2014-05-14,2014-05-14,14,8,1.0,8.932433,2010-2019,53118.82813,7379.259223
4739,2014,CA,NPS,LOWER TENT MDW,2014-08-02,2014-10-01,4,1,,7.994719,2010-2019,50587.69141,1782.140054
4740,2014,CA,CDF,PFE,2014-07-04,2014-07-04,7,1,1.0,7.30496,2010-2019,48645.70313,1012.585626
4741,2014,CA,NPS,REDWOOD,2014-09-21,2014-11-03,1,1,,5.530351,2010-2019,34850.91797,1172.343086
4742,2014,CA,NPS,MORRISON,2014-07-14,2014-07-25,1,1,,5.013685,2010-2019,32662.50605,640.6630598
4743,2014,CA,NPS,LEMBERT,2014-07-15,2014-10-31,1,1,,4.443912,2010-2019,28919.73438,1048.690472
4744,2014,CA,NPS,FIREPLACE,2014-06-14,2014-06-16,14,1,,3.555444,2010-2019,23043.55859,716.5181139
4745,2014,CA,NPS,WOODLOT,2014-07-20,2014-07-21,1,1,,3.254877,2010-2019,21062.63672,736.3076085
4746,2014,CA,NPS,PALISADES,2014-01-14,2014-01-14,14,8,,3.024885,2010-2019,17868.50391,579.2120819
4747,2014,CA,NPS,SKYVIEW,2014-01-14,2014-01-14,14,8,,2.978585,2010-2019,17624.9375,470.8674243
4748,2014,CA,NPS,SHERWOOD,2014-06-26,2014-06-26,14,8,,2.978062,2010-2019,17635.92188,471.0137677
4749,2014,CA,CCO,STAFFORD,2014-07-07,2014-07-07,14,8,1.0,2.321082,2010-2019,13745.10938,609.8296627
4750,2014,CA,NPS,CRANE,2014-07-20,2014-07-29,1,1,,2.27048,2010-2019,14735.97266,696.7994571
4751,2014,CA,NPS,HAZEL,2014-08-08,2014-08-10,1,1,,2.074681,2010-2019,13462.46484,666.172847
4752,2014,CA,CCO,SHERWOOD,2014-06-06,2014-06-06,14,1,1.0,1.993543,2010-2019,11805.74609,481.286416
4753,2014,CA,NPS,RANCHERIA,2014-07-15,2014-07-26,1,1,,1.597328,2010-2019,10422.41797,484.4005428
4754,2014,CA,NPS,WAPAMA,2014-07-20,2014-07-25,1,1,,1.468078,2010-2019,9585.802068,347.0716661
4755,2014,CA,NPS,ELBOW,2014-07-20,2014-08-07,1,1,,1.007481,2010-2019,6576.467894,287.4757953
4756,2014,CA,NPS,DOUBLE ROCK,2014-07-20,2014-10-31,1,1,,1.007334,2010-2019,6567.017376,287.2691668
4757,2014,CA,NPS,PIUMA,2014-01-01,2014-01-01,14,8,,0.7918415,2010-2019,4682.167969,242.8157641
4758,2014,CA,NPS,BUBBS CREEK,2014-10-22,2014-11-04,4,1,,0.5039232,2010-2019,3183.238281,340.5301881
4759,2014,CA,NPS,ENDERTS,2014-08-24,2014-08-24,4,1,,0.4986373,2010-2019,3650.412505,214.1785153
4760,2014,CA,NPS,RAMBLA,2014-11-26,2014-11-26,8,8,,0.4828423,2010-2019,2853.425781,189.6020875
4761,2014,CA,NPS,TYLER,2014-11-22,2014-11-22,4,8,,0.4828208,2010-2019,2852.28125,189.5635229
4762,2014,CA,NPS,MOSQUITO,2014-06-19,2014-06-19,14,1,,0.4028311,2010-2019,2602.787209,180.8523948
4763,2014,CA,NPS,VIRGENES,2014-01-25,2014-01-25,14,8,,0.2957758,2010-2019,1752.082031,171.11331
4764,2014,CA,NPS,WINERY,2014-08-14,2014-08-14,14,8,,0.250273,2010-2019,1480.585938,136.5764968
4765,2014,CA,NPS,WAWONA,2014-10-25,2014-10-26,14,1,,0.2482768,2010-2019,1602.541056,141.908861
4766,2014,CA,NPS,MCSWAIN,2014-07-20,2014-07-31,1,1,,0.2482686,2010-2019,1617.35188,142.5631198
4767,2014,CA,NPS,JACK,2014-10-16,2014-10-17,14,1,,0.248253,2010-2019,1614.772926,142.4494122
4768,2014,CA,NPS,DEEP,2014-07-20,2014-07-26,1,1,,0.2482518,2010-2019,1620.576937,142.705187
4769,2014,CA,NPS,CENTER PEAK,2014-07-24,2014-10-01,1,1,,0.2108697,2010-2019,1330.671875,263.5519054
4770,2014,CA,NPS,CALABASAS,2014-04-21,2014-04-21,14,8,,0.1977677,2010-2019,1171.515625,121.4886803
4771,2014,CA,NPS,OCEAN VIEW,2014-05-19,2014-05-19,2,8,,0.1977541,2010-2019,1168.660156,121.3394475
4772,2014,CA,CCO,TELEGRAPH,2014-07-28,2014-07-28,14,1,1.0,0.115544,2010-2019,688.46875,109.249555
4773,2014,CA,NPS,POTTER,2014-09-15,2014-09-18,4,1,,0.1008303,2010-2019,655.7202081,90.77457328
4774,2014,CA,NPS,LYELL,2014-07-12,2014-07-12,4,1,,0.1008292,2010-2019,653.7221603,90.63616798
4775,2014,CA,NPS,TRIPEL,2014-08-27,2014-08-28,14,1,,0.1008282,2010-2019,653.3142319,90.60788467
4776,2014,CA,NPS,EVELYN,2014-08-01,2014-08-02,1,1,,0.1008261,2010-2019,655.5044839,90.75964018
4777,2014,CA,NPS,GAYLOR,2014-07-05,2014-07-06,4,1,,0.100825,2010-2019,656.8003464,90.84930694
4778,2014,CA,NPS,MORAINE,2014-07-16,2014-07-20,1,1,,0.1008221,2010-2019,651.9556757,90.51362685
4779,2014,CA,NPS,RED,2014-07-20,2014-07-25,1,1,,0.1008187,2010-2019,652.8463359,90.57543272
4780,2014,CA,NPS,BUCK,2014-07-20,2014-07-21,1,1,,0.1008167,2010-2019,650.8605794,90.43757659
4781,2014,CA,NPS,ILLILOUETTE,2014-09-02,2014-09-03,4,1,,0.100816,2010-2019,652.774407,90.5704429
4782,2014,CA,NPS,OTTOWAY,2014-07-20,2014-07-25,1,1,,0.1008155,2010-2019,652.6146094,90.5593565
4783,2014,CA,NPS,ROYAL,2014-07-20,2014-07-25,1,1,,0.100814,2010-2019,651.5141901,90.48297505
4784,2014,CA,NPS,HOOVER,2014-07-20,2014-07-23,1,1,,0.100814,2010-2019,652.6507638,90.56186493
4785,2014,CA,NPS,MINNOW,2014-10-25,2014-10-26,14,1,,0.1008132,2010-2019,651.3493676,90.47152896
4786,2014,CA,NPS,BUENA VISTA,2014-07-04,2014-07-05,4,1,,0.1008122,2010-2019,651.7491275,90.49928776
4787,2014,CA,NPS,PORCUPINE,2014-08-05,2014-08-06,14,1,,0.1008059,2010-2019,654.8720044,90.71584378
4788,2014,CA,NPS,NORTH,2014-07-24,2014-07-29,4,1,,0.1008057,2010-2019,654.5216607,90.69157494
4789,2014,CA,NPS,COYOTE,2014-07-19,2014-07-20,1,1,,0.1008057,2010-2019,655.4402003,90.75518978
4790,2014,CA,NPS,CARABINER,2014-09-01,2014-09-02,3,1,,0.1008057,2010-2019,654.2798909,90.67482338
4791,2014,CA,NPS,POINT,2014-10-18,2014-10-19,3,1,,0.1008025,2010-2019,654.4178332,90.68438139
4792,2014,CA,NPS,CASTLE,2014-11-10,2014-11-11,14,1,,0.1008023,2010-2019,654.4828764,90.68888789
4793,2014,CA,NPS,MCGURK,2014-07-20,2014-07-25,1,1,,0.1008011,2010-2019,653.2810508,90.60558371
4794,2014,CA,NPS,CREEK,2014-08-07,2014-08-08,1,1,,0.100801,2010-2019,655.4864847,90.7583941
4795,2014,CA,NPS,CAMPGROUND,2014-08-07,2014-08-08,1,1,,0.1008004,2010-2019,655.8068575,90.78057074
4796,2014,CA,NPS,CHILNUALNA,2014-10-16,2014-10-17,14,1,,0.1007996,2010-2019,650.69259,90.42590471
4797,2014,CA,NPS,EL CAP,2014-08-31,2014-08-31,14,1,,0.1007993,2010-2019,653.8190634,90.64288535
4798,2014,CA,NPS,GRANITE,2014-08-08,2014-08-09,1,1,,0.1007993,2010-2019,655.4627886,90.75675361
4799,2014,CA,NPS,LUKENS,2014-07-14,2014-07-28,1,1,,0.1007975,2010-2019,656.1809596,90.80645972
4800,2014,CA,NPS,LUKENS NORTH,2014-09-08,2014-09-09,4,1,,0.1007969,2010-2019,656.3451688,90.81782117
4801,2014,CA,NPS,WOLF,2014-07-16,2014-07-20,1,1,,0.100795,2010-2019,656.1991538,90.80771864
4802,2014,CA,NPS,SNOW,2014-08-07,2014-10-31,1,1,,0.1007903,2010-2019,660.7847168,91.12445143
4803,2014,CA,NPS,SMOKEY,2014-07-20,2014-07-25,1,1,,0.1007886,2010-2019,655.5043052,90.7596278
4804,2014,CA,NPS,TAMARACK,2014-09-21,2014-09-22,4,1,,0.1007861,2010-2019,654.1820718,90.66804489
4805,2014,CA,NPS,ASPEN,2014-07-14,2014-07-16,1,1,,0.1007821,2010-2019,655.3850622,90.75137236
4806,2014,CA,NPS,GIBSON,2014-07-20,2014-07-25,1,1,,0.1007801,2010-2019,658.4430685,90.96284751
4807,2014,CA,NPS,FALLS,2014-07-20,2014-07-25,1,1,,0.1007795,2010-2019,658.4033473,90.96010375
4808,2014,CA,NPS,LOOKOUT,2014-07-20,2014-07-25,1,1,,0.1007689,2010-2019,657.001287,90.86320304
4809,2014,CA,NPS,ELEANOR,2014-09-09,2014-09-10,1,1,,0.1007651,2010-2019,658.1188791,90.94045163
4810,2014,CA,NPS,VIEW RIDGE,2014-05-19,2014-05-19,14,8,,0.09348149,2010-2019,553.5546875,83.51164633
4811,2014,CA,NPS,LEONARDO,2014-11-05,2014-11-05,14,8,,0.09348052,2010-2019,553.5078125,83.5065399
4812,2014,CA,NPS,TAPIA,2014-01-12,2014-01-12,14,8,,0.09347441,2010-2019,552.8046875,83.45374555
4813,2014,CA,NPS,MURPHY,2014-05-11,2014-05-11,14,8,,0.09346852,2010-2019,552.2460938,83.41087584
4814,2014,CA,NPS,HIGHLAND,2014-11-21,2014-11-21,10,8,,0.09346706,2010-2019,553.0546875,83.47204971
4815,2014,CA,NPS,TRANCAS,2014-04-30,2014-04-30,11,8,,0.09346442,2010-2019,552.2070313,83.4090524
4816,2014,CA,NPS,ENCINAL,2014-06-03,2014-06-03,11,8,,0.09346381,2010-2019,552.8359375,83.45585552
4817,2013,CA,USF,RIM,2013-08-17,2013-10-24,4,7,1.0,256175.5,2010-2019,1667948767.0,432168.6781
4818,2013,CA,USF,POWERHOUSE,2013-05-30,2013-12-18,9,1,1.0,30267.69,2010-2019,181466415.3,145512.9669
4819,2013,CA,CDF,MOUNTAIN,2013-07-15,2013-07-30,9,7,1.0,27523.67,2010-2019,161435507.1,95986.47334
4820,2013,CA,USF,AMERICAN,2013-08-10,2013-10-08,9,7,1.0,27430.52,2010-2019,184785600.2,81139.67444
4821,2013,CA,CCO,SPRINGS,2013-05-02,2013-05-11,14,7,1.0,23676.66,2010-2019,140181674.9,166629.8046
4822,2013,CA,USF,ASPEN,2013-07-22,2013-09-08,1,2,1.0,22937.52,2010-2019,146988394.2,95975.02364
4823,2013,CA,USF,BUTLER,2013-07-31,2013-10-01,7,3,1.0,22444.86,2010-2019,160953803.0,144909.3577
4824,2013,CA,CDF,SILVER,2013-08-07,2013-08-13,14,7,1.0,20308.45,2010-2019,119546073.5,98489.47528
4825,2013,CA,USF,SALMON COMPLEX,2013-07-31,2013-08-25,7,7,1.0,14785.88,2010-2019,106172732.6,89990.97127
4826,2013,NV,USF,SPRING PEAK,2013-08-18,2013-08-27,1,8,1.0,14267.09,2010-2019,93756761.02,64610.16083
4827,2013,CA,USF,CORRAL,2013-08-10,2013-10-02,1,3,1.0,12541.42,2010-2019,89271126.63,132983.8962
4828,2013,CA,CDF,DEER,2013-08-23,2013-08-29,9,7,1.0,11428.75,2010-2019,79081221.04,48992.71047
4829,2013,CA,CDF,CLOVER,2013-09-09,2013-09-15,7,7,1.0,8075.774,2010-2019,56508890.34,45335.92266
4830,2013,CA,CDF,CHARIOT,2013-07-06,2013-07-15,14,1,1.0,7084.673,2010-2019,40807511.72,53154.69947
4831,2013,CA,CDF,PANTHER,2013-05-01,2013-12-09,9,2,1.0,6896.198,2010-2019,47851691.8,48466.54938
4832,2013,CA,BLM,RED ROCK,2013-07-01,2013-07-05,14,2,1.0,5365.245,2010-2019,36965185.2,38833.53079
4833,2013,CA,CCO,GRAND,2013-05-16,2013-05-22,14,1,1.0,4345.26,2010-2019,26130475.0,34387.4673
4834,2013,CA,USF,HATHAWAY,2013-06-06,2013-06-20,4,7,1.0,3779.732,2010-2019,22327193.68,37379.27028
4835,2013,CA,CDF,MCCABE,2013-11-22,2013-11-27,14,2,1.0,3506.425,2010-2019,23401590.3,44881.87327
4836,2013,CA,CDF,SUMMIT,2013-05-01,2013-05-04,14,2,1.0,3166.079,2010-2019,18670628.75,25026.54518
4837,2013,CA,CDF,MORGAN,2013-09-08,2013-09-16,9,1,1.0,3107.727,2010-2019,20222127.44,23760.19528
4838,2013,CA,CDF,FELIPE,2013-05-23,2013-05-27,18,1,1.0,2780.291,2010-2019,16084899.16,22545.76268
4839,2013,CA,CDF,SWEDES,2013-08-06,2013-08-22,2,1,1.0,2462.24,2010-2019,16740069.9,20013.13919
4840,2013,CA,DOD,DELUZ,2013-10-05,2013-10-14,14,8,1.0,2229.46,2010-2019,12969068.75,23821.65945
4841,2013,CA,USF,FISH,2013-08-23,2013-09-20,1,3,1.0,2049.495,2010-2019,12771694.97,30071.51832
4842,2013,CA,USF,WHITE,2013-05-27,2013-08-01,4,8,1.0,1912.05,2010-2019,11434226.65,25641.92825
4843,2013,CA,USF,CARSTENS,2013-06-16,2013-07-07,4,8,1.0,1707.613,2010-2019,11011624.92,23050.85181
4844,2013,CA,USF,FALLS,2013-08-05,2013-08-14,9,2,1.0,1384.327,2010-2019,8103325.426,20543.77563
4845,2013,CA,CDF,GENERAL,2013-05-26,2013-05-31,9,1,1.0,1270.866,2010-2019,7338934.645,21383.65032
4846,2013,CA,USF,POWER,2013-08-05,2013-08-18,4,7,1.0,1075.877,2010-2019,7071257.77,17255.32469
4847,2013,CA,USF,PFEIFFER,2013-12-16,2013-12-20,9,6,1.0,913.963,2010-2019,5698435.141,10666.78297
4848,2013,CA,CCO,RANCHO,2013-07-18,2013-07-22,3,1,1.0,712.046,2010-2019,4291750.027,9783.828502
4849,2013,CA,NPS,WINDY PEAK,2013-08-23,2013-11-07,1,1,1.0,681.3786,2010-2019,4331151.68,10982.39944
4850,2013,CA,CCO,LAKE,2013-05-17,2013-05-18,3,7,1.0,659.6399,2010-2019,3942097.43,13017.72624
4851,2013,CA,CCO,WATER,2013-07-23,2013-07-23,14,1,1.0,612.6207,2010-2019,3693875.578,10893.06397
4852,2013,CA,USF,DANCE,2013-07-29,2013-08-02,7,1,1.0,576.6869,2010-2019,4139115.0,14325.4174
4853,2013,CA,USF,KYBURZ,2013-07-08,2013-07-11,9,2,1.0,570.8655,2010-2019,3806521.477,14415.30947
4854,2013,CA,CDF,MILL,2013-06-28,2013-06-29,7,2,1.0,534.2628,2010-2019,3158858.648,11703.03665
4855,2013,CA,CDF,GORGONIO,2013-05-04,2013-05-05,14,7,1.0,510.2238,2010-2019,3004300.23,15087.73483
4856,2013,CA,USF,BRANCH,2013-06-01,2013-06-26,9,6,1.0,489.5211,2010-2019,2970511.824,10101.929
4857,2013,CA,CDF,ROLLING,2013-06-16,2013-06-18,10,1,1.0,481.9571,2010-2019,3065057.047,11703.16061
4858,2013,CA,CDF,KIRKER,2013-07-01,2013-07-03,11,1,1.0,478.0438,2010-2019,3118099.773,7608.863795
4859,2013,CA,USF,RIVER,2013-09-10,2013-09-12,9,8,1.0,439.6849,2010-2019,2688876.957,6824.363979
4860,2013,CA,FWS,FREMONT,2013-05-26,2013-05-28,14,1,,431.1986,2010-2019,2762632.488,7546.345407
4861,2013,CA,USF,TENANT,2013-08-18,2013-08-19,1,3,1.0,411.8869,2010-2019,2522976.328,6899.170194
4862,2013,CA,CDF,RIVER,2013-02-24,2013-03-01,14,2,1.0,406.8415,2010-2019,2559475.336,8138.932864
4863,2013,CA,USF,GOBBLERS,2013-08-19,2013-10-29,1,2,1.0,406.6946,2010-2019,2417877.434,8712.390576
4864,2013,CA,USF,SHIRLEY,2013-08-18,2013-08-19,1,3,1.0,378.6183,2010-2019,2328681.957,13347.16989
4865,2013,CA,LRA,JURUPA,2013-02-28,2013-03-02,14,1,1.0,362.2378,2010-2019,2136839.637,7110.643973
4866,2013,CA,CDF,TRES PINOS,2013-05-03,2013-05-03,2,2,1.0,353.4941,2010-2019,2235022.141,12260.93931
4867,2013,CA,USF,RIDGE/HEIGHTS,2013-08-18,2013-11-04,1,3,1.0,335.9537,2010-2019,2323939.563,9575.586067
4868,2013,CA,CDF,BORDER2,2013-05-22,2013-05-22,14,6,1.0,325.2898,2010-2019,1858576.164,7106.79867
4869,2013,CA,CDF,BECKS,2013-01-22,2013-01-24,5,5,1.0,318.5916,2010-2019,2135567.918,7703.871883
4870,2013,CA,USF,HIGH GLADE,2013-11-23,2013-11-30,2,7,1.0,304.9261,2010-2019,2059752.742,9182.262747
4871,2013,CA,CDF,PUTAH,2013-10-03,2013-10-04,14,1,1.0,303.9268,2010-2019,2020142.418,9547.251238
4872,2013,CA,CDF,SUMMIT,2013-10-04,2013-10-05,9,1,1.0,268.4904,2010-2019,1823626.957,10232.53336
4873,2013,CA,USF,LYON,2013-09-09,2013-09-12,9,1,1.0,263.2317,2010-2019,1508954.691,7313.507619
4874,2013,CA,BLM,HIGHLINE,2013-04-01,2013-04-03,1,1,1.0,261.724,2010-2019,1499833.453,6317.602741
4875,2013,CA,CDF,GRASS VALLEY,2013-09-10,2013-09-10,14,6,1.0,254.6736,2010-2019,1713957.113,5399.844291
4876,2013,CA,USF,SHARP,2013-08-08,2013-08-13,7,7,1.0,245.4933,2010-2019,1460644.828,6512.941084
4877,2013,CA,CDF,SHELTON,2013-05-30,2013-05-30,2,2,1.0,236.6837,2010-2019,1547392.25,5822.967838
4878,2013,CA,USF,DAVES,2013-06-10,2013-06-15,1,7,1.0,225.7149,2010-2019,1548014.973,6639.266151
4879,2013,CA,LRA,LONE,2013-06-03,2013-06-03,2,1,1.0,224.9926,2010-2019,1528495.551,14269.55614
4880,2013,CA,USF,TASSAJARA,2013-07-17,2013-08-07,4,6,1.0,212.4645,2010-2019,1324661.324,7662.932669
4881,2013,CA,CCO,MADRE,2013-09-23,2013-09-27,5,7,1.0,209.502,2010-2019,1241493.781,5678.745801
4882,2013,CA,CDF,306,2013-05-01,2013-05-02,5,2,1.0,208.3874,2010-2019,1418884.75,5836.213921
4883,2013,CA,USF,BEE,2013-08-09,2013-08-09,9,1,1.0,206.0807,2010-2019,1232954.25,7356.672398
4884,2013,CA,NPS,FORBIDDEN,2013-05-09,2013-10-18,1,1,1.0,198.145,2010-2019,1285353.031,13874.42964
4885,2013,CA,CDF,FOSTER,2013-05-03,2013-05-06,5,7,1.0,187.4242,2010-2019,1273802.348,5749.361345
4886,2013,CA,CDF,SILVERADO_2,2013-11-21,2013-11-23,14,1,1.0,187.2553,2010-2019,1235357.359,9496.883431
4887,2013,CA,CDF,GOLD,2013-04-30,2013-04-30,14,1,1.0,183.6424,2010-2019,1170900.641,4834.204082
4888,2013,CA,CDF,WARNER 1-1,2013-08-19,2013-08-27,1,1,1.0,182.4396,2010-2019,1299312.176,4936.995747
4889,2013,CA,LRA,PFE,2013-06-13,2013-06-13,14,6,1.0,179.7226,2010-2019,1196969.492,5500.147339
4890,2013,CA,USF,ANGORA,2013-09-08,2013-09-20,1,3,1.0,179.3931,2010-2019,1118899.996,8460.533272
4891,2013,CA,CDF,LAKEVILLE,2013-07-26,2013-07-27,2,2,1.0,177.8443,2010-2019,1166756.008,8412.064209
4892,2013,CA,CDF,REDLANDS,2013-07-16,2013-07-17,14,7,1.0,168.0977,2010-2019,991813.4375,4087.79807
4893,2013,CA,CDF,OTAY,2013-05-03,2013-05-03,14,1,1.0,164.2063,2010-2019,938370.7969,5025.904649
4894,2013,CA,NPS,OLD,2013-08-18,2013-08-21,10,1,1.0,161.9402,2010-2019,959319.6406,4798.664195
4895,2013,CA,CDF,CRANE,2013-10-04,2013-10-05,14,2,1.0,158.9431,2010-2019,1047272.695,4802.135325
4896,2013,CA,CDF,MURPHY,2013-06-23,2013-06-23,14,1,1.0,154.3738,2010-2019,1005413.328,6201.563994
4897,2013,CA,CCO,GOODENOUGH,2013-04-08,2013-04-08,11,7,1.0,145.2335,2010-2019,865726.8516,5042.004733
4898,2013,CA,CCO,MAGIC,2013-05-28,2013-05-28,2,1,1.0,145.1069,2010-2019,864912.7422,7302.052649
4899,2013,CA,USF,PEUTZ,2013-07-02,2013-07-02,9,7,1.0,139.3611,2010-2019,802166.5508,4276.985054
4900,2013,CA,CDF,CANTWELL,2013-11-08,2013-11-09,10,2,1.0,132.2902,2010-2019,884722.8633,3536.302123
4901,2013,CA,CDF,SMILEY,2013-05-25,2013-05-25,9,5,1.0,126.6421,2010-2019,747008.2109,4008.730494
4902,2013,CA,USF,SIERRA,2013-09-24,2013-09-24,9,7,1.0,123.3818,2010-2019,731934.6914,7013.619919
4903,2013,CA,CDF,GEORGE,2013-06-25,2013-06-27,14,1,1.0,117.7576,2010-2019,743017.6133,4797.214694
4904,2013,CA,CDF,BEALE,2013-06-15,2013-06-15,14,6,1.0,109.2949,2010-2019,736745.5664,4488.336962
4905,2013,CA,CDF,FREEMAN,2013-06-29,2013-06-29,10,7,1.0,105.2913,2010-2019,654931.1133,5533.568195
4906,2013,CA,CDF,RUTH HILL,2013-08-03,2013-08-04,14,1,1.0,101.2849,2010-2019,639403.1289,3536.593736
4907,2013,CA,LRA,SALE,2013-06-03,2013-06-03,8,7,1.0,100.1428,2010-2019,695055.1875,6268.486493
4908,2013,CA,CDF,HIGHLAND,2013-09-28,2013-09-29,14,2,1.0,98.82275,2010-2019,661745.2656,4201.863914
4909,2013,CA,USF,CLEGHORN,2013-08-17,2013-08-17,2,6,1.0,98.36967,2010-2019,584795.625,5545.827521
4910,2013,CA,USF,DAVIS,2013-09-05,2013-09-06,9,1,1.0,97.09415,2010-2019,706587.2578,7194.465273
4911,2013,CA,USF,LITTLE,2013-08-24,2013-08-29,9,1,1.0,95.79614,2010-2019,560836.4727,5522.970837
4912,2013,CA,CDF,CREEK,2013-09-24,2013-09-24,11,1,1.0,94.40611,2010-2019,576882.6328,5652.945716
4913,2013,CA,CDF,PINNACLES,2013-07-03,2013-07-03,10,5,1.0,92.91267,2010-2019,582520.2383,2960.150893
4914,2013,CA,USF,JOHNSON,2013-08-18,2013-11-04,1,8,1.0,90.90901,2010-2019,629062.1328,4715.138288
4915,2013,CA,CDF,WATER,2013-05-21,2013-05-21,9,1,1.0,89.7011,2010-2019,528986.25,3294.922474
4916,2013,CA,CDF,RETECH,2013-11-22,2013-11-23,5,1,1.0,84.23232,2010-2019,565786.2383,3907.291263
4917,2013,CA,CDF,YELLOW,2013-05-01,2013-05-02,11,1,1.0,83.76048,2010-2019,556435.3984,6719.464536
4918,2013,CA,USF,MURKEN,2013-08-19,2013-08-22,1,1,1.0,78.94888,2010-2019,559252.8008,3803.523404
4919,2013,CA,BLM,BACKUS,2013-03-23,2013-03-23,9,1,1.0,77.83089,2010-2019,470148.2852,5391.245577
4920,2013,CA,USF,LYTLE,2013-05-13,2013-05-13,2,8,1.0,76.87362,2010-2019,455710.0703,5555.130304
4921,2013,CA,LRA,LIVE OAK,2013-09-11,2013-09-11,14,1,1.0,72.77747,2010-2019,429617.1992,2597.229764
4922,2013,CA,CDF,MCGANNEY,2013-07-08,2013-07-08,14,1,1.0,72.70832,2010-2019,490680.8867,3948.336045
4923,2013,CA,BLM,ELKHORN,2013-05-23,2013-05-23,14,1,1.0,71.47372,2010-2019,432054.8555,3787.79007
4924,2013,CA,CDF,BRANCH,2013-08-01,2013-08-10,9,6,1.0,69.25648,2010-2019,473551.6133,3802.798844
4925,2013,CA,CDF,CEDAR,2013-05-01,2013-05-04,18,1,1.0,68.20666,2010-2019,471228.7695,2896.987339
4926,2013,CA,USF,RAIL,2013-09-05,2013-09-07,2,1,1.0,67.92242,2010-2019,491520.082,4244.943777
4927,2013,CA,CDF,RELAY,2013-08-04,2013-08-04,14,1,1.0,67.45936,2010-2019,397356.7031,3321.382759
4928,2013,CA,CDF,SPENCEVILLE,2013-06-15,2013-06-15,14,1,1.0,65.92692,2010-2019,443676.4805,3168.566381
4929,2013,CA,BLM,CLARKS,2013-05-12,2013-05-25,1,1,1.0,65.45874,2010-2019,466329.2461,8764.900924
4930,2013,CA,CDF,DOUBLE,2013-08-16,2013-08-17,10,2,1.0,64.27366,2010-2019,431494.0859,2829.849354
4931,2013,CA,USF,BALD,2013-08-19,2013-08-20,9,6,1.0,63.62325,2010-2019,394405.6094,4228.73103
4932,2013,CA,NPS,CHAGOOPA,2013-08-18,2013-10-28,1,6,1.0,62.14532,2010-2019,389543.7852,3390.655813
4933,2013,CA,CDF,BORDER,2013-05-22,2013-05-23,7,7,1.0,61.55982,2010-2019,352113.6797,6697.042774
4934,2013,CA,USF,GREEN,2013-09-11,2013-09-12,1,1,1.0,61.28841,2010-2019,441849.6445,3859.389435
4935,2013,CA,CDF,ADELAIDA,2013-07-07,2013-07-10,14,1,1.0,60.89512,2010-2019,373783.4688,3782.956081
4936,2013,CA,LRA,SILVERADO,2013-04-30,2013-05-01,5,1,1.0,60.21228,2010-2019,397810.5313,3601.031433
4937,2013,CA,USF,TRAM,2013-08-06,2013-08-07,2,6,1.0,59.22004,2010-2019,348230.5,2802.667861
4938,2013,CA,CDF,VALLEY 2,2013-09-24,2013-09-28,14,1,1.0,58.84497,2010-2019,338125.4102,3136.075582
4939,2013,CA,LRA,NICOLAUS WESTLAND,2013-06-04,2013-06-04,2,1,1.0,58.55238,2010-2019,391721.8906,3356.463078
4940,2013,CA,CDF,CENTERVILLE,2013-08-31,2013-09-01,9,1,1.0,54.39125,2010-2019,373469.6602,3516.642407
4941,2013,CA,USF,WHITTEMORE,2013-08-21,2013-08-22,1,1,1.0,51.76894,2010-2019,374943.4023,3949.80004
4942,2013,CA,CDF,TORO,2013-11-08,2013-11-10,2,1,1.0,51.07315,2010-2019,312277.7891,2896.900795
4943,2013,CA,USF,ROCK,2013-05-04,2013-05-12,9,8,1.0,50.99357,2010-2019,309539.2227,4063.410303
4944,2013,CA,CDF,CLEMENTS,2013-07-15,2013-07-15,2,1,1.0,50.12178,2010-2019,328001.5,3616.009716
4945,2013,CA,CDF,COTTONWOOD,2013-08-15,2013-08-15,2,1,1.0,49.51719,2010-2019,362239.3672,4255.078271
4946,2013,CA,USF,HIGHWAY,2013-05-13,2013-05-14,10,1,1.0,49.12442,2010-2019,293959.8633,3398.119976
4947,2013,CA,NPS,HOCKETT,2013-07-23,2013-11-07,1,1,1.0,48.82448,2010-2019,305413.5938,3912.296115
4948,2013,CA,CDF,TYLER,2013-08-31,2013-08-31,14,1,1.0,47.90649,2010-2019,324488.9844,3385.474456
4949,2013,CA,CDF,BRIDGE,2013-08-17,2013-08-17,14,1,1.0,46.3307,2010-2019,302937.5156,3658.728708
4950,2013,CA,CDF,SIERRA,2013-06-17,2013-06-20,2,1,1.0,45.56087,2010-2019,289848.8086,3314.90033
4951,2013,CA,CCO,HAPPY CAMP,2013-12-10,2013-12-10,11,1,1.0,44.73134,2010-2019,265945.1289,2557.790064
4952,2013,CA,CDF,TROUT,2013-07-31,2013-07-31,1,1,1.0,44.57877,2010-2019,323771.6719,2492.187953
4953,2013,CA,FWS,MIGUEL,2013-07-29,2013-07-29,14,1,,44.05412,2010-2019,252351.6367,2742.410592
4954,2013,CA,CDF,PRATT,2013-07-23,2013-07-23,10,5,1.0,41.20865,2010-2019,276360.0859,2473.157675
4955,2013,CA,CDF,DOOLITTLE,2013-07-12,2013-07-12,9,1,1.0,40.9242,2010-2019,275811.4727,3535.052263
4956,2013,CA,LRA,HEACOCK,2013-07-19,2013-07-19,14,5,1.0,40.5702,2010-2019,239251.3203,2149.644337
4957,2013,CA,CDF,VIPER,2013-06-08,2013-06-08,9,4,1.0,40.46907,2010-2019,238743.2617,3131.457944
4958,2013,CA,CDF,WOLF,2013-08-24,2013-08-25,10,1,1.0,40.36841,2010-2019,255800.2109,3391.986108
4959,2013,CA,USF,FLEA,2013-10-27,2013-11-27,1,1,1.0,39.54399,2010-2019,271356.3633,4558.347594
4960,2013,CA,USF,CHIQUITO,2013-05-11,2013-05-22,9,1,1.0,39.52785,2010-2019,254126.3398,2833.424017
4961,2013,CA,LRA,MAY,2013-05-01,2013-05-01,14,1,1.0,39.12205,2010-2019,235267.25,2678.624042
4962,2013,CA,LRA,HIDDEN,2013-06-06,2013-06-06,7,1,1.0,37.86338,2010-2019,224910.082,2551.466122
4963,2013,CA,CDF,COOSKIE,2013-07-12,2013-07-12,4,1,1.0,36.49929,2010-2019,253638.8203,2106.591607
4964,2013,CA,CDF,INDIAN,2013-08-07,2013-08-08,14,2,1.0,35.77302,2010-2019,241122.6211,2232.057613
4965,2013,CA,CDF,MOUNT,2013-06-20,2013-06-21,2,2,1.0,35.05123,2010-2019,235070.6797,2806.318538
4966,2013,CA,LRA,NELSON,2013-06-05,2013-06-05,2,1,1.0,33.0784,2010-2019,221290.6406,2493.481463
4967,2013,CA,CDF,COTTONTAIL,2013-05-20,2013-05-20,14,1,1.0,30.29119,2010-2019,185376.6797,2232.116448
4968,2013,CA,USF,TOWNSEND,2013-06-22,2013-06-22,2,6,1.0,29.87113,2010-2019,178701.1719,1711.631762
4969,2013,CA,CDF,FIDDLERS,2013-07-09,2013-07-09,14,5,1.0,29.70096,2010-2019,207323.9766,2417.585353
4970,2013,CA,CDF,THOMAS,2013-11-09,2013-11-09,10,1,1.0,27.81954,2010-2019,162519.5703,3209.076074
4971,2013,CA,CDF,ONION,2013-04-23,2013-05-01,18,1,1.0,27.25248,2010-2019,189220.4883,2578.09733
4972,2013,CA,CCO,CONDOR,2013-06-18,2013-06-18,14,1,1.0,25.82967,2010-2019,153928.168,1966.845746
4973,2013,CA,CDF,ROSA,2013-10-04,2013-10-04,2,1,1.0,24.74532,2010-2019,145234.9102,1990.018467
4974,2013,CA,FWS,SANCTUARY,2013-09-20,2013-09-24,9,1,,24.56812,2010-2019,146601.4258,1932.734342
4975,2013,CA,CDF,MCCOURTNEY,2013-05-04,2013-05-04,14,1,1.0,24.32616,2010-2019,163185.1523,2153.7614
4976,2013,CA,CDF,SIERRA,2013-08-10,2013-08-10,6,6,1.0,23.57369,2010-2019,157568.9023,4496.120655
4977,2013,CA,USF,GRIZZLY,2013-08-09,2013-08-16,1,1,1.0,23.21056,2010-2019,161468.8359,1973.722193
4978,2013,CA,USF,LOGAN,2013-09-10,2013-09-18,9,1,1.0,23.00315,2010-2019,161909.9766,2150.480676
4979,2013,CA,CDF,WALDO,2013-05-11,2013-05-11,9,1,1.0,22.87774,2010-2019,154090.8438,1690.740816
4980,2013,CA,CDF,DAM,2013-11-23,2013-11-24,14,2,1.0,22.64108,2010-2019,151622.9883,1606.839277
4981,2013,CA,CCO,WHEELER,2013-11-14,2013-11-14,2,1,1.0,22.4388,2010-2019,133663.1172,3466.057316
4982,2013,CA,CDF,BUSHNELL,2013-07-14,2013-07-14,2,1,1.0,22.16579,2010-2019,153979.9141,2674.904487
4983,2013,CA,CCO,CANYON,2013-09-21,2013-09-21,9,1,1.0,21.94959,2010-2019,131062.3984,2131.156637
4984,2013,CA,USF,HOUGH COMPLEX,2013-08-18,2013-11-04,1,8,1.0,21.56635,2010-2019,149237.4844,3245.932132
4985,2013,CA,CDF,DUTCHER,2013-05-08,2013-05-08,9,2,1.0,21.44638,2010-2019,142880.3945,1828.284699
4986,2013,CA,CCO,WILLIAMS,2013-08-21,2013-08-21,14,1,1.0,20.74544,2010-2019,127513.5625,1580.590249
4987,2013,CA,CDF,BODEN,2013-06-02,2013-06-02,9,1,1.0,20.55704,2010-2019,118852.3828,2633.521595
4988,2013,CA,USF,HUNT,2013-08-18,2013-09-06,1,8,1.0,20.3914,2010-2019,141274.9453,1954.88378
4989,2013,CA,USF,KEDDIE,2013-08-18,2013-09-09,1,3,1.0,20.06105,2010-2019,139207.2734,2095.088554
4990,2013,CA,CDF,SULPHUR,2013-08-24,2013-08-25,11,2,1.0,19.8916,2010-2019,133488.3984,1756.098597
4991,2013,CA,USF,HENRY,2013-12-18,2013-12-18,14,1,1.0,19.82545,2010-2019,131538.5742,2682.61211
4992,2013,CA,USF,CANE,2013-07-23,2013-07-23,1,6,1.0,19.64708,2010-2019,121091.2227,2153.575526
4993,2013,CA,USF,DEL,2013-06-09,2013-06-09,2,6,1.0,17.78473,2010-2019,106592.0352,1662.264543
4994,2013,CA,LRA,GADDY,2013-10-03,2013-10-04,14,2,1.0,17.72634,2010-2019,118911.7344,1739.939448
4995,2013,CA,CCO,UNNAMED FIRE,2013-08-19,2013-08-19,14,1,1.0,17.52763,2010-2019,107077.9141,1729.329377
4996,2013,CA,CDF,CACTUS,2013-09-04,2013-09-04,11,1,1.0,17.30028,2010-2019,101335.6602,1571.536884
4997,2013,CA,CDF,GLADDING,2013-08-19,2013-08-19,9,1,1.0,17.1972,2010-2019,115101.3125,1613.177313
4998,2013,CA,USF,TIGER,2013-08-18,2013-08-20,1,1,1.0,16.32401,2010-2019,108040.8164,1503.71461
4999,2013,CA,USF,BAR,2013-05-04,2013-05-07,1,1,1.0,15.35903,2010-2019,104514.3633,2104.582915
5000,2013,CA,NPS,SOTTY'S,2013-05-20,2013-06-06,11,8,1.0,15.23975,2010-2019,96955.71094,3610.955493
5001,2013,CA,CCO,COLTRANE,2013-06-22,2013-06-22,14,1,1.0,15.10816,2010-2019,89912.44141,1610.595859
5002,2013,CA,CDF,SYCAMORE,2013-08-04,2013-08-04,8,7,1.0,14.96562,2010-2019,93335.42578,1760.064765
5003,2013,CA,USF,BALTIC,2013-08-03,2013-08-05,14,1,1.0,14.92882,2010-2019,99324.41016,1626.911192
5004,2013,CA,CDF,BROWN,2013-08-15,2013-08-15,2,2,1.0,14.90101,2010-2019,103745.4453,1651.948124
5005,2013,CA,USF,LIEBRE,2013-11-12,2013-11-19,7,1,1.0,14.52183,2010-2019,87177.85938,1442.053121
5006,2013,CA,USF,FAWNSKIN,2013-04-19,2013-05-01,4,1,1.0,14.4006,2010-2019,85576.67578,2180.966397
5007,2013,CA,USF,CORRAL,2013-07-24,2013-08-24,1,7,1.0,14.3679,2010-2019,101198.5547,1293.040284
5008,2013,CA,CDF,SODA,2013-05-01,2013-05-02,11,1,1.0,14.15715,2010-2019,93395.94531,2151.379401
5009,2013,CA,CDF,SALES,2013-06-23,2013-06-23,9,1,1.0,14.14009,2010-2019,89727.59766,1321.609629
5010,2013,CA,CDF,MCGALL,2013-10-12,2013-10-12,2,5,1.0,13.9834,2010-2019,93875.26172,1418.276554
5011,2013,CA,USF,LA POSTA 2,2013-09-02,2013-09-02,1,1,1.0,13.75034,2010-2019,78894.93359,1390.638595
5012,2013,CA,CDF,SPRING,2013-01-27,2013-01-27,14,1,1.0,13.56809,2010-2019,86946.18359,1312.154177
5013,2013,CA,USF,WOOD,2013-08-04,2013-08-04,9,1,1.0,13.2623,2010-2019,78759.92578,2452.041036
5014,2013,CA,CDF,RED,2013-09-06,2013-09-07,1,1,1.0,12.95418,2010-2019,75024.39844,1024.557097
5015,2013,CA,CCO,LOWRIDGE,2013-12-29,2013-12-29,14,1,1.0,12.89286,2010-2019,76971.25781,2046.109774
5016,2013,CA,CCO,CANYON,2013-09-13,2013-09-13,14,1,1.0,12.73037,2010-2019,75364.58594,2053.29367
5017,2013,CA,LRA,FARM 2,2013-05-13,2013-05-13,14,1,1.0,12.7203,2010-2019,77836.93359,1479.692804
5018,2013,CA,CDF,GREY,2013-07-19,2013-09-19,14,1,1.0,12.05707,2010-2019,71461.16406,1068.234919
5019,2013,CA,USF,ISLAND,2013-07-09,2013-07-09,2,6,1.0,11.9789,2010-2019,71729.04297,1291.56098
5020,2013,CA,CCO,BARDSDALE,2013-05-09,2013-05-09,14,1,1.0,11.81112,2010-2019,70340.75391,1213.704687
5021,2013,CA,USF,GRUB,2013-03-17,2013-03-19,4,1,1.0,11.73746,2010-2019,76899.05078,1207.603248
5022,2013,CA,CDF,ENNIS,2013-05-22,2013-05-23,10,1,1.0,11.43256,2010-2019,72085.15625,1324.753673
5023,2013,CA,CDF,FARRIS,2013-06-29,2013-06-29,14,1,1.0,11.35403,2010-2019,74420.60938,1333.986909
5024,2013,CA,USF,KEENBROOK,2013-05-15,2013-05-15,6,1,1.0,11.03264,2010-2019,65480.89453,2446.036881
5025,2013,CA,CDF,VOLCANO,2013-08-03,2013-08-04,9,1,1.0,10.93474,2010-2019,73333.5,1320.204469
5026,2013,CA,CCO,BOUQUET,2013-04-08,2013-04-08,9,6,1.0,10.92064,2010-2019,65171.41797,1459.794114
5027,2013,CA,USF,OKLAHOMA,2013-08-07,2013-08-08,1,1,1.0,10.79402,2010-2019,78921.67578,2871.795273
5028,2013,CA,USF,13 ,2013-04-29,2013-05-01,4,1,1.0,10.66219,2010-2019,69842.4375,1280.512386
5029,2013,CA,USF,VAIL,2013-01-26,2013-05-26,9,1,1.0,10.54301,2010-2019,61470.55859,2004.874117
5030,2013,CA,USF,CREEK,2013-07-27,2013-07-28,1,1,1.0,10.52909,2010-2019,77081.26953,1391.728078
5031,2013,CA,CDF,AMIGAS,2013-07-04,2013-07-04,8,1,1.0,10.29018,2010-2019,67601.98438,1251.582726
5032,2013,CA,USF,ANDERSON,2013-07-04,2013-07-05,1,7,1.0,10.26719,2010-2019,69846.65625,1356.911961
5033,2013,CA,LRA,SHOOTING,2013-08-27,2013-08-27,2,8,1.0,10.215,2010-2019,60525.33984,1410.64805
5034,2013,CA,CDF,TELL,2013-03-10,2013-03-10,14,1,1.0,10.09579,2010-2019,73741.22656,1048.731373
5035,2013,CA,CDF,WHITE TAIL,2013-06-15,2013-06-15,14,1,1.0,9.926195,2010-2019,60919.59766,1148.514986
5036,2013,CA,CDF,MCDANIEL,2013-09-12,2013-09-12,3,1,1.0,9.204685,2010-2019,62082.60547,1106.281409
5037,2013,CA,USF,LITTLE,2013-07-26,2013-07-31,1,7,1.0,8.567074,2010-2019,61265.23438,975.1280035
5038,2013,CA,USF,MYSTERY,2013-05-14,2013-05-15,1,1,1.0,8.425359,2010-2019,55431.46875,1004.805419
5039,2013,CA,CDF,HAMMONTON,2013-07-06,2013-07-06,14,1,1.0,8.084121,2010-2019,54562.32031,1048.398265
5040,2013,CA,LRA,LOST HILLS,2013-04-06,2013-04-06,14,1,1.0,7.913583,2010-2019,48499.13672,937.1019965
5041,2013,CA,CDF,BOHAN,2013-09-25,2013-09-25,11,2,1.0,7.909993,2010-2019,52388.875,932.517154
5042,2013,CA,CCO,JACKS,2013-10-05,2013-10-05,14,1,1.0,7.346939,2010-2019,44530.0625,1208.202666
5043,2013,CA,CDF,AGER,2013-09-10,2013-09-10,2,1,1.0,7.327134,2010-2019,53505.27344,1299.982931
5044,2013,CA,LRA,VAN BUREN,2013-05-02,2013-05-02,3,5,1.0,7.173444,2010-2019,42341.46094,901.3610278
5045,2013,CA,CCO,HANNING,2013-04-14,2013-04-14,14,1,1.0,7.022251,2010-2019,43156.79688,1214.466087
5046,2013,CA,USF,CROCKETT,2013-08-09,2013-08-11,1,7,1.0,6.887073,2010-2019,46746.40234,1033.546185
5047,2013,CA,LRA,LAKESHORE,2013-08-30,2013-08-30,14,1,1.0,6.735321,2010-2019,45164.55859,859.2214084
5048,2013,CA,CCO,MARPLE,2013-09-08,2013-09-08,3,1,1.0,6.544206,2010-2019,39124.30469,967.7351413
5049,2013,CA,CCO,CLARITA,2013-10-05,2013-10-05,14,1,1.0,6.421675,2010-2019,38205.94922,2358.125972
5050,2013,CA,USF,GIRARD,2013-07-26,2013-08-15,1,1,1.0,5.95861,2010-2019,42581.01172,1086.334347
5051,2013,CA,CCO,MADISON,2013-05-27,2013-05-27,2,7,1.0,5.662212,2010-2019,33774.25391,912.1564268
5052,2013,CA,USF,KEN,2013-11-12,2013-11-12,9,1,1.0,5.235994,2010-2019,31083.78906,1478.887527
5053,2013,CA,USF,GULCH,2013-09-07,2013-09-09,9,6,1.0,5.024302,2010-2019,30050.85938,637.7819146
5054,2013,CA,USF,MESSENGER,2013-05-03,2013-05-04,4,1,1.0,4.500647,2010-2019,26804.85156,741.817185
5055,2013,CA,CCO,KEM,2013-09-22,2013-09-22,14,1,1.0,4.498317,2010-2019,27602.72656,841.7318833
5056,2013,CA,CCO,FARM,2013-05-01,2013-05-01,14,1,1.0,3.97835,2010-2019,24207.13672,1142.186313
5057,2013,CA,USF,GABRIEL,2013-07-30,2013-08-18,2,6,1.0,3.933502,2010-2019,23348.67188,616.5148241
5058,2013,CA,NPS,BALDY,2013-08-13,2013-08-19,14,1,1.0,3.692795,2010-2019,26404.14063,853.2965397
5059,2013,CA,CCO,VIRGENES,2013-09-18,2013-09-19,14,6,1.0,3.633029,2010-2019,21500.41016,697.3402178
5060,2013,CA,CCO,UNNAMED FIRE,2013-08-11,2013-08-11,14,1,1.0,3.555042,2010-2019,21606.24219,645.7317275
5061,2013,CA,NPS,COAST,2013-10-20,2013-10-21,3,1,1.0,3.211156,2010-2019,20971.73047,998.66768
5062,2013,CA,CCO,BRANDY,2013-05-02,2013-05-02,14,1,1.0,2.963335,2010-2019,18157.48047,897.365881
5063,2013,CA,BLM,RIO,2013-08-19,2013-08-19,14,1,1.0,2.898416,2010-2019,17790.24609,679.4531204
5064,2013,CA,LRA,UNNAMED FIRE,2013-07-09,2013-07-09,14,1,1.0,2.771321,2010-2019,17063.73438,812.0353496
5065,2013,CA,NPS,SHORELINE,2013-08-30,2013-08-30,11,1,1.0,2.539962,2010-2019,16601.10938,714.634797
5066,2013,CA,BLM,KENDON,2013-06-21,2013-06-21,14,1,1.0,2.411301,2010-2019,14611.47656,647.5525521
5067,2013,CA,CDF,SUMMIT,2013-04-24,2013-04-24,11,1,1.0,2.200399,2010-2019,14582.70313,562.6417187
5068,2013,CA,CDF,LICHENS,2013-06-16,2013-06-16,5,1,1.0,2.147175,2010-2019,15633.03125,661.622812
5069,2013,CA,CCO,VINE,2013-04-29,2013-04-29,14,1,1.0,1.999895,2010-2019,12067.25391,725.8046113
5070,2013,CA,CDF,THOUSAND OAKS,2013-06-01,2013-06-01,2,1,1.0,1.882901,2010-2019,12636.39453,606.189073
5071,2013,CA,CDF,PERCH,2013-07-11,2013-07-11,2,1,1.0,1.844568,2010-2019,13491.05078,510.0956461
5072,2013,CA,CCO,BEAR,2013-06-08,2013-06-08,14,1,1.0,1.814578,2010-2019,11021.08203,458.7133027
5073,2013,CA,LRA,CANYON,2013-08-19,2013-08-19,14,6,1.0,1.532762,2010-2019,9078.636719,376.6343774
5074,2013,CA,CDF,MORENA,2013-07-17,2013-07-17,14,1,1.0,1.434162,2010-2019,8209.457031,373.1960867
5075,2013,CA,LRA,CANAL,2013-04-06,2013-04-06,14,1,1.0,1.386466,2010-2019,8509.78125,559.9505605
5076,2013,CA,CCO,EVANS,2013-06-22,2013-06-22,14,1,1.0,1.352022,2010-2019,8316.707031,464.1712427
5077,2013,CA,FWS,CAMARILLO,2013-05-27,2013-05-28,10,1,1.0,1.235317,2010-2019,7326.265625,767.710156
5078,2013,CA,CCO,UNNAMED FIRE,2013-06-14,2013-06-14,14,1,1.0,1.154907,2010-2019,7022.53125,398.7580675
5079,2013,CA,USF,HOLCOMB,2013-03-30,2013-03-31,4,1,1.0,0.9463348,2010-2019,5626.394531,367.6491674
5080,2013,CA,USF,EVANS,2013-08-13,2013-08-25,1,3,1.0,0.7553352,2010-2019,5242.753906,381.613019
5081,2013,CA,CCO,CASTRO,2013-07-08,2013-07-08,2,6,1.0,0.608927,2010-2019,3601.644531,288.7165627
5082,2013,CA,LRA,OAT,2013-10-26,2013-10-26,14,6,1.0,0.5135471,2010-2019,3417.324219,240.2463913
5083,2013,CA,CDF,ENGLISH,2013-05-26,2013-05-26,5,1,1.0,0.4501346,2010-2019,3258.25,226.3351385
5084,2013,CA,LRA,APPLE,2013-04-14,2013-04-14,14,1,1.0,0.3679073,2010-2019,2229.992188,244.0058599
5085,2013,CA,NPS,CABLE,2013-03-28,2013-03-31,11,1,1.0,0.343236,2010-2019,2220.8125,278.7287438
5086,2013,CA,CCO,PIUTE,2013-05-13,2013-05-13,14,1,1.0,0.2883243,2010-2019,1768.195313,353.5671065
5087,2013,CA,CDF,COTTONWOOD,2013-07-04,2013-07-04,9,1,1.0,0.2727566,2010-2019,1995.46875,282.8731431
5088,2013,CA,NPS,SKAGWAY,2013-07-22,2013-09-20,1,1,1.0,0.1801186,2010-2019,1133.621094,192.9203995
5089,2013,CA,CDF,BENNETT,2013-05-01,2013-05-01,11,1,1.0,0.1311737,2010-2019,870.546875,119.6095333
5090,2013,CA,CDF,PIONEER,2013-07-30,2013-07-30,2,1,1.0,0.1090613,2010-2019,795.0820313,202.9028693
5091,2013,CA,NPS,WILLOW CREEK,2013-09-11,2013-10-28,1,1,1.0,0.09664457,2010-2019,605.4296875,138.9677671
5092,2013,CA,CDF,GRENADA,2013-07-08,2013-07-08,14,1,1.0,0.09033957,2010-2019,655.3984375,148.386131
5093,2013,CA,CCO,OLD TOPANGA,2013-03-11,2013-03-11,14,6,1.0,0.0852045,2010-2019,504.34375,86.38647964
5094,2013,CA,LRA,BUNNELL,2013-09-10,2013-09-16,1,1,1.0,0.07944366,2010-2019,514.8710938,81.37152482
5095,2013,CA,NPS,PICNIC,2013-08-08,2013-08-08,4,1,1.0,0.07944155,2010-2019,514.796875,81.36333888
5096,2013,CA,NPS,RAINBOW VIEW,2013-05-09,2013-05-14,1,1,1.0,0.07944103,2010-2019,514.7890625,81.36191297
5097,2013,CA,NPS,MERCED LAKE,2013-08-12,2013-08-13,14,1,1.0,0.07943822,2010-2019,514.9335938,81.37667007
5098,2013,CA,NPS,EAGLE,2013-08-13,2013-08-14,14,1,1.0,0.07940335,2010-2019,515.0390625,81.38792911
5099,2013,CA,NPS,CATHEDRAL,2013-06-29,2013-06-30,1,1,1.0,0.07939778,2010-2019,515.203125,81.40075539
5100,2013,CA,NPS,LAKE,2013-08-20,2013-08-23,1,1,1.0,0.0793656,2010-2019,515.3710938,81.41758347
5101,2013,CA,NPS,PORCUPINE,2013-09-10,2013-09-18,1,1,1.0,0.07934793,2010-2019,515.4335938,81.42254248
5102,2013,CA,NPS,MCSWAIN,2013-09-21,2013-10-18,1,1,1.0,0.07934421,2010-2019,515.4257813,81.42113073
5103,2013,CA,NPS,LINE,2013-09-21,2013-10-18,1,1,1.0,0.07933598,2010-2019,515.4453125,81.42442638
5104,2013,CA,NPS,RAISIN,2013-08-01,2013-08-02,4,1,1.0,0.07931699,2010-2019,515.671875,81.44568269
5105,2013,CA,NPS,DARK HOLE,2013-07-03,2013-07-04,1,1,1.0,0.07931547,2010-2019,515.6054688,81.43853429
5106,2013,CA,NPS,SIESTA,2013-07-31,2013-08-01,14,1,1.0,0.07930743,2010-2019,515.6210938,81.44117585
5107,2013,CA,NPS,HARDEN,2013-08-20,2013-08-21,1,1,1.0,0.07927231,2010-2019,515.828125,81.46193182
5108,2013,CA,NPS,AULIN,2013-07-18,2013-07-18,4,1,1.0,0.07926745,2010-2019,516.0390625,81.47822677
5109,2013,CA,NPS,PATE,2013-08-20,2013-08-23,1,1,1.0,0.0792402,2010-2019,516.0429688,81.48209036
5110,2013,CA,NPS,RODGERS,2013-07-25,2013-10-18,1,1,1.0,0.07918327,2010-2019,516.5039063,81.52294938
5111,2013,CA,NPS,RICHARDSON,2013-09-21,2013-10-18,1,1,1.0,0.07906692,2010-2019,517.1484375,81.58294766
5112,2013,CA,NPS,SNOW PEAK,2013-07-20,2013-10-18,1,1,1.0,0.07901904,2010-2019,517.5273438,81.61804391
5113,2012,CA,BLM,RUSH,2012-08-12,2012-10-22,1,3,1.0,315511.5,2010-2019,2218061438.0,546507.0028
5114,2012,OR,USF,BARRY POINT ,2012-08-06,2012-09-17,1,7,1.0,92944.53,2010-2019,681902775.9,249671.9101
5115,2012,CA,USF,CHIPS,2012-07-28,2012-08-31,4,8,1.0,76349.71,2010-2019,528590181.5,204185.0958
5116,2012,CA,USF,BAGLEY,2012-08-18,2012-10-29,1,8,1.0,46040.15,2010-2019,327793840.9,117009.5707
5117,2012,CA,USF,NORTH PASS,2012-06-18,2012-09-27,1,7,1.0,41812.52,2010-2019,287729525.4,111126.694
5118,2012,CA,USF,MILL,2012-07-07,2012-07-18,9,3,1.0,29525.45,2010-2019,199893955.1,77995.28321
5119,2012,CA,NPS,READING,2012-07-23,2012-11-13,14,8,1.0,28073.2,2010-2019,197002140.5,86000.49494
5120,2012,CA,CDF,PONDEROSA,2012-08-18,2012-10-12,1,1,1.0,27670.38,2010-2019,193418516.8,102054.413
5121,2012,CA,USF,GOFF,2012-08-05,2012-10-01,1,7,1.0,22266.95,2010-2019,162751189.6,167264.3286
5122,2012,CA,CDF,SIXTEEN COMPLEX,2012-09-04,2012-09-15,7,1,1.0,17942.15,2010-2019,120391382.0,84244.20185
5123,2012,CA,BLM,INDIAN,2012-08-08,2012-08-24,1,3,1.0,12575.24,2010-2019,81981634.47,76775.97571
5124,2012,CA,BLM,JAWBONE COMPLEX,2012-08-10,2012-09-05,1,3,1.0,12015.21,2010-2019,73128011.56,90661.34491
5125,2012,CA,BLM,WILSON,2012-08-13,2012-08-20,1,8,1.0,11667.14,2010-2019,67597875.15,61279.9772
5126,2012,CA,BLM,STEWART,2012-08-13,2012-08-20,1,8,1.0,10630.23,2010-2019,61517360.07,48025.58506
5127,2012,CA,BLM,LIKLEY,2012-09-05,2012-10-21,11,3,1.0,9965.598,2010-2019,71209131.32,137698.7898
5128,2012,CA,CDF,BANNER,2012-05-24,2012-05-29,14,2,1.0,5320.116,2010-2019,30731176.32,43905.60249
5129,2012,CA,CDF,WALKER,2012-08-12,2012-08-24,14,3,1.0,5102.583,2010-2019,34261006.57,31923.37751
5130,2012,CA,CDF,SCOTTS,2012-09-07,2012-09-14,4,7,1.0,4509.288,2010-2019,30381579.48,31374.47845
5131,2012,CA,CDF,SITES COMPLEX,2012-07-08,2012-07-19,7,2,1.0,4429.401,2010-2019,30023293.2,36321.84282
5132,2012,CA,USF,STAFFORD,2012-09-05,2012-09-13,9,8,1.0,4406.525,2010-2019,30911695.36,37938.78574
5133,2012,CA,USF,WILLIAMS,2012-09-02,2012-09-09,14,2,1.0,4192.321,2010-2019,24895969.18,29713.38081
5134,2012,CA,BLM,NELSON (W-1),2012-08-17,2012-09-03,1,3,1.0,3659.465,2010-2019,26256964.08,31068.01235
5135,2012,CA,CDF,WYE,2012-08-12,2012-08-24,14,3,1.0,2831.423,2010-2019,19004981.57,19734.48144
5136,2012,CA,CDF,BUCK,2012-08-14,2012-08-16,1,1,1.0,2637.363,2010-2019,15417675.93,20547.98084
5137,2012,CA,CDF,ROBBERS,2012-07-11,2012-07-20,7,1,1.0,2635.211,2010-2019,17709041.99,27493.70455
5138,2012,CA,CDF,SHOCKEY ,2012-09-23,2012-09-27,14,8,1.0,2555.589,2010-2019,14619442.3,33779.03629
5139,2012,CA,CDF,TURKEY,2012-07-09,2012-07-11,2,2,1.0,2530.048,2010-2019,15610400.65,27085.69913
5140,2012,CA,BLM,HIGHLAND,2012-06-16,2012-06-20,9,1,1.0,2177.426,2010-2019,12807202.61,18476.64894
5141,2012,CA,CDF,CHIHAUHAU 2,2012-08-09,2012-08-12,1,8,1.0,2006.962,2010-2019,11681162.69,17933.49542
5142,2012,CA,USF,FLAT,2012-07-11,2012-11-26,10,3,1.0,1720.212,2010-2019,12158142.69,18722.4945
5143,2012,CA,USF,GEORGE,2012-06-01,2012-06-17,7,7,1.0,1707.585,2010-2019,10623870.61,32825.89217
5144,2012,CA,NPS,CASCADE,2012-06-16,2012-11-09,1,2,2.0,1704.926,2010-2019,11062391.53,19298.89844
5145,2012,CA,USF,LAKE,2012-08-05,2012-08-09,1,1,1.0,1664.821,2010-2019,12118644.33,20371.92262
5146,2012,CA,CDF,GAINES,2012-05-31,2012-05-31,11,1,1.0,1662.4,2010-2019,10709708.2,17311.6628
5147,2012,CA,CDF,MILL,2012-08-13,2012-08-23,7,1,1.0,1640.921,2010-2019,11398496.57,17863.12272
5148,2012,CA,CCO,CLEAR,2012-08-10,2012-08-10,1,2,1.0,1451.634,2010-2019,8888691.398,18566.58115
5149,2012,CA,CCO,SAND,2012-07-17,2012-07-17,14,2,1.0,1428.454,2010-2019,8660541.633,21616.46172
5150,2012,CA,BLM,SPANISH,2012-07-18,2012-07-26,14,1,1.0,1150.858,2010-2019,8121722.73,15222.97574
5151,2012,CA,USF,RAMSEY,2012-08-11,2012-08-27,4,7,1.0,1136.776,2010-2019,7500877.535,15450.38717
5152,2012,CA,USF,FISH,2012-07-07,2012-07-11,14,1,1.0,1135.347,2010-2019,7240194.805,17837.67301
5153,2012,CA,CDF,DALE,2012-07-05,2012-07-07,11,7,1.0,1037.876,2010-2019,7270062.0,14767.07063
5154,2012,CA,CDF,OLD - 2,2012-06-17,2012-06-20,14,8,1.0,995.6812,2010-2019,5705265.594,15103.43574
5155,2012,CA,USF,SALT CREEK,2012-08-01,2012-09-26,9,8,1.0,982.1165,2010-2019,6951544.93,13774.03183
5156,2012,CA,USF,HELLO,2012-08-05,2012-10-01,1,7,1.0,977.025,2010-2019,7155969.305,11528.7285
5157,2012,CA,CCO,HILLSIDE,2012-07-03,2012-07-03,14,1,1.0,885.1592,2010-2019,5296213.688,12938.88845
5158,2012,CA,CDF,SEVEN,2012-07-10,2012-07-14,7,1,1.0,827.6981,2010-2019,5363404.906,18112.16362
5159,2012,CA,USF,BEAR,2012-08-06,2012-09-29,1,2,1.0,717.9003,2010-2019,4602807.453,12178.20878
5160,2012,CA,USF,PEAK,2012-07-28,2012-08-02,5,6,1.0,708.7601,2010-2019,4897343.262,11648.90254
5161,2012,CA,USF,HILL,2012-06-23,2012-07-07,9,1,1.0,689.6714,2010-2019,4140787.109,9565.815501
5162,2012,CA,USF,ANTELOPE,2012-08-21,2012-08-25,1,2,1.0,622.2993,2010-2019,4503900.477,16101.79542
5163,2012,CA,CDF,CALF,2012-07-16,2012-07-18,2,7,1.0,616.9758,2010-2019,3765755.781,11577.26425
5164,2012,CA,CDF,FOREST,2012-07-21,2012-07-29,2,1,1.0,601.8473,2010-2019,4019202.758,10171.75501
5165,2012,CA,USF,WARD,2012-09-11,2012-10-24,9,8,1.0,551.6505,2010-2019,3932098.387,10831.37848
5166,2012,CA,BLM,VALLECITO ,2012-08-13,2012-08-20,1,8,1.0,519.3954,2010-2019,2997647.523,9271.537912
5167,2012,CA,CCO,FIVE MILE,2012-06-08,2012-06-08,2,7,1.0,488.7408,2010-2019,2921616.59,10589.40341
5168,2012,CA,NPS,PASS,2012-08-10,2012-08-17,1,2,1.0,440.8306,2010-2019,2769982.773,7608.200657
5169,2012,CA,CDF,VISTA,2012-08-20,2012-08-21,2,1,1.0,402.8371,2010-2019,2358700.758,8841.834886
5170,2012,CA,USF,GULCH,2012-06-19,2012-06-24,9,3,1.0,385.1862,2010-2019,2366668.43,8103.111281
5171,2012,CA,BLM,VIEW,2012-06-17,2012-06-19,2,1,1.0,376.149,2010-2019,2217464.953,9119.732792
5172,2012,CA,CDF,NORTH,2012-07-28,2012-07-31,7,1,1.0,374.8729,2010-2019,2524228.094,10215.47796
5173,2012,CA,USF,OZENA,2012-06-16,2012-06-30,7,1,1.0,360.8288,2010-2019,2164651.074,9102.913745
5174,2012,CA,USF,DEVORE,2012-11-05,2012-11-05,2,1,1.0,334.4905,2010-2019,1986325.324,8439.095911
5175,2012,CA,USF,HEALD ,2012-08-04,2012-08-11,1,7,1.0,330.9691,2010-2019,2029622.023,6361.314195
5176,2012,CA,NPS,WOODS CREEK,2012-07-15,2012-10-17,14,2,1.0,324.3438,2010-2019,2055093.93,8256.871651
5177,2012,CA,BLM,RANGE,2012-05-06,2012-05-06,9,1,1.0,322.5931,2010-2019,1898856.738,8139.965022
5178,2012,CA,USF,DILLON,2012-08-03,2012-12-31,2,7,1.0,317.6489,2010-2019,2298623.164,18009.45028
5179,2012,CA,CDF,TWENTY_NINE,2012-10-18,2012-10-22,11,2,1.0,313.9962,2010-2019,2099273.227,7924.685604
5180,2012,CA,CDF,VOLCANO,2012-08-01,2012-08-05,2,2,1.0,309.349,2010-2019,1806777.949,8152.925526
5181,2012,CA,USF,COAL,2012-09-21,2012-10-27,9,8,1.0,268.6776,2010-2019,1900702.992,6134.094421
5182,2012,CA,NPS,QUAIL,2012-08-12,2012-09-05,1,8,1.0,257.6587,2010-2019,1519853.832,9859.630081
5183,2012,CA,CDF,LAKEPOINTE,2012-05-27,2012-05-28,14,1,1.0,256.1035,2010-2019,1506927.324,6421.057986
5184,2012,CA,USF,SLIDES,2012-09-02,2012-09-02,9,8,1.0,254.0029,2010-2019,1573751.754,5566.860374
5185,2012,CA,CDF,POWER,2012-09-01,2012-09-04,9,1,1.0,247.864,2010-2019,1756688.754,7215.535476
5186,2012,CA,CCO,SOUTH,2012-07-29,2012-08-01,14,1,1.0,245.7126,2010-2019,1505821.309,7866.980151
5187,2012,CA,CDF,CHENEY,2012-09-13,2012-09-15,9,2,1.0,230.5122,2010-2019,1610435.965,5909.41063
5188,2012,CA,USF,LICK,2012-08-05,2012-10-01,1,7,1.0,229.4074,2010-2019,1681296.758,5433.699627
5189,2012,CA,BLM,MARR,2012-08-12,2012-08-14,1,1,1.0,227.1395,2010-2019,1608026.059,6790.925458
5190,2012,CA,CCO,GRAPEVINE,2012-06-18,2012-06-18,14,1,1.0,206.0988,2010-2019,1243085.031,7063.686729
5191,2012,CA,CDF,RAMIREZ,2012-07-21,2012-07-21,5,1,1.0,199.3232,2010-2019,1348860.027,6271.317706
5192,2012,CA,CDF,SODA,2012-02-23,2012-02-26,18,2,1.0,196.7218,2010-2019,1299433.805,7227.121179
5193,2012,CA,CCO,KECKS,2012-07-08,2012-07-08,14,1,1.0,196.3657,2010-2019,1208526.918,7046.229209
5194,2012,CA,CDF,FLYNN,2012-10-01,2012-10-01,11,7,1.0,194.576,2010-2019,1315117.422,9092.471746
5195,2012,CA,CDF,OAK,2012-06-28,2012-07-02,5,1,1.0,192.0436,2010-2019,1392501.285,6433.212896
5196,2012,CA,CDF,BROADWAY NORTH COMPLEX,2012-07-07,2012-07-07,7,1,1.0,187.8274,2010-2019,1262436.004,7245.278287
5197,2012,CA,USF,WHEATS ,2012-08-04,2012-08-10,1,7,1.0,180.1102,2010-2019,1188453.094,11576.99889
5198,2012,CA,CCO,EMIGDIO,2012-06-29,2012-06-29,14,1,1.0,173.2719,2010-2019,1045048.613,4798.880579
5199,2012,CA,CDF,FIDDYMENT,2012-06-14,2012-06-14,14,1,1.0,168.4775,2010-2019,1125562.668,6419.192122
5200,2012,CA,CDF,BITTER,2012-08-31,2012-08-31,9,1,1.0,167.6615,2010-2019,1028008.754,6677.360926
5201,2012,CA,USF,CARY,2012-06-29,2012-06-30,8,8,1.0,160.4304,2010-2019,937651.8281,4921.567591
5202,2012,CA,BLM,CONSTANIA,2012-08-15,2012-08-15,1,1,1.0,154.7332,2010-2019,1067578.598,4192.740898
5203,2012,CA,CDF,CREEK,2012-09-04,2012-09-04,2,1,1.0,148.9871,2010-2019,1047848.113,5634.559764
5204,2012,CA,CCO,COPCO,2012-08-18,2012-08-18,14,1,1.0,146.9889,2010-2019,883171.918,6442.895485
5205,2012,CA,CDF,CALIENTE,2012-08-04,2012-08-04,1,2,1.0,144.3692,2010-2019,875361.9063,6861.940943
5206,2012,CA,BLM,HIGHLINE,2012-06-01,2012-06-01,5,1,1.0,142.1018,2010-2019,823030.8711,13132.61909
5207,2012,CA,USF,SISTERS,2012-10-11,2012-10-11,2,1,1.0,141.7717,2010-2019,1032013.879,8425.801164
5208,2012,CA,BLM,WINDY,2012-11-08,2012-11-08,2,1,1.0,136.8997,2010-2019,806035.0273,4281.172909
5209,2012,CA,CDF,LANES,2012-08-11,2012-08-12,3,2,1.0,135.8578,2010-2019,865088.3086,3742.921845
5210,2012,CA,CDF,PENN,2012-07-25,2012-08-01,2,1,1.0,134.2809,2010-2019,879774.957,7923.525505
5211,2012,CA,CCO,TWINS,2012-06-11,2012-06-11,14,1,1.0,130.0695,2010-2019,792537.2852,5448.935058
5212,2012,CA,CCO,TREE,2012-05-08,2012-05-08,14,1,1.0,126.4701,2010-2019,754222.0625,12216.33758
5213,2012,CA,BLM,SPANISH,2012-08-31,2012-09-01,4,1,1.0,121.8342,2010-2019,846095.0391,5046.376074
5214,2012,CA,BLM,BORDER 12,2012-07-07,2012-07-08,14,1,1.0,121.3023,2010-2019,693803.2539,9988.992557
5215,2012,CA,USF,BOWEN,2012-06-10,2012-06-11,4,1,1.0,118.7185,2010-2019,706611.7305,4818.155997
5216,2012,CA,CDF,OREGON,2012-07-08,2012-07-16,11,1,1.0,117.3579,2010-2019,800251.3555,4388.077331
5217,2012,CA,CDF,LA GRANGE,2012-07-10,2012-07-10,7,1,1.0,112.1598,2010-2019,726198.6172,7486.355483
5218,2012,CA,CDF,BEALE,2012-08-11,2012-08-11,2,1,1.0,109.8763,2010-2019,740708.9063,4323.792357
5219,2012,CA,CDF,FREEWAY,2012-07-23,2012-07-23,14,1,1.0,97.77544,2010-2019,574017.2461,4052.471267
5220,2012,CA,CDF,WALTZ,2012-06-15,2012-06-15,2,1,1.0,96.73997,2010-2019,648009.5664,3873.913242
5221,2012,CA,CDF,HORSESHOE,2012-06-21,2012-06-23,14,1,1.0,95.56466,2010-2019,623035.8008,5527.539866
5222,2012,CA,CCO,ANTONIO,2012-08-08,2012-08-08,10,1,1.0,95.17421,2010-2019,624249.4219,4249.601091
5223,2012,CA,CCO,OASIS,2012-06-30,2012-06-30,14,1,1.0,94.33763,2010-2019,562578.168,3983.849325
5224,2012,CA,CDF,LONOAK,2012-08-11,2012-08-11,9,8,1.0,93.35648,2010-2019,585212.5,2968.710415
5225,2012,CA,BLM,MIDOLI 2,2012-05-27,2012-05-27,9,1,1.0,93.25681,2010-2019,565509.7461,4850.995553
5226,2012,CA,LRA,POWER,2012-06-15,2012-06-15,14,1,1.0,92.62819,2010-2019,629507.9883,4595.934552
5227,2012,CA,CDF,PINE,2012-06-05,2012-06-06,2,1,1.0,90.84224,2010-2019,574873.7188,4923.181443
5228,2012,CA,CDF,LITTLE,2012-06-14,2012-06-15,10,1,1.0,86.87046,2010-2019,516939.957,4491.591265
5229,2012,CA,CDF,COLUMBIA,2012-06-16,2012-06-16,2,1,1.0,82.98972,2010-2019,556628.9297,4069.304631
5230,2012,CA,CDF,BREWER,2012-10-05,2012-10-05,5,1,1.0,79.67567,2010-2019,532278.5039,4563.742215
5231,2012,CA,CDF,WINDY,2012-06-10,2012-06-15,14,1,1.0,78.69503,2010-2019,546153.6484,4690.646729
5232,2012,CA,CCO,TELEGRAPH,2012-08-26,2012-08-26,1,2,1.0,75.20238,2010-2019,448229.75,3576.973147
5233,2012,CA,USF,HAPPY,2012-09-05,2012-10-02,9,3,1.0,74.9549,2010-2019,525458.8945,4205.797219
5234,2012,CA,BLM,MARRON,2012-07-01,2012-07-02,9,1,1.0,73.98676,2010-2019,423171.3047,2923.730621
5235,2012,CA,CCO,TOVEY,2012-07-31,2012-07-31,14,1,1.0,71.69716,2010-2019,428803.7305,2897.419431
5236,2012,CA,CDF,CEDAR,2012-05-25,2012-05-26,9,1,1.0,71.6502,2010-2019,419681.2773,2754.122847
5237,2012,CA,USF,LOMA,2012-08-26,2012-09-18,10,8,1.0,71.32693,2010-2019,504148.0742,3038.93804
5238,2012,CA,CDF,GOPHER,2012-07-23,2012-07-26,1,1,1.0,70.34376,2010-2019,457920.125,4704.225195
5239,2012,CA,CDF,RANCHITA,2012-06-18,2012-06-18,2,2,1.0,66.95442,2010-2019,412982.8359,3941.416953
5240,2012,CA,BLM,SOLEDAD,2012-06-17,2012-06-18,2,1,1.0,66.91458,2010-2019,404147.2031,4062.019955
5241,2012,CA,USF,CREEK,2012-06-08,2012-06-09,9,1,1.0,66.46069,2010-2019,390196.918,3245.763343
5242,2012,CA,BLM,SCHALER,2012-07-15,2012-07-16,14,1,1.0,65.7382,2010-2019,480983.2813,3269.30493
5243,2012,CA,CDF,JOHNSON,2012-08-06,2012-08-06,8,7,1.0,65.24155,2010-2019,409925.4258,3356.772864
5244,2012,CA,CDF,GRAHAM,2012-07-25,2012-08-01,2,8,1.0,64.3606,2010-2019,418875.082,4310.567718
5245,2012,CA,CDF,CRAM,2012-04-06,2012-04-06,5,1,1.0,64.10541,2010-2019,463807.9883,4931.542571
5246,2012,CA,USF,VALLEY,2012-09-03,2012-09-12,9,1,1.0,63.83113,2010-2019,383025.4805,3884.846617
5247,2012,CA,CDF,BORDER 6,2012-05-16,2012-05-18,14,1,1.0,61.55973,2010-2019,352085.6328,6697.031401
5248,2012,CA,CDF,ARROW COMPLEX,2012-10-04,2012-10-06,7,7,1.0,60.76419,2010-2019,438209.4961,3324.817005
5250,2012,CA,CDF,GREENSPOT,2012-09-08,2012-09-08,14,1,1.0,56.50734,2010-2019,334230.1797,2599.980756
5251,2012,CA,CDF,BORDER 7,2012-05-18,2012-05-18,14,1,1.0,56.17696,2010-2019,320968.7891,3200.743767
5252,2012,CA,CDF,CONCOW,2012-09-26,2012-09-29,2,1,1.0,55.93783,2010-2019,383358.3242,2963.634631
5253,2012,CA,CDF,IRON,2012-09-12,2012-09-12,9,1,1.0,53.65981,2010-2019,377534.1875,3696.819438
5254,2012,CA,LRA,SEPULVEDA PASS,2012-09-14,2012-09-15,14,7,1.0,53.52312,2010-2019,316652.7656,2280.398732
5255,2012,CA,CDF,GRADE,2012-08-12,2012-08-12,3,1,1.0,51.41531,2010-2019,348272.9922,2970.442465
5256,2012,CA,CDF,DAVIS,2012-07-22,2012-07-22,9,2,1.0,50.20044,2010-2019,311052.1289,2651.870614
5257,2012,CA,CDF,DERRICK,2012-07-15,2012-07-15,11,1,1.0,50.00498,2010-2019,311573.4414,3587.198593
5259,2012,CA,USF,TINTA,2012-06-03,2012-06-08,9,7,1.0,47.1736,2010-2019,283148.0469,4405.491637
5260,2012,CA,CDF,SHELLY,2012-08-11,2012-08-12,2,1,1.0,45.99245,2010-2019,301026.9102,4063.861247
5261,2012,CA,CDF,RED,2012-09-01,2012-09-02,2,1,1.0,45.88421,2010-2019,268540.3633,2551.613574
5262,2012,CA,CDF,ROCK,2012-05-23,2012-05-24,2,1,1.0,45.63428,2010-2019,266525.0781,2865.481972
5263,2012,CA,CDF,BLUFF,2012-09-17,2012-09-17,11,2,1.0,44.45541,2010-2019,262393.8047,1929.46543
5264,2012,CA,USF,HAZEL,2012-08-05,2012-08-08,4,1,1.0,44.30579,2010-2019,294970.8164,2930.341813
5265,2012,CA,USF,BILL,2012-08-05,2012-10-22,1,8,1.0,44.28058,2010-2019,322162.0742,3565.16967
5266,2012,CA,CDF,FIRESTONE,2012-05-25,2012-05-25,7,1,1.0,44.09071,2010-2019,273941.2891,2730.704266
5267,2012,CA,CCO,SANTIAGO,2012-09-27,2012-09-27,14,1,1.0,43.97403,2010-2019,258201.1719,2534.730179
5268,2012,CA,CDF,REEF,2012-06-25,2012-06-25,11,1,1.0,43.68042,2010-2019,269614.2578,3269.850587
5269,2012,CA,USF,LOOKOUT,2012-10-17,2012-10-27,5,1,1.0,43.56773,2010-2019,260248.2188,2065.232733
5270,2012,CA,CDF,TWIN,2012-07-11,2012-07-11,9,1,1.0,41.8919,2010-2019,246662.8906,2126.921341
5271,2012,CA,USF,SALISBURY,2012-08-05,2012-08-11,1,1,1.0,41.83918,2010-2019,302723.7266,2243.276981
5272,2012,CA,CCO,LAVAL,2012-06-03,2012-06-03,14,1,1.0,41.16521,2010-2019,248732.7813,2515.67585
5273,2012,CA,CDF,ISLAND,2012-07-16,2012-07-16,14,1,1.0,39.42474,2010-2019,265367.6836,3905.343404
5274,2012,CA,BLM,40,2012-08-08,2012-08-08,1,1,1.0,39.1368,2010-2019,283318.8164,2315.929202
5275,2012,CA,BLM,TERMO,2012-08-11,2012-08-12,3,1,1.0,38.64613,2010-2019,273601.375,2679.175134
5276,2012,CA,CDF,PIEDRA,2012-07-18,2012-07-18,2,1,1.0,36.75596,2010-2019,232422.2383,2856.132064
5277,2012,CA,BLM,POWERLINE,2012-06-14,2012-06-14,9,1,1.0,36.44505,2010-2019,217474.2852,3299.68726
5278,2012,CA,CCO,UNNAMED FIRE,2012-08-04,2012-08-04,14,1,1.0,35.61077,2010-2019,216931.3828,2290.219465
5279,2012,CA,CCO,SKYLINE,2012-08-27,2012-08-27,14,1,1.0,35.34611,2010-2019,210122.8086,3500.430392
5280,2012,CA,CDF,AIRPORT,2012-04-29,2012-04-29,5,1,1.0,35.04528,2010-2019,255662.1289,2822.799222
5281,2012,CA,CCO,PRISON,2012-07-02,2012-07-02,14,1,1.0,33.2103,2010-2019,201296.5469,3185.406891
5282,2012,CA,CDF,GLORIA,2012-07-12,2012-07-12,9,5,1.0,30.7073,2010-2019,192754.4961,2793.476677
5283,2012,CA,BLM,ADOBE,2012-07-26,2012-07-30,1,1,1.0,30.60186,2010-2019,199898.9922,5169.345429
5284,2012,CA,BLM,JAMESON,2012-06-03,2012-06-04,9,1,1.0,30.00077,2010-2019,179647.082,3450.712138
5285,2012,CA,USF,TRUCK,2012-09-14,2012-09-14,9,1,1.0,29.61336,2010-2019,174347.7031,3353.739416
5286,2012,CA,CCO,MARTINONI,2012-08-21,2012-08-21,14,1,1.0,29.55169,2010-2019,194423.3945,2833.663529
5287,2012,CA,CCO,LANCER,2012-07-08,2012-07-08,14,1,1.0,29.23741,2010-2019,176091.4102,2789.523019
5288,2012,CA,CCO,MOUNT SINAI,2012-08-30,2012-08-30,14,1,1.0,29.06263,2010-2019,172691.1406,1833.102296
5289,2012,CA,CDF,ARMARIO,2012-08-07,2012-08-11,2,1,1.0,27.80452,2010-2019,181370.0156,4042.351051
5290,2012,CA,USF,BLUE,2012-08-05,2012-08-20,1,2,1.0,27.25939,2010-2019,162871.2578,2503.278895
5291,2012,CA,BLM,CHRISTMAS,2012-09-29,2012-09-29,9,1,1.0,27.12194,2010-2019,159173.8281,2266.111704
5292,2012,CA,CCO,RIDGE,2012-06-25,2012-06-25,14,1,1.0,27.09223,2010-2019,162811.0273,2769.680685
5293,2012,CA,USF,DONNELL ,2012-10-06,2012-10-07,9,1,1.0,27.06427,2010-2019,178386.7852,3012.917541
5294,2012,CA,CDF,198,2012-01-09,2012-01-09,11,1,1.0,26.50986,2010-2019,164867.9375,4859.744862
5295,2012,CA,LRA,BLUFF 2,2012-09-17,2012-09-17,9,6,1.0,25.88265,2010-2019,152776.0078,1941.070156
5296,2012,CA,BLM,LAMB,2012-08-11,2012-08-12,1,1,1.0,25.16839,2010-2019,148159.1094,2142.344443
5297,2012,CA,USF,CARIBOU,2012-09-03,2012-09-16,4,8,1.0,24.01273,2010-2019,170933.293,3422.22852
5298,2012,CA,CDF,WALDO,2012-06-11,2012-06-12,9,1,1.0,22.87774,2010-2019,154090.8438,1690.740816
5299,2012,CA,CCO,LERDO,2012-02-10,2012-02-10,14,1,1.0,22.81753,2010-2019,139670.8906,1507.762307
5300,2012,CA,CDF,RUTH,2012-07-20,2012-07-20,11,1,1.0,22.72357,2010-2019,143489.8867,2016.55499
5301,2012,CA,CDF,ARROWHEAD,2012-07-23,2012-07-24,14,1,1.0,22.66902,2010-2019,134870.1758,1596.52137
5302,2012,CA,CDF,POND,2012-06-14,2012-06-19,2,1,1.0,21.93608,2010-2019,150266.1758,1956.129701
5303,2012,CA,CCO,CONEJO,2012-08-10,2012-08-10,10,1,1.0,21.88642,2010-2019,129796.4492,1714.844233
5304,2012,CA,CDF,DYER,2012-06-22,2012-06-22,11,1,1.0,21.76446,2010-2019,144976.4063,1965.578308
5305,2012,CA,CCO,UNNAMED FIRE,2012-03-31,2012-03-31,14,1,1.0,21.45018,2010-2019,132169.5117,2300.64014
5306,2012,CA,CDF,TRACTOR,2012-02-04,2012-02-04,2,1,1.0,21.09004,2010-2019,131236.8359,1474.313059
5307,2012,CA,CCO,CONDOR,2012-06-25,2012-06-25,14,1,1.0,20.97988,2010-2019,127151.543,2123.195658
5309,2012,CA,USF,RUTH DAM,2012-07-08,2012-07-16,9,1,1.0,20.7737,2010-2019,144971.4453,2790.741075
5310,2012,CA,CDF,LINDELL,2012-06-18,2012-06-18,14,1,1.0,20.55804,2010-2019,120646.4141,2233.669748
5311,2012,CA,CDF,OTAY - 3,2012-06-20,2012-06-20,14,1,1.0,20.46337,2010-2019,133629.1328,1644.121488
5312,2012,CA,CDF,LCA 1-9,2012-08-19,2012-08-19,1,6,1.0,20.46128,2010-2019,144929.2266,1752.910529
5313,2012,CA,LRA,KUCK,2012-07-29,2012-07-29,5,1,1.0,20.31199,2010-2019,147845.8047,2074.012593
5314,2012,CA,USF,CRANSTON,2012-07-01,2012-07-01,9,1,1.0,20.23123,2010-2019,118693.8516,3020.845658
5315,2012,CA,USF,SPUR ,2012-10-29,2012-10-29,2,6,1.0,19.96159,2010-2019,129280.5313,1499.963004
5316,2012,CA,BLM,BIEDERMAN,2012-07-22,2012-07-24,1,1,1.0,19.96126,2010-2019,130797.1133,3283.410991
5317,2012,CA,CDF,JACK,2012-07-03,2012-07-03,10,1,1.0,19.90348,2010-2019,122532.6406,2494.119908
5318,2012,CA,CDF,COUNTY,2012-06-07,2012-06-08,9,1,1.0,19.81854,2010-2019,134231.9922,2303.299849
5319,2012,CA,CDF,HIGH,2012-08-10,2012-08-11,14,1,1.0,19.5654,2010-2019,116582.6484,1770.038281
5320,2012,CA,CCO,WOFFORD,2012-07-30,2012-07-30,9,1,1.0,17.76819,2010-2019,109219.0898,1685.991227
5321,2012,CA,USF,ROCK,2012-06-09,2012-06-13,9,6,1.0,17.56652,2010-2019,106496.1172,1712.632142
5322,2012,CA,CCO,TEXCO,2012-04-03,2012-04-03,14,1,1.0,17.54579,2010-2019,107318.1563,1435.933785
5323,2012,CA,BLM,STEELE,2012-06-02,2012-06-02,2,1,1.0,17.39638,2010-2019,102114.6602,1625.134525
5324,2012,CA,CCO,UNNAMED FIRE,2012-06-03,2012-06-03,14,1,1.0,17.29,2010-2019,106410.8477,1405.83736
5325,2012,CA,BLM,STONE,2012-08-18,2012-08-21,1,1,1.0,17.14488,2010-2019,120678.1094,1675.499127
5326,2012,CA,USF,RED,2012-09-18,2012-10-22,9,8,1.0,16.5757,2010-2019,120026.8633,4947.434357
5327,2012,CA,CDF,GILMER,2012-08-25,2012-08-25,9,1,1.0,16.11734,2010-2019,94607.43359,1354.525849
5328,2012,CA,BLM,RANGE,2012-09-29,2012-10-02,9,1,1.0,15.65881,2010-2019,91959.60156,1507.436386
5329,2012,CA,USF,PARK,2012-08-05,2012-08-13,9,8,1.0,15.28892,2010-2019,110129.4492,2538.00298
5330,2012,CA,CDF,WHITEWATER,2012-11-08,2012-11-08,2,1,1.0,15.23534,2010-2019,89822.48047,2020.204248
5332,2012,CA,CDF,COLLINS,2012-06-09,2012-06-12,9,1,1.0,14.9755,2010-2019,101434.3164,2216.683934
5333,2012,CA,CCO,HILL,2012-06-21,2012-06-21,14,1,1.0,14.68506,2010-2019,89037.25391,1720.608691
5334,2012,CA,USF,SUMMIT,2012-04-09,2012-04-22,5,6,1.0,14.6584,2010-2019,94121.55469,1211.121445
5335,2012,CA,CCO,JACK,2012-06-23,2012-06-23,14,1,1.0,14.42359,2010-2019,88783.97656,1281.168368
5336,2012,CA,USF,CECIL,2012-08-30,2012-11-01,9,1,1.0,14.06266,2010-2019,100461.8711,1675.622259
5337,2012,CA,USF,COTTONWOOD,2012-04-03,2012-04-04,18,1,1.0,14.06191,2010-2019,81842.07422,2202.042759
5338,2012,CA,CDF,OLD STAGE,2012-07-19,2012-07-19,7,7,1.0,13.97499,2010-2019,88231.18359,1904.616998
5339,2012,CA,CDF,MILL,2012-06-27,2012-06-28,7,1,1.0,13.74345,2010-2019,92562.95313,1340.978845
5340,2012,CA,CCO,RING MOUNTAIN,2012-06-14,2012-06-14,14,1,1.0,13.64399,2010-2019,88848.45703,1214.114617
5342,2012,CA,USF,LAWLER,2012-01-08,2012-01-10,9,1,1.0,13.52737,2010-2019,79465.62109,1928.27564
5343,2012,CA,CDF,WONDERLAND 2,2012-09-10,2012-09-10,14,6,1.0,13.28975,2010-2019,93687.29688,1832.346638
5344,2012,CA,CDF,VIEW,2012-05-19,2012-05-21,5,7,1.0,13.27463,2010-2019,88876.55078,1508.522412
5345,2012,CA,BLM,WASH,2012-08-11,2012-08-11,1,1,1.0,13.18567,2010-2019,79143.51563,1164.054462
5346,2012,CA,CCO,EDMONSTON,2012-06-22,2012-06-22,14,1,1.0,13.1081,2010-2019,79147.63281,3795.868045
5347,2012,CA,CDF,FIDDYMENT,2012-07-02,2012-07-02,14,1,1.0,13.05276,2010-2019,87124.27734,1327.7359
5348,2012,CA,CDF,TWENTY,2012-07-13,2012-07-13,2,1,1.0,13.03008,2010-2019,88032.97266,1803.150152
5349,2012,CA,USF,SWIM,2012-08-18,2012-09-01,1,1,1.0,12.80291,2010-2019,88790.90625,1095.125176
5350,2012,CA,BLM,BOONE,2012-06-24,2012-06-24,9,1,1.0,12.60547,2010-2019,77482.42969,1656.676666
5351,2012,CA,USF,SAGE HEN,2012-08-04,2012-08-31,1,1,1.0,12.46299,2010-2019,81020.30469,1362.414036
5352,2012,CA,BLM,RED,2012-05-23,2012-05-25,14,1,1.0,12.44968,2010-2019,88649.44141,3188.88858
5353,2012,CA,CDF,NORTH,2012-11-06,2012-11-06,7,5,1.0,12.41647,2010-2019,78508.94141,1065.536803
5354,2012,CA,CCO,HOWARD,2012-10-30,2012-10-30,5,2,1.0,12.36368,2010-2019,73305.01563,1214.555239
5355,2012,CA,CCO,ALISO,2012-01-02,2012-01-02,2,1,1.0,12.31213,2010-2019,73466.59766,2066.360264
5356,2012,CA,USF,PANORAMA,2012-08-29,2012-09-01,1,6,1.0,12.28031,2010-2019,73231.51172,1183.448064
5357,2012,CA,CDF,JOLON,2012-02-25,2012-02-25,18,7,1.0,12.07879,2010-2019,74808.5625,1436.077454
5359,2012,CA,USF,CAMPGROUND,2012-06-13,2012-06-13,9,8,1.0,11.76812,2010-2019,72286.91797,1555.817824
5360,2012,CA,USF,YELLOWJACKET,2012-03-09,2012-03-12,9,6,1.0,11.4274,2010-2019,68311.42578,1682.832014
5361,2012,CA,BLM,BORDER 6,2012-05-17,2012-05-19,14,3,1.0,11.37237,2010-2019,64971.52734,1871.705049
5362,2012,CA,CDF,KENWOOD,2012-09-19,2012-09-20,14,1,1.0,11.28533,2010-2019,66983.65234,1426.607265
5363,2012,CA,BLM,MARTINEZ,2012-08-13,2012-08-16,1,1,1.0,11.01509,2010-2019,64347.46875,1850.248867
5365,2012,CA,CCO,MESA,2012-07-30,2012-07-30,2,1,1.0,10.90204,2010-2019,65113.05078,1163.613311
5366,2012,CA,USF,COW,2012-08-05,2012-08-10,1,6,1.0,10.86877,2010-2019,69890.01172,1169.565997
5367,2012,CA,CDF,DUNLAP,2012-05-31,2012-05-31,14,1,1.0,10.58809,2010-2019,66837.125,1447.846541
5368,2012,CA,USF,NORTH PASS ,2012-06-18,2012-06-27,1,2,1.0,10.47538,2010-2019,72076.73047,1097.549075
5369,2012,CA,CDF,ARROW COMPLEX,2012-10-04,2012-10-06,7,1,1.0,10.4508,2010-2019,75352.68359,1724.206629
5370,2012,CA,CDF,SAN ARDO,2012-11-21,2012-11-21,11,7,1.0,10.35928,2010-2019,64142.08594,1657.157678
5371,2012,CA,USF,DEER,2012-01-13,2012-01-14,5,7,1.0,10.26912,2010-2019,66584.06641,1295.037542
5372,2012,CA,CDF,SYLVA,2012-03-08,2012-03-08,5,1,1.0,10.17638,2010-2019,74159.64063,1109.823414
5373,2012,CA,USF,WOOLSTAFF,2012-08-10,2012-08-11,1,6,1.0,10.17154,2010-2019,62276.84766,1136.482587
5374,2012,CA,USF,CHINA,2012-06-19,2012-06-28,4,1,1.0,10.14638,2010-2019,65426.01172,1598.947127
5375,2012,CA,CDF,RIDGE,2012-08-04,2012-08-04,1,1,1.0,10.13082,2010-2019,63191.23828,1203.902645
5376,2012,CA,CDF,BRADFORD,2012-07-22,2012-07-22,14,1,1.0,10.05645,2010-2019,58680.23047,1222.890848
5377,2012,CA,CDF,RIVER,2012-06-26,2012-06-27,11,2,1.0,9.902733,2010-2019,66543.40625,1078.862293
5378,2012,CA,USF,LAKE,2012-10-03,2012-10-26,9,8,1.0,9.714417,2010-2019,68870.28125,1508.119418
5379,2012,CA,CCO,BOUQUET,2012-10-03,2012-10-03,9,6,1.0,9.260748,2010-2019,55451.46094,914.0334098
5380,2012,CA,USF,SOURGRASS ,2012-08-04,2012-08-05,1,1,1.0,9.016233,2010-2019,59215.57031,1524.956282
5381,2012,CA,USF,HWY 18,2012-01-12,2012-01-14,2,1,1.0,8.931617,2010-2019,53002.24609,1254.435718
5382,2012,CA,CDF,HAMMONTON,2012-06-09,2012-06-09,14,1,1.0,8.801872,2010-2019,59378.08203,1237.035932
5383,2012,CA,NPS,SOUTH,2012-08-10,2012-08-13,1,2,1.0,8.680425,2010-2019,54499.39453,1146.847394
5384,2012,CA,CCO,NINE,2012-01-31,2012-01-31,14,1,1.0,8.37477,2010-2019,51512.99219,1019.896966
5386,2012,CA,CCO,CHESTER EXT,2012-07-04,2012-07-04,14,1,1.0,7.590494,2010-2019,46400.65625,1162.95638
5389,2012,CA,CCO,AGUA,2012-04-08,2012-08-04,2,6,1.0,7.086761,2010-2019,42290.55859,775.2703414
5391,2012,CA,LRA,RUSTIC,2012-09-15,2012-09-15,7,7,1.0,6.449695,2010-2019,38133.90625,1069.19507
5392,2012,CA,USF,LYTLE,2012-06-24,2012-06-24,9,1,1.0,6.424704,2010-2019,38159.74609,1291.809302
5393,2012,CA,CDF,BONITA,2012-08-09,2012-08-09,1,1,1.0,6.413171,2010-2019,37490.14453,810.2350632
5394,2012,CA,CDF,MOFFETT,2012-08-09,2012-08-09,1,1,1.0,6.224275,2010-2019,45046.52734,937.9049652
5395,2012,CA,USF,STEELE,2012-03-11,2012-03-12,16,1,1.0,6.09081,2010-2019,36421.48828,1465.249003
5398,2012,CA,CDF,STONY,2012-10-01,2012-10-02,10,6,1.0,5.728555,2010-2019,37738.96094,1224.961222
5399,2012,CA,CCO,RANCHO,2012-06-01,2012-06-01,14,1,1.0,5.61855,2010-2019,33875.44922,1054.720997
5400,2012,CA,USF,NORTH PASS,2012-08-18,2012-09-18,1,3,1.0,5.369696,2010-2019,36975.17969,1627.316409
5401,2012,CA,LRA,OLIVEVIEW,2012-07-24,2012-07-25,14,1,1.0,5.262163,2010-2019,31305.83984,836.4430989
5402,2012,CA,CDF,ARROW COMPLEX,2012-10-04,2012-10-06,7,1,1.0,5.197586,2010-2019,37444.04688,1522.208305
5403,2012,CA,CCO,WALKER,2012-05-29,2012-05-29,14,1,1.0,5.085289,2010-2019,31009.08203,844.1522283
5404,2012,CA,CCO,UNNAMED FIRE,2012-03-31,2012-03-31,14,1,1.0,4.845564,2010-2019,29484.67969,1117.517177
5405,2012,CA,CDF,TAFFLE,2012-08-09,2012-08-10,5,1,1.0,4.751993,2010-2019,27809.84766,1026.885818
5406,2012,CA,CDF,SHASTA,2012-07-14,2012-07-14,14,1,1.0,4.532138,2010-2019,33001.53516,989.9049415
5407,2012,CA,CCO,HOOPER,2012-11-24,2012-11-24,14,1,1.0,4.333495,2010-2019,26562.45313,1029.368526
5408,2012,CA,CDF,SCOTT,2012-06-06,2012-06-06,9,1,1.0,4.255865,2010-2019,24914.65625,930.5268974
5409,2012,CA,CCO,CAMP 9,2012-05-26,2012-05-26,14,1,1.0,4.21137,2010-2019,25892.0,1005.692909
5410,2012,CA,CCO,MARTINEZ,2012-02-09,2012-02-09,14,1,1.0,4.11401,2010-2019,24535.29688,675.269261
5411,2012,CA,CCO,BEALE,2012-07-03,2012-07-03,14,1,1.0,3.91666,2010-2019,23837.67969,784.5608316
5412,2012,CA,USF,BIGROCK,2012-10-20,2012-10-21,7,1,1.0,3.582148,2010-2019,21345.1875,865.69332
5413,2012,CA,CCO,UNNAMED FIRE,2012-01-02,2012-01-02,14,1,1.0,3.577844,2010-2019,21971.51953,615.6198241
5414,2012,CA,FWS,TURKEY,2012-06-22,2012-06-22,14,4,1.0,3.573257,2010-2019,22088.10547,635.3777613
5415,2012,CA,CCO,LERDO,2012-06-08,2012-06-08,14,1,1.0,3.505998,2010-2019,21453.53906,729.5966909
5416,2012,CA,CCO,SIERRA,2012-05-17,2012-05-17,14,1,1.0,3.3817,2010-2019,20421.65625,842.7342823
5417,2012,CA,CDF,DUZEL,2012-03-10,2012-03-10,5,1,1.0,3.286155,2010-2019,23770.625,830.9739198
5418,2012,CA,USF,HWY 74,2012-06-02,2012-06-02,2,1,1.0,3.270212,2010-2019,19174.36328,683.9021026
5419,2012,CA,CCO,UNNAMED FIRE,2012-01-21,2012-01-21,1,1,1.0,3.157247,2010-2019,19224.84375,1087.405796
5420,2012,CA,BLM,WYNOLA,2012-08-13,2012-08-20,1,8,1.0,3.0334,2010-2019,17538.12891,520.5977808
5421,2012,CA,USF,PEAK,2012-07-28,2012-08-02,5,3,1.0,2.916034,2010-2019,20155.38281,563.1357402
5422,2012,CA,CDF,BOLES,2012-06-21,2012-06-21,4,1,1.0,2.544223,2010-2019,18325.50781,803.9371909
5423,2012,CA,CCO,TUCKER,2012-10-27,2012-10-27,14,1,1.0,2.454007,2010-2019,14877.95313,511.4861321
5424,2012,CA,CDF,JOYLAND,2012-04-29,2012-04-29,5,1,1.0,2.345029,2010-2019,17005.37109,618.0858857
5425,2012,CA,CDF,EDGEWOOD,2012-02-21,2012-02-21,5,1,1.0,2.311249,2010-2019,16675.35938,767.0813791
5426,2012,CA,CDF,ARROW COMPLEX,2012-10-04,2012-10-06,7,7,1.0,2.248165,2010-2019,16208.16016,572.2992237
5427,2012,CA,BLM,SHOOTS,2012-08-13,2012-08-20,1,8,1.0,1.987259,2010-2019,11575.29688,431.3129246
5428,2012,CA,CDF,ARROW COMPLEX,2012-10-04,2012-10-06,7,1,1.0,1.821284,2010-2019,13132.96875,531.6391197
5429,2012,CA,CCO,BLUE,2012-08-28,2012-08-29,14,1,1.0,1.567934,2010-2019,9654.898438,547.0792109
5430,2012,CA,BLM,COOPER,2012-08-13,2012-08-20,1,3,1.0,1.48182,2010-2019,8629.527344,567.2708452
5431,2012,CA,CCO,UNNAMED FIRE,2012-05-11,2012-05-11,14,1,1.0,1.346432,2010-2019,8215.714844,359.7075154
5432,2012,CA,CCO,CHOCTAW,2012-02-05,2012-02-05,14,1,1.0,1.226759,2010-2019,7495.394531,426.095642
5433,2012,CA,CCO,VISTA,2012-06-22,2012-06-22,14,1,1.0,1.113958,2010-2019,6754.679688,498.8161458
5434,2012,CA,CDF,DORRIS,2012-03-27,2012-03-27,9,1,1.0,1.046569,2010-2019,7660.050781,508.6584039
5435,2012,CA,CDF,DENNIS,2012-04-07,2012-04-07,2,1,1.0,1.019931,2010-2019,7454.144531,482.5748175
5436,2012,CA,CCO,MULHOLLAND,2012-10-26,2012-10-26,14,1,1.0,1.006281,2010-2019,5978.404922,274.0927798
5437,2012,CA,CCO,UNNAMED FIRE,2012-06-12,2012-06-12,14,1,1.0,1.004881,2010-2019,6085.707031,457.8111185
5438,2012,CA,CDF,BAILEY,2012-07-24,2012-07-24,14,1,1.0,0.9245238,2010-2019,6769.257813,361.1582427
5439,2012,CA,CCO,UNNAMED FIRE,2012-09-27,2012-09-27,14,1,1.0,0.8748451,2010-2019,5315.574219,287.4443899
5440,2012,CA,CCO,COLE,2012-06-13,2012-06-13,14,1,1.0,0.8198445,2010-2019,4988.226563,359.4955901
5441,2012,CA,CCO,UNNAMED FIRE,2012-04-12,2012-04-12,14,1,1.0,0.7917694,2010-2019,4799.566406,389.1390199
5442,2012,CA,CCO,COWBOY,2012-06-07,2012-06-07,14,1,1.0,0.7817711,2010-2019,4771.871094,368.9687536
5443,2012,CA,CDF,REYNOLDS,2012-01-10,2012-01-10,5,1,1.0,0.7661005,2010-2019,5553.023438,291.7497333
5444,2012,CA,CDF,POND,2012-06-14,2012-06-19,2,1,1.0,0.730868,2010-2019,5006.882813,289.6538713
5445,2012,CA,USF,POWERHOUSE,2012-10-17,2012-10-18,14,1,1.0,0.7162568,2010-2019,4287.890625,524.5171417
5446,2012,CA,CCO,PASADENA,2012-05-16,2012-05-16,14,1,1.0,0.7149562,2010-2019,4386.476563,318.3824424
5447,2012,CA,CCO,KEYSTONE,2012-07-04,2012-07-04,3,1,1.0,0.6350515,2010-2019,3828.472656,499.2036272
5448,2012,CA,CCO,CASTLE ROCK,2012-01-26,2012-01-26,11,1,1.0,0.6287549,2010-2019,3658.515625,370.3710778
5449,2012,CA,CCO,TUCKER,2012-05-25,2012-05-25,14,1,1.0,0.6045671,2010-2019,3668.222656,493.5862236
5450,2012,CA,CDF,ARROW COMPLEX,2012-10-04,2012-10-06,7,1,1.0,0.5528333,2010-2019,3986.621094,368.4033847
5451,2012,CA,CDF,PIONEER,2012-06-09,2012-06-09,5,1,1.0,0.5372313,2010-2019,3915.753906,311.6982653
5452,2012,CA,LRA,MONTAGUE,2012-07-15,2012-07-15,14,1,1.0,0.4858736,2010-2019,3532.808594,328.5045515
5453,2012,CA,CDF,PICARD_2,2012-09-18,2012-09-18,14,1,1.0,0.418681,2010-2019,3067.808594,400.8700007
5454,2012,CA,CCO,ESCONDIDO,2012-06-01,2012-06-01,3,1,1.0,0.393941,2010-2019,2352.199219,221.742662
5455,2012,CA,CCO,HISTORY,2012-07-30,2012-07-30,14,1,1.0,0.3196306,2010-2019,1926.53125,323.3976298
5456,2012,CA,CCO,VANTAGE POINTE,2012-03-03,2012-03-03,14,1,1.0,0.2644691,2010-2019,1559.539063,247.6774352
5457,2012,CA,CCO,UNNAMED FIRE,2012-05-31,2012-05-31,14,1,1.0,0.2572567,2010-2019,1563.730469,348.3199288
5458,2012,CA,CDF,TAFFLE,2012-08-09,2012-08-10,5,1,1.0,0.2373483,2010-2019,1389.050781,181.2635108
5459,2012,CA,CDF,PICARD_5,2012-09-18,2012-09-18,9,1,1.0,0.1757126,2010-2019,1288.429688,176.0255389
5460,2012,CA,CDF,PICARD_3,2012-09-18,2012-09-18,14,1,1.0,0.1121255,2010-2019,821.7070313,222.5415505
5461,2012,CA,CDF,PICARD_4,2012-09-18,2012-09-18,7,1,1.0,0.061134,2010-2019,448.1914063,127.7310824
5462,2012,CA,CDF,PICARD_1,2012-09-18,2012-09-18,9,1,1.0,0.04874072,2010-2019,357.0585938,86.99210541
5463,2012,CA,CCO,155,2012-02-09,2012-02-09,14,1,1.0,0.04238342,2010-2019,260.7851563,74.63920775
5464,2011,CA,CCO,COMANCHE,2011-09-10,2011-09-17,1,2,1.0,25939.01,2010-2019,157240317.0,82556.81493
5465,2011,CA,CCO,BRECKENRIDGE COMPLEX,2011-09-10,2011-09-17,1,7,1.0,25223.41,2010-2019,153998209.2,108936.9582
5466,2011,CA,USF,LION,2011-07-08,2011-11-08,1,7,1.0,20681.54,2010-2019,129117383.1,101561.7996
5467,2011,CA,CCO,CANYON,2011-09-04,2011-09-10,16,7,1.0,14585.36,2010-2019,88202155.55,73058.58319
5468,2011,CA,CDF,EAGLE,2011-07-21,2011-07-29,7,7,1.0,13992.99,2010-2019,81301192.0,106704.093
5469,2011,CA,CCO,REED,2011-09-10,2011-09-11,1,2,1.0,5899.568,2010-2019,36122198.96,30547.11985
5470,2011,CA,CDF,JOHN,2011-09-13,2011-09-16,14,1,1.0,5799.841,2010-2019,36981655.83,25623.9013
5471,2011,CA,USF,MOTOR,2011-08-25,2011-10-01,2,8,1.0,5230.338,2010-2019,33848175.14,33502.16355
5472,2011,CA,CCO,ANTELOPE,2011-06-19,2011-06-21,14,7,1.0,5068.753,2010-2019,30984982.28,32885.41903
5473,2011,CA,CCO,NORTH,2011-09-10,2011-09-11,1,2,1.0,3438.941,2010-2019,21067006.76,23593.8121
5474,2011,CA,CCO,QUINN,2011-06-21,2011-06-21,14,1,1.0,3138.897,2010-2019,19329947.8,21830.17678
5475,2011,CA,CCO,INDIAN,2011-09-10,2011-09-14,1,7,1.0,3068.719,2010-2019,18688030.68,23021.58699
5476,2011,CA,CCO,KNOB,2011-09-10,2011-09-11,1,7,1.0,2709.766,2010-2019,16385981.13,20803.13736
5477,2011,CA,CCO,BLACK,2011-09-10,2011-09-14,1,1,1.0,2577.548,2010-2019,15650173.46,18386.38753
5478,2011,CA,CDF,GREAT,2011-10-01,2011-10-07,14,7,1.0,2133.962,2010-2019,12328060.11,19342.57651
5479,2011,CA,CCO,CATTLE,2011-09-11,2011-09-11,1,2,1.0,2130.331,2010-2019,12983735.6,22242.77109
5480,2011,CA,BLM,ANNIE,2011-08-18,2011-08-26,14,1,1.0,2075.78,2010-2019,15184435.72,18354.24011
5481,2011,CA,CCO,65,2011-09-23,2011-09-24,1,1,1.0,2003.45,2010-2019,12343043.26,22792.90763
5482,2011,CA,USF,COUGAR,2011-06-08,2011-09-05,4,1,1.0,1790.561,2010-2019,12986264.08,17976.10861
5483,2011,CA,CCO,BAKER,2011-09-10,2011-09-14,1,7,1.0,1711.335,2010-2019,10432032.41,20841.43933
5484,2011,CA,NPS,WELLS,2011-08-27,2011-09-09,1,2,1.0,1708.175,2010-2019,10414672.29,25493.15246
5485,2011,CA,CDF,SODA,2011-09-03,2011-09-03,2,7,1.0,1533.496,2010-2019,9351670.395,23480.7611
5486,2011,CA,USF,RUTH,2011-09-23,2011-09-29,5,3,1.0,1457.138,2010-2019,10137233.02,25857.59772
5487,2011,CA,USF,SCORPION,2011-07-15,2011-09-05,6,1,1.0,1417.535,2010-2019,10328312.15,23105.53731
5488,2011,CA,USF,MAMMOTH,2011-07-15,2011-09-05,6,1,1.0,1193.316,2010-2019,8686068.305,15486.59727
5489,2011,CA,USF,HILL,2011-09-02,2011-09-02,14,2,1.0,1159.325,2010-2019,6901881.152,16113.66839
5490,2011,CA,CDF,STAGE,2011-06-27,2011-06-27,2,1,1.0,1129.855,2010-2019,6964604.719,12544.61113
5491,2011,CA,CDF,MILTON,2011-09-09,2011-09-09,1,1,1.0,1122.455,2010-2019,7314608.891,16286.03509
5492,2011,CA,USF,COVE,2011-05-27,2011-06-02,9,2,1.0,1121.373,2010-2019,6887568.301,27090.98485
5493,2011,CA,USF,WILLOWS,2011-09-04,2011-09-12,7,7,1.0,1121.115,2010-2019,6937807.672,11775.99832
5494,2011,CA,NPS,AVALANCHE,2011-07-30,2011-09-11,1,1,1.0,1068.116,2010-2019,6909905.574,14812.40384
5495,2011,CA,BLM,BUCKEYE,2011-09-25,2011-10-02,1,1,1.0,1045.609,2010-2019,6872126.336,16617.10671
5496,2011,CA,CDF,GILMAN,2011-08-06,2011-08-07,14,2,1.0,1026.639,2010-2019,6050513.422,11895.22249
5497,2011,CA,NPS,TAMARACK,2011-09-13,2011-10-04,1,1,1.0,1014.106,2010-2019,6580488.207,12277.38664
5498,2011,CA,CDF,WINTERTON,2011-03-02,2011-03-10,18,1,1.0,908.4495,2010-2019,5759529.055,11787.84407
5499,2011,CA,CDF,GRANITE,2011-07-11,2011-07-11,1,1,1.0,872.8737,2010-2019,5418690.121,10286.1415
5500,2011,CA,CDF,METZ,2011-05-14,2011-05-14,11,2,1.0,832.1211,2010-2019,5211177.199,13715.74578
5501,2011,CA,BIA,LAGUNA,2011-05-18,2011-05-23,14,8,1.0,730.8424,2010-2019,4199821.824,19313.76653
5502,2011,CA,CDF,BEACON,2011-08-27,2011-08-30,7,1,1.0,702.765,2010-2019,4625491.387,13160.90464
5503,2011,CA,CDF,BLUE,2011-12-01,2011-12-06,5,1,1.0,698.1445,2010-2019,4601599.539,35041.18556
5504,2011,CA,USF,FIGUERO,2011-09-03,2011-09-12,2,8,1.0,675.5593,2010-2019,4069234.426,10367.23547
5505,2011,CA,BLM,58 COMPLEX,2011-08-03,2011-08-04,11,1,1.0,674.2451,2010-2019,4104856.379,17018.65113
5506,2011,CA,CCO,IKEA,2011-08-08,2011-08-08,14,1,1.0,667.1498,2010-2019,4027347.984,9923.557536
5507,2011,CA,CDF,PASS,2011-08-03,2011-08-09,10,7,1.0,643.9498,2010-2019,4424770.563,10951.51475
5508,2011,CA,CCO,WOLF,2011-09-10,2011-09-11,1,1,1.0,633.4729,2010-2019,3829518.68,8975.238057
5509,2011,CA,USF,MINT,2011-09-17,2011-09-19,9,2,1.0,601.9916,2010-2019,3600745.398,8952.761601
5510,2011,CA,CDF,ERRECA,2011-06-26,2011-06-26,10,1,1.0,568.4095,2010-2019,3599806.043,8977.401648
5511,2011,CA,USF,ONION,2011-08-19,2011-10-11,1,1,1.0,561.7266,2010-2019,4010788.434,10279.41458
5512,2011,CA,CCO,BLUE,2011-09-10,2011-09-11,1,1,1.0,561.4402,2010-2019,3458284.012,9813.242751
5513,2011,CA,CCO,CALIENTE,2011-09-10,2011-09-10,1,1,1.0,552.2788,2010-2019,3360418.594,8449.928509
5514,2011,CA,CCO,LIGHTNING,2011-09-10,2011-09-11,1,2,1.0,550.7938,2010-2019,3370411.055,9566.94363
5515,2011,CA,BLM,WINDY POINT,2011-09-24,2011-09-26,9,1,1.0,541.4962,2010-2019,3186533.16,8188.83035
5516,2011,CA,CDF,SPANISH,2011-07-08,2011-07-11,2,7,1.0,523.9898,2010-2019,3638494.164,11345.10925
5517,2011,CA,CDF,FLYNN ,2011-07-14,2011-07-14,9,2,1.0,517.3747,2010-2019,3352477.832,12014.10769
5518,2011,CA,CDF,TOP,2011-07-21,2011-07-22,8,2,1.0,516.9648,2010-2019,3346731.145,10291.08121
5519,2011,CA,CCO,CARBON CANYON,2011-07-07,2011-07-08,14,7,1.0,508.3433,2010-2019,2996047.605,8143.542193
5520,2011,CA,CDF,KNOXVILLE,2011-08-13,2011-08-16,3,1,1.0,507.8069,2010-2019,3381835.773,7597.908365
5521,2011,CA,USF,PUNCH,2011-09-12,2011-10-21,1,1,2.0,507.4517,2010-2019,3334175.316,8248.426653
5522,2011,CA,CDF,TENNESSEE,2011-09-11,2011-09-11,1,1,1.0,484.8282,2010-2019,2999287.109,7574.735629
5523,2011,CA,USF,LONG,2011-09-12,2011-10-05,1,1,1.0,482.9054,2010-2019,3218470.715,10753.95266
5524,2011,CA,CCO,HARPER,2011-09-10,2011-09-14,1,1,1.0,465.2943,2010-2019,2840164.582,9152.599931
5525,2011,CA,CDF,ROMERO,2011-07-23,2011-07-23,14,1,1.0,451.0401,2010-2019,2873078.281,8683.635613
5526,2011,CA,CDF,CENTER,2011-03-18,2011-03-20,14,1,1.0,440.6908,2010-2019,2813239.23,15962.88246
5527,2011,CA,CDF,CHRISMAN,2011-07-05,2011-07-05,10,2,1.0,431.7294,2010-2019,2789928.941,12174.25797
5528,2011,CA,CDF,KELLER,2011-08-29,2011-08-30,2,1,1.0,411.1817,2010-2019,2406200.09,9870.635914
5529,2011,CA,CCO,OLD,2011-09-23,2011-09-24,1,1,1.0,408.6696,2010-2019,2518320.445,7590.568989
5530,2011,CA,CDF,CATTLEMAN,2011-05-29,2011-05-29,11,2,1.0,384.795,2010-2019,2386209.992,7882.3596
5531,2011,CA,CDF,HIGHWAY,2011-06-24,2011-06-24,10,1,1.0,380.589,2010-2019,2335108.215,6482.250003
5532,2011,CA,CCO,OASIS,2011-08-27,2011-08-27,1,7,1.0,355.5502,2010-2019,2120391.66,11041.14368
5533,2011,CA,USF,SALT,2011-12-01,2011-12-07,9,1,1.0,342.9043,2010-2019,2267817.91,9631.187025
5534,2011,CA,CDF,MUD SPRINGS,2011-09-23,2011-09-23,1,1,1.0,342.8059,2010-2019,2150175.199,7142.72151
5535,2011,CA,CDF,KRISTA,2011-07-09,2011-07-10,14,1,1.0,341.6777,2010-2019,2307392.867,8225.865038
5536,2011,CA,CDF,ROADRUNNER,2011-09-04,2011-09-04,7,1,1.0,334.6219,2010-2019,2074458.113,8760.496411
5537,2011,CA,BLM,HERLONG,2011-07-15,2011-07-17,14,1,1.0,324.9071,2010-2019,2251290.754,9498.041468
5538,2011,CA,USF,KEN,2011-08-22,2011-08-23,2,1,1.0,322.3915,2010-2019,1914310.227,8970.183335
5539,2011,CA,CCO,WAGON,2011-09-05,2011-09-05,15,7,1.0,298.8475,2010-2019,1784580.387,9208.111887
5540,2011,CA,CDF,BOWEN,2011-06-09,2011-06-10,14,1,1.0,294.4362,2010-2019,1753553.77,8191.850323
5541,2011,CA,CCO,HART,2011-09-10,2011-09-12,1,1,1.0,283.8314,2010-2019,1730319.133,8601.454451
5542,2011,CA,BLM,HOG,2011-07-30,2011-08-05,1,7,1.0,267.3528,2010-2019,1890640.848,9469.157217
5543,2011,CA,CCO,RANGE,2011-05-28,2011-05-28,10,7,1.0,241.0146,2010-2019,1448829.945,8217.35547
5544,2011,CA,CDF,WEST BUTTE,2011-05-14,2011-05-14,9,6,1.0,240.4373,2010-2019,1621029.957,6493.057949
5545,2011,CA,CCO,HARRIS,2011-09-10,2011-09-11,1,1,1.0,217.545,2010-2019,1314647.777,4961.24977
5546,2011,CA,BLM,TRONA,2011-05-21,2011-05-22,9,1,1.0,217.4034,2010-2019,1327503.656,11245.85165
5547,2011,CA,CDF,RELIZ,2011-08-16,2011-08-19,10,2,1.0,215.6143,2010-2019,1341677.164,7725.867966
5548,2011,CA,CDF,WEST,2011-09-23,2011-09-23,14,1,1.0,214.0219,2010-2019,1334298.633,6656.165546
5549,2011,CA,CDF,GATOS,2011-05-22,2011-05-22,2,1,1.0,209.7798,2010-2019,1306479.242,4961.059039
5550,2011,CA,USF,BUTTERMILK,2011-05-25,2011-05-28,4,8,1.0,206.3687,2010-2019,1323247.516,9864.067054
5551,2011,CA,NPS,BALD,2011-06-24,2011-06-30,1,1,1.0,202.9928,2010-2019,1319724.988,5442.981335
5552,2011,CA,CDF,PALA,2011-08-29,2011-09-01,11,2,1.0,191.5002,2010-2019,1114503.234,7536.120769
5553,2011,CA,CCO,CANYON,2011-08-10,2011-08-11,2,2,1.0,188.9787,2010-2019,1139894.18,6903.320395
5554,2011,CA,CDF,BITTERWATER,2011-05-02,2011-05-02,2,1,1.0,187.7928,2010-2019,1151301.031,6147.050148
5555,2011,CA,CDF,BEE,2011-06-05,2011-06-06,9,1,1.0,185.4253,2010-2019,1060174.594,4278.62612
5556,2011,CA,BLM,UNKNOWN,2011-09-10,2011-09-16,1,1,1.0,182.72,2010-2019,1102732.672,6532.654785
5557,2011,CA,BLM,JOHNSON,2011-08-20,2011-08-22,9,1,1.0,179.29,2010-2019,1072709.859,7264.885473
5558,2011,CA,CCO,ALISOS,2011-06-30,2011-06-30,9,1,1.0,171.7036,2010-2019,1031682.152,5470.278411
5559,2011,CA,BLM,JAWBONE 2,2011-08-01,2011-08-03,1,1,1.0,170.0369,2010-2019,1035489.57,7190.995519
5560,2011,CA,CCO,WILLIAMS,2011-07-08,2011-07-08,14,1,1.0,167.452,2010-2019,1028406.063,6433.865182
5561,2011,CA,CDF,GARZA,2011-08-22,2011-08-23,2,1,1.0,167.3494,2010-2019,983418.2305,5911.426783
5562,2011,CA,CDF,CANYON,2011-06-19,2011-06-20,2,1,1.0,162.7898,2010-2019,1027613.48,4914.841697
5563,2011,CA,CDF,BARRETT,2011-08-27,2011-08-28,1,1,1.0,160.2964,2010-2019,918010.1016,4195.846093
5564,2011,CA,CCO,GRAPE,2011-08-17,2011-08-18,10,1,1.0,155.2015,2010-2019,935851.0859,6174.804318
5565,2011,CA,BLM,KEY,2011-06-05,2011-06-07,14,2,1.0,151.0212,2010-2019,927274.9844,6498.682033
5566,2011,CA,CDF,SMARTVILLE,2011-08-17,2011-08-17,10,1,1.0,149.2061,2010-2019,1006529.059,5930.095095
5567,2011,CA,CDF,BIRD,2011-06-27,2011-06-27,11,2,1.0,144.9671,2010-2019,937923.0625,5508.206877
5568,2011,CA,CDF,ROUNDUP,2011-06-01,2011-06-02,14,1,1.0,143.4112,2010-2019,854453.7539,5770.970863
5569,2011,CA,USF,RIDGE,2011-08-28,2011-09-02,1,1,1.0,141.8243,2010-2019,813019.9922,5817.62563
5570,2011,CA,CDF,YEAGER INCIDENT,2011-08-11,2011-08-12,10,1,1.0,140.3277,2010-2019,945731.3398,4457.136897
5571,2011,CA,BLM,QUAIL,2011-09-23,2011-09-26,14,1,1.0,138.65,2010-2019,845941.8555,3796.053987
5572,2011,CA,BLM,EL MIRAGE,2011-05-29,2011-05-31,9,1,1.0,138.5002,2010-2019,830922.9961,8337.74993
5573,2011,CA,USF,COW,2011-09-10,2011-09-17,1,7,1.0,135.8848,2010-2019,831571.8047,3517.612725
5574,2011,CA,CDF,ARGYLE,2011-08-27,2011-08-29,4,7,1.0,134.7687,2010-2019,835607.2656,4377.590313
5575,2011,CA,BLM,TUPMAN,2011-08-15,2011-08-15,2,1,1.0,134.3597,2010-2019,816668.2344,5149.779446
5576,2011,CA,CCO,LIGHTNING,2011-09-23,2011-09-23,1,7,1.0,132.5602,2010-2019,797048.2813,4528.191394
5577,2011,CA,CDF,MARCOS,2011-06-24,2011-06-24,10,1,1.0,129.6425,2010-2019,791332.5078,3887.338645
5578,2011,CA,USF,HURRICANE,2011-09-10,2011-09-13,1,8,1.0,124.81,2010-2019,751195.7852,4759.485932
5579,2011,CA,BLM,PEAK,2011-08-09,2011-08-11,14,1,1.0,120.4073,2010-2019,735296.6367,4256.600207
5580,2011,CA,CDF,HAWKINSVILLE,2011-09-01,2011-09-02,2,1,1.0,120.1135,2010-2019,874987.6289,4481.047637
5581,2011,CA,CCO,BANNING,2011-05-02,2011-05-02,2,7,1.0,117.999,2010-2019,687484.3789,4315.923781
5582,2011,CA,CDF,HIGHWAY,2011-05-06,2011-05-07,2,1,1.0,114.5797,2010-2019,714496.1797,5222.186373
5583,2011,CA,CDF,LAGRANGE,2011-09-24,2011-09-24,9,1,1.0,114.4146,2010-2019,743322.6406,6025.155868
5584,2011,CA,USF,BLOOM,2011-07-06,2011-07-10,1,7,1.0,114.3859,2010-2019,705612.2852,3675.733968
5585,2011,CA,CCO,EAST,2011-08-27,2011-08-27,1,1,1.0,113.5577,2010-2019,681526.0547,4572.914494
5586,2011,CA,CDF,SOUTH RIDGE,2011-07-27,2011-07-27,14,2,1.0,109.5609,2010-2019,738875.832,3405.18009
5587,2011,CA,CCO,RIVERBED,2011-06-22,2011-06-22,14,1,1.0,108.0505,2010-2019,646456.082,4998.911015
5588,2011,CA,USF,GOAT,2011-09-10,2011-09-13,1,6,1.0,107.0067,2010-2019,642197.0625,3918.608578
5589,2011,CA,BLM,ABIGAIL,2011-05-21,2011-05-23,9,1,1.0,104.6856,2010-2019,627599.9336,6104.546803
5590,2011,CA,USF,TRILOGY,2011-06-02,2011-06-06,9,1,1.0,102.8208,2010-2019,603478.0742,4344.23132
5591,2011,CA,USF,BLACKSMITH,2011-12-01,2011-12-01,5,1,1.0,101.2743,2010-2019,679237.7539,5858.830265
5592,2011,CA,CDF,CABAZON,2011-08-07,2011-08-07,14,1,1.0,98.981,2010-2019,583209.3047,4593.400569
5593,2011,CA,BLM,CAHUILLA,2011-07-17,2011-07-18,9,1,1.0,97.54586,2010-2019,583149.9297,3724.863018
5594,2011,CA,CDF,FREEMAN,2011-07-25,2011-07-25,2,7,1.0,97.39137,2010-2019,605816.8555,2985.703035
5595,2011,CA,CDF,MIDDLE,2011-07-22,2011-07-26,2,1,1.0,96.83292,2010-2019,637130.6641,4566.828546
5596,2011,CA,CDF,PINE,2011-07-27,2011-07-27,5,2,1.0,89.82805,2010-2019,557719.1719,3227.096115
5597,2011,CA,BLM,ELK 2,2011-07-11,2011-07-11,2,1,1.0,86.58503,2010-2019,526105.5703,3488.377233
5598,2011,CA,BLM,HOLBROOK 2,2011-09-24,2011-09-26,1,7,1.0,84.09361,2010-2019,599853.543,5927.008824
5599,2011,CA,CDF,ARDO,2011-08-12,2011-08-12,11,2,1.0,83.77201,2010-2019,518240.2422,3200.406112
5600,2011,CA,CCO,PARK,2011-09-23,2011-09-23,14,7,1.0,82.12325,2010-2019,493332.125,4318.133294
5601,2011,CA,CDF,FIDDYMENT,2011-07-02,2011-07-02,9,1,1.0,80.91879,2010-2019,540563.7383,3957.723018
5602,2011,CA,CCO,CHARLIE,2011-07-02,2011-07-02,14,1,1.0,80.12396,2010-2019,481904.8945,4222.314985
5603,2011,CA,CDF,WHITEWATER,2011-07-19,2011-07-19,14,1,1.0,78.90387,2010-2019,464935.332,4225.77598
5604,2011,CA,CDF,ROSA,2011-08-06,2011-08-06,9,2,1.0,78.74112,2010-2019,499035.4922,3194.521533
5605,2011,CA,CDF,GENESEO,2011-09-06,2011-09-06,14,8,1.0,78.68054,2010-2019,482868.7656,4184.808933
5606,2011,CA,CDF,BRIDGE,2011-08-14,2011-08-15,14,1,1.0,77.20834,2010-2019,501618.1953,3403.946378
5607,2011,CA,USF,LONGJOHN,2011-11-30,2011-12-03,5,1,1.0,75.98407,2010-2019,510175.2813,8244.999164
5608,2011,CA,BLM,SPANISH TRAIL,2011-05-08,2011-05-09,5,1,1.0,73.9867,2010-2019,457940.2383,5698.074481
5609,2011,CA,CDF,MURRAY,2011-07-25,2011-07-28,2,1,1.0,71.58362,2010-2019,469856.6602,4638.470322
5610,2011,CA,CDF,SAN TIM,2011-07-20,2011-07-20,14,1,1.0,71.13065,2010-2019,419808.6094,3656.197284
5611,2011,CA,BLM,SEVEN,2011-05-14,2011-05-14,2,1,1.0,69.24511,2010-2019,421786.9297,3267.896479
5612,2011,CA,CDF,SARGENTS,2011-07-01,2011-07-01,2,7,1.0,68.46138,2010-2019,423000.3125,3038.546418
5613,2011,CA,CDF,FLORIDA,2011-08-28,2011-08-30,14,1,1.0,67.3874,2010-2019,398635.2617,3746.440962
5614,2011,CA,CDF,SPENCEVILLE,2011-09-10,2011-09-10,14,1,1.0,65.92692,2010-2019,443676.4727,3168.534552
5615,2011,CA,USF,BUCKHORN,2011-09-10,2011-09-17,1,8,1.0,65.54086,2010-2019,396602.3438,2919.484345
5616,2011,CA,USF,SAGE,2011-06-24,2011-06-25,10,1,1.0,64.58863,2010-2019,376558.207,5387.396422
5617,2011,CA,CDF,REEF,2011-09-24,2011-09-24,1,1,1.0,64.31986,2010-2019,397299.918,2482.909105
5618,2011,CA,CDF,YOSEMITE,2011-08-28,2011-08-28,11,1,1.0,64.04843,2010-2019,392776.7813,3460.03949
5619,2011,CA,CDF,SNOW,2011-11-01,2011-11-02,18,6,1.0,62.84015,2010-2019,444364.5,2739.616284
5620,2011,CA,CCO,FOOTHILL,2011-12-22,2011-12-26,11,1,1.0,60.44737,2010-2019,359538.2656,3884.075705
5621,2011,CA,CDF,JAYNE,2011-09-04,2011-09-04,2,1,1.0,60.0936,2010-2019,373620.5703,3370.440697
5622,2011,CA,USF,RIDGE ,2011-12-01,2011-12-03,5,1,1.0,59.73061,2010-2019,389425.3086,4047.444191
5623,2011,CA,CCO,COLLINS,2011-07-15,2011-07-15,14,1,1.0,58.85123,2010-2019,349803.5703,3366.455222
5624,2011,CA,USF,CHURCH,2011-07-11,2011-07-25,1,1,1.0,58.56498,2010-2019,361607.793,4262.36663
5625,2011,CA,CCO,INDIA,2011-05-03,2011-05-03,2,7,1.0,57.09016,2010-2019,342673.2383,2751.939471
5626,2011,CA,CDF,FRECCERO,2011-09-08,2011-09-10,7,1,1.0,56.78341,2010-2019,372475.6055,3264.180478
5627,2011,CA,CDF,THEODORE,2011-07-04,2011-07-04,10,8,1.0,56.77666,2010-2019,331967.3633,2606.567551
5628,2011,CA,CDF,YAGER,2011-11-10,2011-11-14,18,1,1.0,55.09675,2010-2019,386875.6953,3677.968098
5629,2011,CA,CDF,EASTMAN,2011-05-20,2011-05-20,2,1,1.0,55.0635,2010-2019,358128.3789,3710.925994
5630,2011,CA,USF,MOMYER,2011-05-08,2011-05-20,9,1,1.0,54.85623,2010-2019,324609.543,4767.685393
5631,2011,CA,CDF,CANYON,2011-06-11,2011-06-12,9,1,1.0,54.52419,2010-2019,317857.2109,4172.074385
5632,2011,CA,USF,ARROWHEAD,2011-08-05,2011-08-05,9,7,1.0,54.30179,2010-2019,323098.6875,3074.109997
5633,2011,CA,CDF,FREE,2011-10-22,2011-10-22,14,1,1.0,52.32206,2010-2019,308147.9258,2475.428599
5634,2011,CA,CDF,WAYMAN,2011-06-20,2011-06-20,14,1,1.0,50.76545,2010-2019,296622.3398,3574.841261
5635,2011,CA,CCO,HUGHES,2011-06-23,2011-06-23,14,7,1.0,50.53924,2010-2019,301732.3008,3115.205972
5636,2011,CA,CDF,GROOVY,2011-12-01,2011-12-01,5,1,1.0,46.53661,2010-2019,310131.9922,3119.986471
5637,2011,CA,CDF,LAGO,2011-06-27,2011-06-27,14,1,1.0,46.07224,2010-2019,271239.0234,2368.810264
5638,2011,CA,CDF,SILACCI,2011-11-03,2011-11-03,18,6,1.0,44.16401,2010-2019,278427.2188,2129.266039
5639,2011,CA,CDF,EAST,2011-12-01,2011-12-05,5,1,1.0,44.06646,2010-2019,291231.6953,3954.040517
5640,2011,CA,CCO,NEENACH,2011-09-08,2011-09-08,14,1,1.0,42.16852,2010-2019,253622.8711,3101.752944
5641,2011,CA,CDF,SARGENTS2,2011-08-27,2011-08-27,2,7,1.0,39.64523,2010-2019,245198.1445,1975.604181
5642,2011,CA,USF,COTTON,2011-11-15,2011-12-06,5,1,1.0,39.55087,2010-2019,258189.5234,2619.710644
5643,2011,CA,USF,BOREL,2011-07-24,2011-08-01,9,7,1.0,39.44989,2010-2019,241831.5938,2342.727619
5644,2011,CA,CDF,RED,2011-07-31,2011-07-31,14,1,1.0,39.01207,2010-2019,238167.5039,2816.307442
5645,2011,CA,CCO,LANCASTER,2011-09-02,2011-09-02,1,7,1.0,36.84941,2010-2019,221025.918,2955.0223
5646,2011,CA,CDF,BORDER 12,2011-06-21,2011-06-22,14,1,1.0,35.89542,2010-2019,205358.4766,2580.844396
5647,2011,CA,USF,ALISO,2011-06-08,2011-06-13,9,6,1.0,35.07863,2010-2019,211216.1094,2158.742698
5648,2011,CA,USF,CANEBREAK,2011-08-27,2011-08-31,1,7,1.0,34.85452,2010-2019,214101.5742,2086.707479
5649,2011,CA,CDF,WUNPOST,2011-07-08,2011-07-08,11,6,1.0,34.81565,2010-2019,215314.3086,1907.477272
5650,2011,CA,BLM,STEELE,2011-05-29,2011-05-29,14,8,1.0,33.41822,2010-2019,196160.7109,2142.532402
5651,2011,CA,USF,MILL,2011-10-21,2011-10-21,2,1,1.0,32.88799,2010-2019,194530.2305,3211.529495
5652,2011,CA,USF,GIRARD,2011-12-01,2011-12-03,5,1,1.0,32.40136,2010-2019,215723.6875,2512.326812
5653,2011,CA,USF,PONY,2011-07-21,2011-07-21,9,1,1.0,32.03907,2010-2019,187214.4102,2188.536645
5654,2011,CA,CDF,LOMA,2011-09-30,2011-09-30,18,1,1.0,31.98037,2010-2019,216283.5508,3298.705397
5655,2011,CA,CDF,CANYON,2011-06-20,2011-06-21,11,7,1.0,31.46874,2010-2019,222013.1992,2655.688399
5656,2011,CA,CDF,BASELINE,2011-09-10,2011-09-10,14,6,1.0,31.11979,2010-2019,207384.9219,1930.581504
5657,2011,CA,USF,SUGARLOAF,2011-12-03,2011-12-04,5,1,1.0,31.11736,2010-2019,207265.8398,2406.09795
5658,2011,CA,BLM,STODDARD 3,2011-10-01,2011-10-04,9,1,1.0,30.29758,2010-2019,181852.8008,2849.7732
5659,2011,CA,FWS,ALAMO,2011-08-20,2011-08-21,14,8,,30.27678,2010-2019,175443.5273,6231.525233
5660,2011,CA,CDF,SAMPLE,2011-07-31,2011-07-31,1,1,1.0,29.68156,2010-2019,188271.6328,1900.466783
5661,2011,CA,CCO,EMMA,2011-07-09,2011-07-09,2,7,1.0,29.46317,2010-2019,175832.125,3314.724799
5662,2011,CA,USF,VALLEY,2011-08-03,2011-08-03,9,1,1.0,29.17255,2010-2019,171795.1563,1806.343319
5663,2011,CA,CDF,OLD,2011-08-23,2011-08-25,9,1,1.0,28.64768,2010-2019,189828.9375,2306.907266
5664,2011,CA,USF,SPLIT,2011-10-18,2011-10-18,2,7,1.0,27.96885,2010-2019,172101.0547,2152.205105
5665,2011,CA,CCO,EAST,2011-05-23,2011-05-23,14,7,1.0,27.7058,2010-2019,166418.0469,1934.520694
5666,2011,CA,USF,ADAMS,2011-08-23,2011-08-23,2,1,1.0,27.34136,2010-2019,188141.8555,2414.385637
5667,2011,CA,CCO,PERKINS,2011-08-22,2011-08-22,14,7,1.0,27.30478,2010-2019,163843.2773,2586.189801
5668,2011,CA,CDF,JAYNE,2011-07-18,2011-07-18,14,1,1.0,27.29748,2010-2019,169727.4414,2487.026225
5669,2011,CA,CDF,LONEOAK,2011-09-20,2011-09-20,14,1,1.0,27.03495,2010-2019,168747.8359,2809.279763
5670,2011,CA,CCO,TAPO,2011-07-24,2011-07-24,14,1,1.0,25.9407,2010-2019,154397.5586,2579.267694
5671,2011,CA,USF,CROSSOVER,2011-09-28,2011-09-28,10,1,1.0,25.89026,2010-2019,154852.8516,2553.543604
5672,2011,CA,USF,DEEP,2011-07-30,2011-08-01,1,7,1.0,25.70178,2010-2019,152957.5,2438.258973
5673,2011,CA,CDF,GATOS,2011-12-02,2011-12-02,2,1,1.0,25.3986,2010-2019,158316.8672,2100.111185
5674,2011,CA,USF,GIANT,2011-07-19,2011-10-05,9,7,1.0,25.13855,2010-2019,155673.4297,1897.366357
5675,2011,CA,CDF,TOPO,2011-07-19,2011-07-19,11,2,1.0,25.12124,2010-2019,157099.1797,1752.669168
5676,2011,CA,USF,STATION,2011-10-22,2011-11-01,9,6,1.0,24.00594,2010-2019,144553.4766,2217.500211
5677,2011,CA,CCO,NORTH,2011-07-27,2011-07-27,14,7,1.0,23.67797,2010-2019,142072.3945,1719.544477
5678,2011,CA,CCO,PEAR,2011-08-08,2011-08-08,14,7,1.0,23.38194,2010-2019,139721.418,2231.02249
5679,2011,CA,USF,FUNKY,2011-12-02,2011-12-02,5,1,1.0,22.96329,2010-2019,152849.7813,2276.260967
5680,2011,CA,NPS,SMITH,2011-09-13,2011-10-04,1,1,1.0,22.89625,2010-2019,149143.0508,1733.040943
5681,2011,CA,USF,RANGE,2011-06-04,2011-06-04,9,8,1.0,22.58742,2010-2019,135993.5273,2392.849803
5682,2011,CA,CDF,RED BARN,2011-08-06,2011-08-06,10,1,1.0,22.38916,2010-2019,141802.1875,2455.34262
5683,2011,CA,CDF,BORDER 16,2011-09-30,2011-10-01,14,1,1.0,21.72746,2010-2019,124326.3047,1880.705438
5684,2011,CA,CDF,GRANITE,2011-06-22,2011-06-22,14,1,1.0,21.69398,2010-2019,126701.6953,1815.160955
5685,2011,CA,CDF,PANOCHE,2011-10-15,2011-10-15,9,1,1.0,21.61277,2010-2019,136393.8594,2220.020449
5686,2011,CA,CDF,PARKFIELD,2011-09-24,2011-09-24,1,1,1.0,21.28536,2010-2019,132010.8594,1670.93504
5687,2011,CA,CDF,WILLOW,2011-12-17,2011-12-17,14,6,1.0,21.28499,2010-2019,134125.9727,1497.287626
5688,2011,CA,CDF,OAKRUN,2011-12-01,2011-12-01,9,1,1.0,21.02024,2010-2019,148312.9023,1752.49152
5689,2011,CA,CDF,ROWDY,2011-08-14,2011-08-16,18,6,1.0,20.65554,2010-2019,151426.0938,1793.159999
5690,2011,CA,CDF,SLACKS,2011-08-15,2011-08-15,2,1,1.0,20.48554,2010-2019,126793.7891,1855.294182
5691,2011,CA,CDF,BEALE,2011-08-18,2011-08-18,14,6,1.0,20.09166,2010-2019,135357.2031,1668.02615
5692,2011,CA,CDF,JACK,2011-07-29,2011-07-29,14,1,1.0,19.71009,2010-2019,121297.9141,1702.224085
5693,2011,CA,CDF,LOCKWOOD,2011-06-02,2011-06-02,7,1,1.0,19.65018,2010-2019,121469.2773,2152.749322
5694,2011,CA,NPS,BILEDO,2011-12-16,2011-12-18,4,1,1.0,19.64026,2010-2019,126540.4102,1808.714881
5695,2011,CA,BLM,DEPOT,2011-08-17,2011-08-18,14,1,1.0,19.62492,2010-2019,136004.3008,2006.086834
5696,2011,CA,USF,NOODLES,2011-12-04,2011-12-04,5,1,1.0,19.58562,2010-2019,130862.3359,1852.729752
5697,2011,CA,USF,STRIKE,2011-07-31,2011-07-31,1,6,1.0,19.22936,2010-2019,114809.0977,1482.382137
5698,2011,CA,BLM,ERSKINE,2011-07-23,2011-07-23,14,1,1.0,18.87362,2010-2019,115753.0391,1728.454657
5699,2011,CA,USF,MOSQUITO,2011-12-04,2011-12-05,7,1,1.0,18.78683,2010-2019,125572.375,1512.228957
5700,2011,CA,CDF,WALDO,2011-06-15,2011-06-15,14,7,1.0,18.57087,2010-2019,125082.5195,1516.319696
5701,2011,CA,USF,PALM,2011-09-08,2011-09-09,2,1,1.0,18.34982,2010-2019,107731.8008,2024.912003
5702,2011,CA,CDF,SLOUGH,2011-09-14,2011-09-14,1,1,1.0,17.62443,2010-2019,127359.8242,1974.619162
5703,2011,CA,USF,CIELO,2011-10-23,2011-10-27,9,1,1.0,17.60636,2010-2019,105179.9805,2067.897766
5704,2011,CA,CDF,SHELL,2011-05-09,2011-05-09,10,1,1.0,17.49644,2010-2019,107206.2852,1341.054835
5705,2011,CA,CDF,BRICKYARD,2011-09-06,2011-09-06,11,2,1.0,17.32407,2010-2019,113204.6719,1322.566393
5706,2011,CA,CCO,LANCASTER,2011-08-24,2011-08-24,5,1,1.0,17.14412,2010-2019,102933.2578,1914.377561
5707,2011,CA,CDF,SCOTT,2011-09-09,2011-09-09,2,1,1.0,17.05639,2010-2019,115513.5664,1921.794296
5708,2011,CA,CDF,CHALK,2011-12-01,2011-12-02,18,7,1.0,16.59121,2010-2019,112053.4063,2671.102762
5709,2011,CA,CDF,WEST WISE,2011-08-13,2011-08-13,14,1,1.0,16.47446,2010-2019,110332.4258,1569.840704
5710,2011,CA,CDF,60 B,2011-12-01,2011-12-01,18,6,1.0,16.18819,2010-2019,110509.0469,1645.753462
5711,2011,CA,CDF,MUSTANG,2011-11-30,2011-12-01,11,1,1.0,16.16243,2010-2019,100612.0938,3342.671502
5712,2011,CA,USF,FREE,2011-10-22,2011-10-22,7,1,1.0,15.91067,2010-2019,93665.25391,2528.06973
5713,2011,CA,USF,FRAZIER 1,2011-09-09,2011-09-13,1,1,1.0,15.86337,2010-2019,95424.0625,1461.483494
5714,2011,CA,CDF,BELL,2011-10-01,2011-10-01,2,1,1.0,15.74842,2010-2019,114926.8125,1765.629359
5715,2011,CA,CCO,ROSE,2011-11-02,2011-11-02,11,1,1.0,15.49225,2010-2019,91276.53516,1606.175361
5716,2011,CA,USF,SALT,2011-09-10,2011-09-16,1,6,1.0,15.17708,2010-2019,91510.64063,1364.231414
5717,2011,CA,CDF,MONO,2011-08-08,2011-08-08,14,1,1.0,15.04629,2010-2019,95898.18359,1654.913842
5718,2011,CA,CDF,ONYX,2011-09-09,2011-09-09,1,1,1.0,14.78616,2010-2019,98487.57031,1934.171088
5719,2011,CA,CDF,LEWIS,2011-06-30,2011-06-30,2,6,1.0,14.71464,2010-2019,91895.80078,1577.319776
5720,2011,CA,CDF,HOLLOW,2011-04-29,2011-04-29,5,1,1.0,14.38901,2010-2019,93427.375,1418.755813
5721,2011,CA,CCO,CONEJO,2011-07-23,2011-07-23,10,1,1.0,14.24236,2010-2019,84464.09375,1359.630269
5722,2011,CA,USF,KANGAROO,2011-12-25,2012-01-20,4,1,1.0,14.02203,2010-2019,100777.1953,2070.984913
5723,2011,CA,CDF,RANCH,2011-08-31,2011-08-31,2,1,1.0,13.91882,2010-2019,89248.83594,1282.158974
5724,2011,CA,USF,CHICKEN,2011-09-23,2011-10-20,1,1,1.0,13.58235,2010-2019,96606.80469,1365.467333
5725,2011,CA,USF,QUARRY,2011-09-10,2011-09-14,1,8,1.0,13.49842,2010-2019,81514.62109,1306.167613
5726,2011,CA,USF,GREYHORSE,2011-12-01,2011-12-02,5,1,1.0,13.08647,2010-2019,87445.55078,1836.596883
5727,2011,CA,USF,ACKERSON ,2011-12-21,2011-12-26,3,6,1.0,12.84431,2010-2019,83488.00781,1408.800734
5728,2011,CA,USF,INDIAN,2011-09-14,2011-09-26,1,6,1.0,12.72313,2010-2019,86597.75781,1374.927577
5729,2011,CA,CDF,ROCKS,2011-07-31,2011-07-31,10,7,1.0,12.57177,2010-2019,79609.8125,1600.416497
5730,2011,CA,NPS,SUMMIT,2011-09-14,2011-10-27,1,1,1.0,12.51644,2010-2019,87628.16016,2798.992794
5731,2011,CA,CDF,COPCO,2011-08-01,2011-08-01,1,1,1.0,12.32702,2010-2019,90266.10156,1391.588212
5732,2011,CA,CDF,WILLOW,2011-06-25,2011-06-25,2,1,1.0,12.2906,2010-2019,89687.10938,1521.114836
5733,2011,CA,CCO,SIERRA,2011-08-26,2011-08-26,2,1,1.0,12.05157,2010-2019,71989.45703,1382.668083
5734,2011,CA,USF,GOLDEN,2011-09-24,2011-11-14,1,7,1.0,11.96871,2010-2019,74540.04297,1201.393399
5735,2011,CA,CDF,DIXIE,2011-08-19,2011-08-23,11,1,1.0,11.46583,2010-2019,78762.35938,1413.224891
5736,2011,CA,NPS,BOBCAT,2011-09-27,2011-09-27,14,1,1.0,11.02602,2010-2019,71677.09766,1782.676456
5737,2011,CA,CDF,WATTS,2011-08-05,2011-08-05,2,1,1.0,10.75496,2010-2019,68276.79297,1346.711922
5738,2011,CA,CDF,LOVELOCK,2011-02-13,2011-02-13,18,6,1.0,10.36656,2010-2019,71447.99219,1132.730689
5739,2011,CA,CDF,FOUR CORNERS,2011-12-01,2011-12-01,18,6,1.0,10.17023,2010-2019,69497.64453,1076.326693
5740,2011,CA,BLM,STODDARD 2,2011-08-11,2011-08-12,4,1,1.0,10.15544,2010-2019,60861.41406,1525.550233
5741,2011,CA,USF,COLD,2011-08-20,2011-08-31,4,2,1.0,10.14761,2010-2019,65433.94922,1598.650832
5742,2011,CA,USF,JUNIPER,2011-09-13,2011-09-13,9,1,1.0,10.08531,2010-2019,72830.96484,1196.599967
5743,2011,CA,CCO,CAMARILLO SPRINGS,2011-12-03,2011-12-03,9,1,1.0,9.198908,2010-2019,54563.58203,1195.281673
5744,2011,CA,NPS,WILLOW,2011-08-30,2011-10-27,1,1,1.0,8.151529,2010-2019,51059.73438,1061.450042
5745,2011,CA,CDF,MONTAGUE,2011-02-13,2011-02-13,18,5,1.0,7.572523,2010-2019,55014.78125,1570.934255
5747,2011,CA,USF,HIGH,2011-09-13,2011-09-13,1,1,1.0,6.748149,2010-2019,47946.51563,890.3525468
5748,2011,CA,USF,DEEP CREEK,2011-05-02,2011-05-02,9,1,1.0,5.935047,2010-2019,35316.78516,1173.482547
5749,2011,CA,CDF,BOGUS,2011-08-01,2011-08-01,1,1,1.0,5.73167,2010-2019,41910.66016,927.0313657
5750,2011,CA,CDF,TALLEY,2011-07-01,2011-07-01,14,1,1.0,5.339186,2010-2019,32394.40234,986.2000828
5751,2011,CA,CCO,RANCHO CONEJO,2011-06-29,2011-06-29,9,1,1.0,4.485722,2010-2019,26718.3326,579.4415153
5752,2011,CA,CDF,BLACK,2011-07-25,2011-07-25,9,1,1.0,4.267264,2010-2019,31154.91797,1124.121267
5753,2011,CA,CCO,ALIZIA,2011-08-29,2011-08-29,2,5,1.0,4.026458,2010-2019,23967.98246,548.8083003
5754,2011,CA,CDF,BEAR,2011-05-10,2011-05-10,10,1,1.0,3.87359,2010-2019,23661.69531,754.5805781
5755,2011,CA,CDF,JADE,2011-10-17,2011-10-17,5,1,1.0,3.619458,2010-2019,26249.01953,765.1816188
5756,2011,CA,CDF,HORNBROOK,2011-08-24,2011-08-24,1,1,1.0,3.422707,2010-2019,25089.01172,683.1472288
5757,2011,CA,CCO,LEWIS,2011-07-08,2011-07-08,9,5,1.0,2.984888,2010-2019,17769.08316,472.5387651
5758,2011,CA,CCO,ENCINAL,2011-07-07,2011-07-07,2,1,1.0,2.435148,2010-2019,14470.3185,426.4262951
5759,2011,CA,CDF,CALLAHAN,2011-09-05,2011-09-05,9,1,1.0,2.179572,2010-2019,15666.5,944.9815049
5760,2011,CA,USF,PELONA,2011-10-29,2011-10-29,9,6,1.0,2.142454,2010-2019,12814.92578,477.5759102
5761,2011,CA,CDF,DANDY,2011-11-10,2011-11-10,18,1,1.0,2.116817,2010-2019,15484.67969,522.3384503
5762,2011,CA,CDF,LIGHTHILL,2011-10-02,2011-10-02,18,1,1.0,1.67078,2010-2019,12103.96484,791.4181096
5763,2011,CA,CDF,AGER,2011-06-16,2011-06-16,2,1,1.0,1.404376,2010-2019,10256.35547,615.2786977
5764,2011,CA,CCO,LAS VIRGENES,2011-08-24,2011-08-24,9,1,1.0,1.305455,2010-2019,7758.607467,312.2459558
5765,2011,CA,USF,DEL,2011-08-23,2011-08-23,2,6,1.0,1.202457,2010-2019,7205.113281,402.5241248
5766,2011,CA,CCO,UNNAMED,2011-07-18,2011-07-18,4,7,1.0,1.131127,2010-2019,6624.367188,388.3840706
5767,2011,CA,CCO,FOOSE,2011-08-02,2011-08-02,9,5,1.0,0.7461584,2010-2019,4431.26696,235.9765728
5768,2011,CA,USF,SHEEP,2011-07-30,2011-07-30,1,1,1.0,0.5551066,2010-2019,3302.882813,266.4678777
5769,2011,CA,CDF,WEED,2011-09-07,2011-09-07,8,1,1.0,0.5522879,2010-2019,3982.78125,389.3352613
5770,2011,CA,CDF,APACHE,2011-07-31,2011-07-31,1,1,1.0,0.3108638,2010-2019,2251.847656,184.4637559
5771,2011,CA,NPS,CRYSTAL CAVE,2011-08-02,2011-08-03,11,1,1.0,0.101242,2010-2019,636.734375,175.3890842
5772,2011,CA,CCO,COLINA,2011-07-10,2011-07-10,9,1,1.0,0.09397248,2010-2019,558.3356712,83.76307642
5773,2011,CA,CCO,PIUMA,2011-10-31,2011-10-31,10,5,1.0,0.09396579,2010-2019,558.0525346,83.74183526
5774,2011,CA,CCO,MALIBU BEACH,2011-01-14,2011-01-14,9,1,1.0,0.09395437,2010-2019,557.5730364,83.70585057
5775,2011,CA,NPS,INDIAN CLOVER,2011-10-03,2011-10-03,14,1,1.0,0.03443666,2010-2019,225.0273438,53.2456712
5776,2011,CA,NPS,FIELD,2011-07-20,2011-07-20,14,1,1.0,0.01827645,2010-2019,118.7695313,38.67994351
5777,2011,CA,NPS,VISTA,2011-07-26,2011-07-26,14,1,1.0,0.009118513,2010-2019,59.25,27.32269126
5778,2011,CA,NPS,NORTH BEACH 1,2011-07-22,2011-07-22,14,1,1.0,0.00310692,2010-2019,20.3203125,16.00194649
5779,2011,CA,NPS,YATES,2011-08-03,2011-08-03,14,1,1.0,0.002038008,2010-2019,13.23046875,12.91719976
5780,2011,CA,NPS,NORTH BEACH 2,2011-09-11,2011-09-11,14,1,1.0,0.001532205,2010-2019,10.046875,11.2375471
5781,2010,CA,USF,BULL,2010-07-25,2010-07-31,9,7,1.0,16448.22,2010-2019,101433591.5,75380.47179
5782,2010,CA,CCO,CROWN,2010-07-29,2010-08-02,2,7,1.0,12582.28,2010-2019,75287110.4,99892.1143
5783,2010,CA,BLM,MCDONALD,2010-07-26,2010-08-10,1,1,1.0,9406.033,2010-2019,66786673.66,87739.36979
5784,2010,CA,USF,CANYON,2010-09-12,2010-09-24,9,2,1.0,9336.107,2010-2019,57206017.67,70270.72424
5785,2010,CA,NPS,SHEEP COMPLEX,2010-07-17,2010-10-25,1,7,2.0,9021.522,2010-2019,57024667.46,63649.19339
5786,2010,CA,BLM,COTTON,2010-05-15,2010-05-20,2,1,1.0,2037.966,2010-2019,12337650.29,20110.00093
5787,2010,CA,NPS,SLOPE,2010-07-25,2010-11-04,1,7,2.0,1710.69,2010-2019,11137656.4,22767.46182
5788,2010,CA,CCO,WEST,2010-07-27,2010-08-06,2,1,1.0,1637.727,2010-2019,9915827.289,21458.39265
5789,2010,CA,CDF,ROBINSON,2010-06-11,2010-06-11,11,6,1.0,1600.084,2010-2019,10298309.64,22571.15156
5790,2010,CA,BLM,INDIAN,2010-07-18,2010-07-25,1,2,1.0,1502.195,2010-2019,9240103.988,12909.34984
5791,2010,CA,BLM,CONSTANTIA,2010-07-24,2010-08-12,1,2,1.0,1452.933,2010-2019,10013197.35,21455.53331
5792,2010,CA,CCO,POST,2010-08-24,2010-08-28,14,2,1.0,1311.36,2010-2019,7896875.211,19305.45049
5793,2010,CA,CDF,BULLARDS INCIDENT,2010-08-27,2010-08-31,14,1,1.0,1289.09,2010-2019,8745865.113,19631.53201
5794,2010,CA,DOD,BEAR CREEK,2010-10-28,2010-10-30,11,7,1.0,1219.537,2010-2019,7311003.285,12973.71038
5795,2010,CA,USF,MONO,2010-07-26,2010-07-29,1,2,1.0,1204.507,2010-2019,7842005.031,16024.55053
5796,2010,CA,USF,POZO,2010-08-21,2010-09-07,9,2,1.0,1150.365,2010-2019,7010007.375,21174.25652
5797,2010,CA,USF,BAR,2010-07-31,2010-08-18,7,1,1.0,1039.374,2010-2019,7182631.594,14015.39684
5798,2010,CA,CDF,MCKINLEY,2010-05-20,2010-05-22,2,1,1.0,1028.212,2010-2019,6049431.805,17465.83084
5799,2010,CA,NPS,VERNON,2010-08-08,2010-11-04,1,1,2.0,964.4049,2010-2019,6294615.301,24222.24946
5800,2010,CA,USF,MONTE,2010-08-21,2010-08-26,8,3,1.0,953.3414,2010-2019,5487098.781,13169.38464
5801,2010,CA,BLM,WASH,2010-05-15,2010-05-15,2,1,1.0,947.4343,2010-2019,5743273.641,11059.09422
5802,2010,CA,CDF,BALES,2010-06-04,2010-06-04,2,1,1.0,913.1573,2010-2019,5632606.105,13169.92283
5803,2010,CA,BLM,SAND 2,2010-07-16,2010-07-20,1,2,1.0,910.1182,2010-2019,5608424.035,15590.23154
5804,2010,CA,USF,PINECREST ,2010-08-08,2010-08-09,1,1,,906.6765,2010-2019,5955881.207,19318.52241
5805,2010,CA,CDF,STOKES 2,2010-08-17,2010-08-18,2,1,1.0,895.2642,2010-2019,5621391.289,14171.09478
5806,2010,CA,CDF,PEDLEY,2010-05-12,2010-05-13,2,1,1.0,717.2241,2010-2019,4236807.277,18020.82455
5807,2010,CA,CDF,CACTUS,2010-07-15,2010-07-19,1,2,1.0,705.6747,2010-2019,4132561.363,13992.69141
5808,2010,CA,USF,BRIGGS,2010-07-29,2010-08-01,9,1,1.0,692.8006,2010-2019,4130915.891,11053.83042
5809,2010,CA,CDF,COWBOY,2010-09-02,2010-09-07,14,7,1.0,684.3978,2010-2019,3915205.27,9458.122855
5810,2010,CA,CDF,PALERMO,2010-07-04,2010-08-05,8,2,1.0,672.0052,2010-2019,4565710.902,10510.96839
5811,2010,CA,BLM,POTATO,2010-07-24,2010-07-28,1,2,1.0,631.7201,2010-2019,4147820.445,8601.842797
5812,2010,CA,CDF,STUHR,2010-06-08,2010-06-09,11,2,1.0,604.5287,2010-2019,3875639.23,8926.367129
5813,2010,CA,BLM,BODFISH,2010-07-15,2010-07-18,1,1,1.0,551.7151,2010-2019,3381342.211,9150.509569
5814,2010,CA,CDF,SKINNER,2010-07-15,2010-07-18,1,2,1.0,522.2162,2010-2019,3058683.652,11784.39563
5815,2010,CA,CDF,BRADFORD,2010-07-03,2010-07-03,14,2,1.0,511.5375,2010-2019,3345941.813,12807.41378
5816,2010,CA,CDF,GRAND INCIDENT,2010-10-11,2010-10-11,14,1,1.0,493.3207,2010-2019,3319276.648,14273.23348
5817,2010,CA,CDF,BASELINE,2010-08-20,2010-08-21,14,1,1.0,478.9084,2010-2019,3192375.688,11764.74297
5818,2010,CA,USF,BUCKHORN,2010-08-07,2010-11-03,1,2,2.0,470.9669,2010-2019,3039359.445,11660.68081
5819,2010,CA,CDF,LEGRAND,2010-06-05,2010-06-05,10,6,1.0,462.4332,2010-2019,2960464.34,11946.36551
5820,2010,CA,CDF,DIABLO,2010-06-18,2010-07-15,14,2,1.0,458.7751,2010-2019,2977808.273,8207.386858
5821,2010,CA,CCO,166,2010-07-12,2010-07-13,14,1,1.0,356.9384,2010-2019,2155396.344,7426.537397
5822,2010,CA,CDF,INDIAN,2010-08-24,2010-08-24,14,1,1.0,346.9244,2010-2019,2338334.355,6588.041843
5823,2010,CA,USF,DUTCH,2010-07-31,2010-08-05,9,3,1.0,335.4693,2010-2019,2451140.719,8946.460964
5824,2010,CA,CCO,METSON,2010-05-15,2010-05-15,9,1,1.0,330.066,2010-2019,1995766.387,7962.736696
5825,2010,CA,CCO,ADOBE,2010-07-25,2010-07-25,2,1,1.0,285.9098,2010-2019,1749972.496,6833.772782
5826,2010,CA,CDF,POTRERO,2010-08-10,2010-08-11,7,1,1.0,255.7537,2010-2019,1509247.551,5638.054862
5827,2010,CA,USF,MESA,2010-08-25,2010-08-26,4,1,1.0,254.9384,2010-2019,1469290.777,6211.085367
5828,2010,CA,BLM,ANNIE,2010-08-02,2010-08-04,1,7,1.0,249.1405,2010-2019,1820964.883,6791.762669
5829,2010,CA,CDF,FINE,2010-06-22,2010-06-23,14,1,1.0,236.6831,2010-2019,1505904.484,5595.961867
5830,2010,CA,CDF,SUNNYSIDE,2010-08-08,2010-08-08,1,1,1.0,231.0703,2010-2019,1611142.285,6585.654939
5831,2010,CA,FWS,BALLOON,2010-05-08,2010-05-08,7,4,,223.4276,2010-2019,1428643.18,7676.503716
5832,2010,CA,CCO,GRANITE,2010-09-18,2010-09-19,2,1,1.0,203.8156,2010-2019,1252213.215,5857.569216
5833,2010,CA,CDF,BUCKEYE,2010-09-06,2010-09-17,2,1,1.0,202.355,2010-2019,1410769.148,14262.38683
5834,2010,CA,CCO,TOWN,2010-08-24,2010-08-24,11,6,1.0,195.175,2010-2019,1178778.543,4932.940663
5835,2010,CA,CDF,ANTELOPE,2010-10-26,2010-10-26,14,1,1.0,193.6183,2010-2019,1191736.492,5141.242862
5836,2010,CA,CDF,CURRY,2010-08-24,2010-08-28,11,2,1.0,184.0345,2010-2019,1196626.055,6883.447373
5837,2010,CA,CDF,BEAVER,2010-07-12,2010-07-19,1,1,1.0,183.3139,2010-2019,1303286.617,7126.472862
5838,2010,CA,CDF,FELIPE,2010-07-15,2010-07-15,1,7,1.0,177.2968,2010-2019,1026105.551,6902.050865
5839,2010,CA,CCO,NEENACH,2010-07-17,2010-07-17,14,1,1.0,171.4515,2010-2019,1030851.23,5280.280649
5840,2010,CA,CDF,CANAL,2010-09-05,2010-09-06,14,1,1.0,157.9835,2010-2019,992222.5703,6164.931302
5841,2010,CA,CCO,BASE,2010-08-22,2010-08-22,2,7,1.0,151.187,2010-2019,912319.0859,6360.133674
5842,2010,CA,USF,BIRTHDAY,2010-07-28,2010-07-29,1,1,1.0,146.8712,2010-2019,1066781.387,7566.334416
5843,2010,CA,USF,BUMMER ,2010-10-03,2010-11-16,1,1,,143.6677,2010-2019,945966.3828,5854.970878
5844,2010,CA,CDF,RANCH,2010-06-22,2010-06-23,8,1,1.0,126.6658,2010-2019,741893.1133,4779.408432
5845,2010,CA,CDF,WINDY,2010-09-06,2010-09-10,14,1,1.0,126.0102,2010-2019,874319.7852,5488.902372
5846,2010,CA,CCO,LANCASTER,2010-07-29,2010-07-29,2,7,1.0,121.6214,2010-2019,730716.2969,5028.609915
5847,2010,CA,CCO,TUCKER,2010-08-26,2010-08-26,14,6,1.0,118.058,2010-2019,715603.168,4481.3218
5848,2010,CA,CDF,PALMER,2010-09-03,2010-09-04,6,1,1.0,112.3239,2010-2019,662212.707,6722.23918
5849,2010,CA,CDF,LAKE,2010-10-09,2010-10-11,14,1,1.0,111.8237,2010-2019,688720.0742,3661.190207
5850,2010,CA,NPS,KEYS,2010-08-26,2010-08-30,1,1,1.0,110.6722,2010-2019,652265.7852,4777.069885
5851,2010,CA,USF,TENAJA,2010-01-14,2010-01-14,5,8,1.0,109.516,2010-2019,640390.7383,5828.117184
5852,2010,CA,CDF,CURVE,2010-07-21,2010-07-22,14,1,1.0,107.389,2010-2019,665829.5352,4144.513372
5853,2010,CA,CDF,TECOPA,2010-08-28,2010-08-30,1,2,1.0,105.7345,2010-2019,652542.332,9031.592726
5854,2010,CA,USF,GULCH,2010-07-25,2010-07-25,1,1,1.0,103.2976,2010-2019,710038.5742,4780.907543
5855,2010,CA,CCO,FAY,2010-05-05,2010-05-06,2,1,1.0,102.2316,2010-2019,628683.3906,3839.738276
5856,2010,CA,CDF,PALA 5,2010-06-23,2010-06-24,14,1,1.0,100.9289,2010-2019,587095.6289,4756.673034
5857,2010,CA,USF,LARGOVISTA,2010-08-20,2010-08-20,9,1,1.0,100.5452,2010-2019,599352.9102,5614.93023
5858,2010,CA,CDF,GILMAN,2010-09-05,2010-09-05,14,1,1.0,99.83749,2010-2019,587977.9063,4139.05482
5859,2010,CA,BLM,BRAMLETTE,2010-03-24,2010-03-27,1,1,1.0,98.14775,2010-2019,637347.0742,6263.129546
5860,2010,CA,USF,CREEK,2010-07-15,2010-07-16,1,1,1.0,95.88905,2010-2019,591141.0938,4232.481075
5861,2010,CA,CDF,SCOTT,2010-11-06,2010-11-06,10,1,1.0,95.77493,2010-2019,565718.8477,3899.663144
5862,2010,CA,USF,BLACK,2010-09-18,2010-09-18,14,1,1.0,90.49552,2010-2019,607281.7578,4803.589952
5863,2010,CA,CDF,RUSSELL (3-9),2010-07-25,2010-07-30,1,8,1.0,86.32224,2010-2019,610724.3398,5243.625743
5864,2010,CA,USF,ANGEL,2010-08-16,2010-08-16,3,1,1.0,82.34436,2010-2019,484553.7656,3282.849114
5865,2010,CA,CDF,MORRISON INCIDENT,2010-10-11,2010-10-11,10,1,1.0,82.13342,2010-2019,551830.543,5549.412012
5866,2010,CA,CDF,MINTO,2010-08-30,2010-08-30,5,1,1.0,80.65556,2010-2019,470880.4219,4079.861058
5867,2010,CA,CDF,SADDLE,2010-07-15,2010-07-15,1,1,1.0,79.41943,2010-2019,464687.6563,3592.949285
5868,2010,CA,CDF,WITCHER,2010-07-26,2010-07-26,1,1,1.0,78.61295,2010-2019,567679.168,3921.572532
5869,2010,CA,CCO,LOMA,2010-07-13,2010-07-14,19,7,1.0,77.9688,2010-2019,463006.207,6828.913968
5870,2010,CA,CCO,BACK,2010-08-28,2010-08-28,1,1,1.0,77.23707,2010-2019,470643.75,4416.939028
5871,2010,CA,CDF,GREEN,2010-08-03,2010-08-04,11,1,1.0,75.87457,2010-2019,474203.3125,4151.029862
5872,2010,CA,USF,FIGUEROA,2010-11-16,2010-12-02,18,6,1.0,74.59801,2010-2019,448100.4805,3585.448363
5873,2010,CA,CDF,TWIN BRIDGES,2010-07-26,2010-07-26,7,1,1.0,67.56685,2010-2019,451444.7539,4414.784621
5874,2010,CA,CDF,MILLER,2010-08-17,2010-08-17,7,2,1.0,65.98511,2010-2019,392099.3672,3553.837889
5875,2010,CA,CDF,CLINTON,2010-09-01,2010-09-03,2,1,1.0,64.97097,2010-2019,379535.9219,3919.444399
5876,2010,CA,CDF,FAIRVIEW,2010-05-26,2010-05-27,2,1,1.0,63.68459,2010-2019,373450.7305,4345.304097
5877,2010,CA,USF,ROCK,2010-08-13,2010-08-15,7,1,1.0,62.02376,2010-2019,428196.3672,2913.94434
5878,2010,CA,CDF,PIT,2010-08-17,2010-08-17,2,1,1.0,59.78623,2010-2019,425788.0781,3197.14741
5879,2010,CA,CDF,MEADOWLARK INCIDENT,2010-06-18,2010-06-18,8,1,1.0,59.77896,2010-2019,401196.2969,3799.362095
5880,2010,CA,CDF,198,2010-06-06,2010-06-06,10,7,1.0,58.35325,2010-2019,362915.3086,3479.688967
5881,2010,CA,CDF,DYER INCIDENT,2010-06-08,2010-06-08,14,1,1.0,55.88419,2010-2019,372315.9453,3896.473511
5882,2010,CA,CDF,LEON,2010-06-27,2010-06-28,14,1,1.0,55.71669,2010-2019,326873.1875,2252.905935
5883,2010,CA,CDF,SLAUGHTERHOUSE,2010-05-25,2010-05-25,14,7,1.0,55.16428,2010-2019,317704.6563,3250.872572
5884,2010,CA,CDF,WHITEWATER,2010-06-10,2010-06-11,2,1,1.0,52.05724,2010-2019,306953.1328,4922.432292
5885,2010,CA,USF,POINT,2010-07-25,2010-07-25,1,6,1.0,51.65218,2010-2019,371427.2656,2810.429277
5886,2010,CA,CDF,BRADLEY-LOCKWOOD,2010-11-05,2010-11-05,5,6,1.0,51.29942,2010-2019,317005.8711,2777.933642
5887,2010,CA,CDF,NARROWS,2010-06-16,2010-06-17,14,7,1.0,49.86191,2010-2019,288394.5469,4612.880721
5888,2010,CA,CDF,ROCKLIN_CLOVER INCIDENT,2010-06-14,2010-06-14,14,1,1.0,49.31688,2010-2019,329182.6719,3265.059469
5889,2010,CA,CDF,BRIDGE INCIDENT,2010-10-11,2010-10-11,14,1,1.0,48.33659,2010-2019,322065.1016,3190.30682
5890,2010,CA,CCO,CALIENTE,2010-07-01,2010-07-02,2,1,1.0,48.09394,2010-2019,292560.8047,2943.738027
5891,2010,CA,USF,PACIFIC,2010-05-08,2010-05-08,7,1,1.0,46.96871,2010-2019,276425.1211,4206.30153
5892,2010,CA,CDF,RIVER,2010-06-16,2010-06-16,2,1,1.0,46.58533,2010-2019,274179.8125,2719.213784
5893,2010,CA,USF,MAGGIE,2010-07-17,2010-07-17,1,1,1.0,45.4283,2010-2019,283428.8398,2610.308036
5894,2010,CA,CCO,HASKELL,2010-08-08,2010-08-08,3,5,1.0,44.6334,2010-2019,266319.3711,3746.990017
5895,2010,CA,CDF,SCOTT,2010-05-31,2010-05-31,14,1,1.0,44.047,2010-2019,257789.3203,2752.724873
5896,2010,CA,DOD,LOS BUEYOS,2010-07-08,2010-07-10,18,1,1.0,43.76487,2010-2019,270491.2695,3068.161483
5897,2010,CA,CDF,JOLON,2010-07-22,2010-07-22,2,7,1.0,42.71975,2010-2019,264230.2852,2741.816687
5898,2010,CA,CDF,HOG,2010-08-27,2010-08-27,2,1,1.0,41.61972,2010-2019,289680.6523,3031.771106
5899,2010,CA,CCO,HAMPSHIRE,2010-09-28,2010-09-28,14,1,1.0,41.61283,2010-2019,246625.4258,2447.254921
5900,2010,CA,CDF,CACTUS,2010-06-06,2010-06-06,11,1,1.0,40.11037,2010-2019,237574.2656,2543.8961
5901,2010,CA,CDF,ROCK,2010-08-19,2010-08-20,8,1,1.0,38.90894,2010-2019,227541.3633,3378.862287
5902,2010,CA,USF,LONG,2010-09-23,2010-09-23,2,8,1.0,38.37838,2010-2019,224681.6445,2863.131011
5903,2010,CA,USF,RAMP,2010-09-16,2010-09-16,9,1,1.0,37.50243,2010-2019,224349.9688,2938.062504
5904,2010,CA,USF,CHINA,2010-07-06,2010-07-08,9,8,1.0,33.89206,2010-2019,207475.9688,2271.935626
5905,2010,CA,CCO,NEWHALL,2010-07-23,2010-07-23,14,7,1.0,33.81783,2010-2019,201309.6719,3190.874722
5906,2010,CA,CDF,NADER2 INCIDENT,2010-07-11,2010-07-11,2,1,1.0,33.51366,2010-2019,224611.2773,2833.875577
5907,2010,CA,CDF,HWY25,2010-08-04,2010-08-04,10,4,1.0,33.34913,2010-2019,209823.6719,2572.742505
5908,2010,CA,BLM,BORDER 12,2010-10-10,2010-10-10,2,6,1.0,31.9204,2010-2019,182459.668,2525.682463
5909,2010,CA,CDF,GILMER,2010-05-31,2010-05-31,14,1,1.0,31.60417,2010-2019,185491.8164,2033.236576
5910,2010,CA,USF,PEAK,2010-07-25,2010-07-29,1,2,1.0,30.78876,2010-2019,225490.9531,2137.08745
5911,2010,CA,CDF,ORR INCIDENT,2010-10-21,2010-10-21,14,1,1.0,30.23179,2010-2019,202730.6367,2227.130521
5912,2010,CA,CDF,ROCKY,2010-08-02,2010-08-02,14,1,1.0,29.55973,2010-2019,180631.7031,1958.493242
5913,2010,CA,CDF,PARHAM,2010-08-23,2010-08-23,14,6,1.0,27.3179,2010-2019,185390.7383,2218.649434
5914,2010,CA,BLM,COW,2010-08-01,2010-08-06,9,2,1.0,26.21784,2010-2019,176721.2383,1665.703987
5915,2010,CA,BLM,ALLENSWORTH,2010-05-28,2010-05-28,14,1,1.0,25.83468,2010-2019,159409.6953,1669.209888
5916,2010,CA,CDF,RIOSA2 INCIDENT,2010-06-23,2010-06-23,14,1,1.0,25.41353,2010-2019,170441.0703,1981.863457
5917,2010,CA,USF,MARVIN,2010-07-15,2010-07-15,1,1,2.0,24.69102,2010-2019,155862.1445,3091.819592
5918,2010,CA,BLM,SOUTH FORK,2010-06-08,2010-06-08,14,1,1.0,24.58725,2010-2019,151302.6953,1821.68217
5919,2010,CA,CDF,DYER2 INCIDENT,2010-07-04,2010-07-04,7,1,1.0,24.20499,2010-2019,161212.043,2172.534609
5920,2010,CA,CCO,ECHO LAKE,2010-07-01,2010-07-10,16,7,1.0,24.08152,2010-2019,140215.957,1762.924807
5921,2010,CA,CDF,LAKE,2010-08-25,2010-08-25,14,1,1.0,23.77216,2010-2019,146477.207,2379.836729
5922,2010,CA,USF,CRAGGY,2010-07-26,2010-07-29,1,3,2.0,23.68788,2010-2019,172802.1328,1926.845324
5923,2010,CA,CDF,SEPULVEDA,2010-11-06,2010-11-06,9,1,1.0,23.66757,2010-2019,140305.9219,1944.588885
5924,2010,CA,CCO,UMTALI,2010-07-09,2010-07-09,14,1,1.0,23.24235,2010-2019,141031.2617,3408.51255
5925,2010,CA,CCO,MUREAU,2010-08-01,2010-08-01,14,1,1.0,22.95863,2010-2019,136003.1445,2176.301492
5926,2010,CA,CCO,TAMPA,2010-09-13,2010-09-13,14,7,1.0,22.84284,2010-2019,135794.8867,1505.585125
5927,2010,CA,CDF,COALINGA,2010-03-28,2010-03-28,5,6,1.0,22.45962,2010-2019,140346.3477,2136.725374
5928,2010,CA,USF,GROUSE,2010-07-15,2010-07-15,1,1,1.0,22.43255,2010-2019,139709.3477,1704.734443
5929,2010,CA,CDF,CHAMBERLIN,2010-07-13,2010-07-13,14,1,1.0,22.29211,2010-2019,149362.7188,2261.390679
5930,2010,CA,USF,HAGER,2010-07-25,2010-07-27,1,1,1.0,21.9987,2010-2019,160408.3086,3232.285658
5931,2010,CA,NPS,TRAVERTINE,2010-08-09,2010-08-15,14,1,1.0,21.78763,2010-2019,136516.293,6562.722077
5932,2010,CA,CDF,IDRIA,2010-07-29,2010-07-29,7,6,1.0,21.0246,2010-2019,131652.6328,1677.045688
5933,2010,CA,USF,COW,2010-06-19,2010-06-20,4,6,1.0,20.36153,2010-2019,124953.2188,1963.606198
5934,2010,CA,CCO,LOST,2010-07-02,2010-07-02,2,1,1.0,19.18518,2010-2019,113589.5586,1548.873354
5935,2010,CA,USF,WOODY,2010-07-28,2010-08-13,7,1,1.0,17.84781,2010-2019,123305.6836,1480.857301
5936,2010,CA,USF,TITUS,2010-07-27,2010-07-28,1,1,2.0,17.83115,2010-2019,129712.3438,2026.424671
5937,2010,CA,USF,DALTON,2010-07-26,2010-07-30,1,1,1.0,17.09366,2010-2019,124315.7266,2981.149697
5938,2010,CA,USF,GLENDORA,2010-07-31,2010-07-31,9,6,1.0,17.04539,2010-2019,101006.4922,1402.941396
5939,2010,CA,CDF,SANTA,2010-08-22,2010-08-23,2,5,1.0,17.03092,2010-2019,98675.08984,1462.745743
5940,2010,CA,CDF,RIOSA INCIDENT,2010-06-16,2010-06-16,14,1,1.0,16.82723,2010-2019,112848.4102,1853.779369
5941,2010,CA,USF,HIGHWAY 2,2010-08-04,2010-08-04,9,1,1.0,16.26257,2010-2019,96848.75,2388.420717
5942,2010,CA,CDF,HWY198,2010-07-08,2010-07-08,7,7,1.0,16.01217,2010-2019,99650.53516,1559.597437
5943,2010,CA,CCO,OAK,2010-08-31,2010-08-31,10,6,1.0,15.95223,2010-2019,95006.46875,1908.855115
5944,2010,CA,NPS,WILDCAT2,2010-07-17,2010-07-31,1,2,2.0,15.8109,2010-2019,103061.7969,1212.217441
5945,2010,CA,USF,MEADOW VIEW,2010-07-24,2010-07-24,1,1,1.0,15.15438,2010-2019,104828.332,1907.280798
5946,2010,CA,USF,BAUTISTA,2010-08-12,2010-08-13,7,1,1.0,14.68983,2010-2019,86063.03516,1238.745894
5947,2010,CA,USF,WILLOW,2010-07-25,2010-07-26,1,6,1.0,14.32962,2010-2019,101440.8281,1541.420838
5948,2010,CA,CDF,MAYWOOD,2010-07-17,2010-07-17,9,1,1.0,13.66886,2010-2019,80231.875,1257.138093
5949,2010,CA,CDF,76-2,2010-06-23,2010-06-23,14,5,1.0,11.91234,2010-2019,69163.03125,1153.381536
5950,2010,CA,CDF,SALINAS,2010-08-24,2010-08-24,2,5,1.0,11.59715,2010-2019,73393.03516,1145.24945
5951,2010,CA,USF,WEST,2010-07-17,2010-07-21,2,6,1.0,11.32757,2010-2019,67696.26563,1017.560032
5952,2010,CA,CDF,DESAVADO,2010-07-16,2010-07-16,9,1,1.0,11.28721,2010-2019,82439.30469,1926.947741
5953,2010,CA,USF,WRIGHT,2010-06-24,2010-07-24,9,6,1.0,11.23887,2010-2019,66906.78906,1104.218789
5954,2010,CA,CCO,COLIMA,2010-09-16,2010-09-16,10,5,1.0,11.20271,2010-2019,66082.67969,1339.275084
5955,2010,CA,CDF,DOBBINS INCIDENT,2010-08-20,2010-08-23,14,1,1.0,11.17716,2010-2019,75788.58203,2017.229118
5956,2010,CA,NPS,CLARK,2010-08-08,2010-08-11,4,1,1.0,11.02856,2010-2019,71379.53125,1016.928671
5957,2010,CA,CDF,CRAM,2010-07-31,2010-07-31,2,1,1.0,11.01219,2010-2019,79655.24219,2075.367807
5958,2010,CA,BLM,PATTERSON,2010-07-05,2010-07-06,1,1,1.0,10.77123,2010-2019,77525.17578,1421.629333
5959,2010,CA,USF,TENAJA2,2010-06-07,2010-06-07,9,8,1.0,10.64954,2010-2019,62155.37891,1126.72893
5960,2010,CA,CDF,CREEK,2010-06-26,2010-06-26,14,1,1.0,10.18736,2010-2019,62092.75391,1476.630363
5961,2010,CA,USF,RANGE,2010-06-11,2010-06-11,9,6,1.0,10.1644,2010-2019,60445.4375,1220.828051
5962,2010,CA,USF,TAMARACK,2010-07-26,2010-07-27,1,8,2.0,10.10078,2010-2019,73151.01172,1611.432602
5963,2010,CA,USF,ESCORT,2010-06-05,2010-07-05,9,6,1.0,9.463291,2010-2019,56707.98047,965.339328
5964,2010,CA,USF,PLASKETT,2010-06-19,2010-06-22,9,1,1.0,9.452641,2010-2019,58440.78906,1146.900992
5965,2010,CA,FWS,WILDLIFE,2010-05-01,2010-05-01,7,4,,8.675761,2010-2019,55553.78125,1514.75023
5966,2010,CA,CDF,OREGON,2010-07-16,2010-07-16,10,1,1.0,8.4357,2010-2019,59523.55078,1099.79256
5967,2010,CA,CCO,QUAIL,2010-06-19,2010-06-19,2,7,1.0,8.285655,2010-2019,49803.12891,1158.574968
5968,2010,CA,BLM,ISABELLA,2010-05-08,2010-05-10,8,1,1.0,7.981266,2010-2019,48999.79688,1232.274746
5969,2010,CA,CCO,CALGROVE,2010-06-25,2010-06-25,14,7,1.0,7.456395,2010-2019,44367.32422,1564.488302
5970,2010,CA,USF,MENDENHALL,2010-06-17,2010-07-17,9,6,1.0,7.243333,2010-2019,43416.875,780.8292902
5971,2010,CA,CDF,RY,2010-03-31,2010-03-31,11,1,1.0,7.196177,2010-2019,52132.67188,1395.764988
5972,2010,CA,NPS,ESHOM,2010-09-30,2010-10-12,14,1,1.0,6.100981,2010-2019,38437.13281,1043.402506
5973,2010,CA,BLM,CORTEZ,2010-05-03,2010-05-04,1,1,1.0,5.562693,2010-2019,34091.50781,949.638254
5974,2010,CA,CCO,QUEENS,2010-09-15,2010-09-15,14,5,1.0,4.970605,2010-2019,29575.67721,609.6383526
5975,2010,CA,CDF,BAILEY,2010-08-10,2010-08-10,2,1,1.0,4.813503,2010-2019,35236.58203,1040.941196
5976,2010,CA,NPS,CAHOON,2010-07-23,2010-11-30,1,1,2.0,4.511323,2010-2019,28413.20703,815.8514775
5977,2010,CA,CDF,EASY,2010-07-02,2010-07-02,10,1,1.0,4.45821,2010-2019,32277.12891,1943.611531
5978,2010,CA,NPS,DEER CREEK,2010-05-29,2010-05-29,11,1,1.0,3.628123,2010-2019,21460.3125,795.405183
5979,2010,CA,CDF,HAMLIN,2010-06-30,2010-06-30,2,1,1.0,3.322555,2010-2019,24040.42578,694.3124141
5980,2010,CA,CDF,HART,2010-07-29,2010-07-29,2,1,1.0,3.321198,2010-2019,24096.20703,599.1646472
5981,2010,CA,CDF,GAZELLE,2010-09-13,2010-09-13,2,1,1.0,2.75103,2010-2019,19859.66016,631.3914292
5982,2010,CA,CCO,RIVER,2010-06-19,2010-06-19,2,7,1.0,2.553682,2010-2019,15251.33984,707.3487118
5983,2010,CA,CDF,EASTMAN,2010-07-27,2010-07-27,1,1,1.0,2.383767,2010-2019,17318.11719,593.1529435
5984,2010,CA,CDF,HOLLOW,2010-07-26,2010-07-26,1,1,1.0,1.371385,2010-2019,9933.246094,458.4384334
5985,2010,CA,CCO,OLIVE,2010-06-28,2010-06-28,14,4,1.0,1.121484,2010-2019,6671.134769,289.5374793
5986,2010,CA,CDF,EMPIRE,2010-07-26,2010-07-26,1,1,1.0,0.931545,2010-2019,6810.960938,451.1610487
5987,2010,CA,CDF,WHISKEY,2010-06-23,2010-06-23,2,1,1.0,0.2283715,2010-2019,1646.050781,158.4422266
5988,2009,CA,USF,STATION,2009-08-26,2009-09-22,7,7,1.0,160833.1,2000-2009,956681991.0,259028.0843
5989,2009,CA,USF,LA BREA,2009-08-08,2009-08-22,9,5,1.0,97815.31,2000-2009,590394009.0,115117.6098
5990,2009,CA,CCO,GUIBERSON,2009-09-22,2009-09-24,14,8,1.0,17526.69,2000-2009,104316684.8,82207.6857
5991,2009,CA,CDF,CORRAL,2009-08-13,2009-08-20,9,2,1.0,12242.76,2000-2009,79048966.95,42819.16651
5992,2009,CA,USF,SUGARLOAF,2009-08-01,2009-08-12,1,8,1.0,9354.167,2000-2009,65933259.35,55431.20705
5993,2009,CA,CCO,JESUSITA,2009-05-05,2009-05-17,2,8,1.0,8733.996,2000-2009,52134060.86,49390.58397
5994,2009,CA,CDF,LOCKHEED,2009-08-12,2009-08-23,14,1,1.0,7783.064,2000-2009,49581123.79,43587.29537
5995,2009,CA,NPS,BIG MEADOW,2009-08-26,2009-09-04,18,7,1.0,7553.215,2000-2009,48952396.32,44993.87868
5996,2009,CA,USF,SHEEP,2009-10-03,2009-10-24,9,7,1.0,7237.873,2000-2009,43036315.41,64242.8704
5997,2009,CA,CDF,CHALK,2009-08-01,2009-09-01,1,8,1.0,6846.62,2000-2009,48670693.17,42011.41673
5998,2009,CA,CDF,GLORIA,2009-08-28,2009-09-08,9,2,1.0,6435.952,2000-2009,40347179.49,35486.33573
5999,2009,CA,USF,KNIGHT,2009-07-26,2009-08-21,9,7,1.0,6129.376,2000-2009,40196581.16,50318.90279
6000,2009,CA,CDF,CASSEL,2009-08-02,2009-08-17,1,7,1.0,6098.186,2000-2009,43292511.99,31451.89284
6001,2009,CA,USF,LT-17(BACKBONE),2009-07-01,2009-09-03,1,8,1.0,5193.642,2000-2009,37014229.27,49630.33869
6002,2009,CA,CDF,GOOSE,2009-08-01,2009-10-20,1,8,1.0,3948.906,2000-2009,28060444.82,30723.70965
6003,2009,CA,CDF,YUBA,2009-08-15,2009-08-20,11,7,1.0,3828.632,2000-2009,25936609.62,26961.80191
6004,2009,CA,USF,TENNANT,2009-07-19,2009-07-24,2,8,1.0,3183.837,2000-2009,23133483.41,26482.71838
6005,2009,CA,NPS,GROUSE,2009-05-30,2009-07-11,1,7,2.0,3039.926,2000-2009,19677121.93,24931.50627
6006,2009,CA,BIA,MILL CREEK 4,2009-10-07,2009-11-18,9,8,1.0,2831.125,2000-2009,20257383.81,28481.58146
6007,2009,CA,USF,FORKS,2009-07-18,2009-07-24,1,1,1.0,2811.132,2000-2009,18001008.93,27865.41379
6008,2009,CA,USF,LION,2009-06-29,2009-10-16,1,7,1.0,2577.448,2000-2009,16037622.8,28200.50827
6009,2009,CA,USF,COTTONWOOD,2009-08-27,2009-08-31,9,7,1.0,2410.618,2000-2009,14146047.68,20211.92971
6010,2009,CA,CDF,BRYSON,2009-08-26,2009-08-28,15,7,1.0,2256.828,2000-2009,13934634.93,15661.59377
6011,2009,CA,USF,MORRIS,2009-08-25,2009-11-30,7,7,1.0,2236.504,2000-2009,13262905.9,21473.80138
6012,2009,CA,CDF,EXPLOSIVES,2009-06-19,2009-06-19,11,1,1.0,1988.681,2000-2009,12866747.96,26705.45709
6013,2009,CA,USF,BROWN,2009-08-01,2009-08-26,1,8,1.0,1833.164,2000-2009,12971819.6,16921.81125
6014,2009,CA,USF,REDROCK,2009-08-21,2009-09-04,9,5,1.0,1736.917,2000-2009,12566932.29,18533.60087
6015,2009,CA,CDF,PACHECO,2009-08-29,2009-09-14,10,7,1.0,1688.594,2000-2009,10741559.9,17913.58882
6016,2009,CA,NPS,FAIRFIELD,2009-08-03,2009-09-30,1,1,2.0,1662.092,2000-2009,11654361.98,18531.41533
6017,2009,CA,NPS,HARDEN,2009-06-08,2009-07-11,1,7,2.0,1653.488,2000-2009,10762665.84,14558.33539
6018,2009,CA,CDF,OASIS,2009-09-07,2009-09-13,4,1,1.0,1574.982,2000-2009,10552017.15,17140.08311
6019,2009,CA,BLM,MENDIBOUREAU,2009-08-01,2009-08-01,1,1,1.0,1426.45,2000-2009,10137681.05,29736.37667
6020,2009,CA,USF,GRANITE,2009-07-20,2009-11-02,1,7,1.0,1397.009,2000-2009,8689242.125,23726.78823
6021,2009,CA,USF,SHOTGUN,2009-06-17,2009-10-12,1,7,2.0,1333.441,2000-2009,8327479.469,23198.0207
6022,2009,CA,NPS,WILDCAT,2009-07-28,2009-10-13,1,2,2.0,1292.374,2000-2009,8422992.449,15754.95484
6023,2009,CA,USF,REDSPOT,2009-07-01,2009-07-26,1,8,1.0,1129.536,2000-2009,8071282.316,28030.09475
6024,2009,CA,CDF,COFFIN,2009-08-12,2009-08-14,7,7,1.0,1098.519,2000-2009,7738675.715,16883.60048
6025,2009,CA,CDF,OAK GLEN 3,2009-08-30,2009-09-10,7,2,1.0,983.2415,2000-2009,5809257.746,17289.73311
6026,2009,CA,CDF,FORT,2009-02-05,2009-02-07,18,1,1.0,943.448,2000-2009,5983567.098,24615.59372
6027,2009,CA,CDF,DAY,2009-08-27,2009-08-30,2,1,1.0,852.8038,2000-2009,6081995.504,14119.66865
6028,2009,CA,CDF,PENDLETON,2009-08-31,2009-09-03,7,2,1.0,838.701,2000-2009,4954291.27,10927.6869
6029,2009,CA,CDF,MUSTANG,2009-05-13,2009-05-16,5,7,1.0,764.4717,2000-2009,4891455.039,10676.01993
6030,2009,CA,CCO,PARKWAY,2009-06-22,2009-06-22,11,7,1.0,689.9021,2000-2009,4166219.914,11131.43347
6031,2009,CA,CDF,RUMSEY,2009-06-29,2009-07-02,2,2,1.0,677.4405,2000-2009,4535760.766,10371.95299
6032,2009,CA,CDF,LOMA,2009-10-25,2009-10-27,14,1,1.0,669.3967,2000-2009,4265112.645,10659.07859
6033,2009,CA,NPS,HORSE,2009-07-19,2009-10-12,1,1,2.0,664.1164,2000-2009,4154898.5,11730.35768
6034,2009,CA,CDF,MAMMOTH,2009-07-15,2009-07-16,9,1,1.0,642.6456,2000-2009,4304090.59,10684.34591
6035,2009,CA,DOD,HIGHWAY,2009-09-30,2009-10-03,11,8,1.0,562.13,2000-2009,3376402.816,9482.608531
6036,2009,CA,USF,SULPHUR,2009-07-11,2009-07-20,9,5,1.0,468.4803,2000-2009,2811633.469,7681.689681
6037,2009,CA,NPS,LOST HORSE,2009-05-24,2009-06-02,14,1,1.0,450.7557,2000-2009,2657363.957,6822.032743
6038,2009,CA,CDF,GOMEZ,2009-08-02,2009-08-17,1,7,1.0,424.7899,2000-2009,3023881.891,12759.35719
6039,2009,CA,CCO,ALISO,2009-05-24,2009-05-25,5,5,1.0,423.2517,2000-2009,2553337.922,6579.80262
6040,2009,CA,CDF,ROCK,2009-06-26,2009-06-28,9,1,1.0,409.0049,2000-2009,2672609.652,11049.06889
6041,2009,CA,CDF,VAIL,2009-09-19,2009-09-20,10,8,1.0,398.3529,2000-2009,2322578.23,9598.63376
6042,2009,CA,USF,TRINITY,2009-07-01,2009-07-26,1,8,1.0,391.4507,2000-2009,2789269.324,6871.386567
6043,2009,CA,CCO,BITTER,2009-05-31,2009-05-31,10,6,1.0,353.0028,2000-2009,2162089.195,6374.297089
6044,2009,CA,USF,PONDEROSA,2009-08-01,2009-08-13,9,5,1.0,351.2415,2000-2009,2175753.648,6028.128927
6045,2009,CA,USF,ELM,2009-07-07,2009-07-07,9,6,1.0,348.3582,2000-2009,2051128.438,5696.725599
6046,2009,CA,CDF,CRAFTON,2009-09-23,2009-09-27,14,1,1.0,348.1416,2000-2009,2057273.473,7059.778738
6047,2009,CA,CDF,FORTY NINE,2009-08-30,2009-08-31,7,1,1.0,343.3381,2000-2009,2300898.383,9451.566221
6048,2009,CA,USF,OSITO,2009-07-13,2009-07-13,2,2,1.0,332.0352,2000-2009,1989296.105,6284.467696
6049,2009,AZ,BLM,DEER,2009-07-06,2009-07-21,14,8,1.0,330.1603,2000-2009,1954275.531,12882.94905
6050,2009,CA,USF,SILVER,2009-09-19,2009-09-27,9,8,1.0,310.5701,2000-2009,2141144.059,10399.96653
6051,2009,CA,CDF,LIGHTNING 1,2009-05-28,2009-05-29,1,8,1.0,294.5972,2000-2009,1825547.441,8320.293674
6052,2009,CA,CDF,WILSON BRANCH 2,2009-10-09,2009-10-14,14,1,1.0,289.5978,2000-2009,2099764.766,6372.954309
6053,2009,CA,USF,POWER,2009-09-27,2009-09-29,9,7,1.0,289.2485,2000-2009,1799420.727,8154.400761
6054,2009,CA,BLM,LAMB,2009-07-11,2009-07-11,10,7,1.0,288.1363,2000-2009,1695475.57,5976.880464
6055,2009,CA,USF,SUMMIT,2009-08-12,2009-08-25,4,8,1.0,287.0728,2000-2009,1945841.918,8807.232313
6056,2009,CA,USF,MILFORD GRADE,2009-04-22,2009-04-22,1,5,1.0,284.4517,2000-2009,1970143.695,6427.140475
6057,2009,CA,DOD,BEALE,2009-08-28,2009-08-28,14,7,1.0,281.3444,2000-2009,1895186.043,7140.412395
6058,2009,CA,CCO,ROUND,2009-06-24,2009-06-24,10,1,1.0,277.9886,2000-2009,1701062.656,7915.595393
6059,2009,CA,USF,ELEPHANT,2009-08-16,2009-08-31,9,5,1.0,274.0204,2000-2009,1884384.637,7690.296008
6060,2009,CA,USF,BLACKJACK,2009-07-18,2009-08-25,1,1,1.0,270.8956,2000-2009,1718406.676,9006.574707
6061,2009,CA,CDF,DYER,2009-07-20,2009-07-20,14,1,1.0,262.2774,2000-2009,1747394.68,7426.52687
6062,2009,CA,CCO,GRAVE,2009-05-28,2009-05-28,14,7,1.0,262.0889,2000-2009,1571855.535,6644.86405
6063,2009,CA,CCO,BEAR,2009-10-29,2009-10-29,14,1,1.0,236.9551,2000-2009,1442517.387,5749.575366
6064,2009,CA,CCO,PV,2009-08-27,2009-08-28,11,7,1.0,234.2768,2000-2009,1374980.148,8423.821232
6065,2009,CA,CCO,G,2009-06-04,2009-06-04,14,7,1.0,215.0833,2000-2009,1291989.645,12354.72264
6066,2009,CA,USF,TUJUNGA,2009-07-05,2009-07-09,1,7,1.0,210.5635,2000-2009,1251790.496,4585.492155
6067,2009,CA,CCO,CAMERON,2009-07-06,2009-07-06,14,1,1.0,208.3219,2000-2009,1260683.59,10195.43704
6068,2009,CA,CDF,PINE,2009-09-21,2009-09-25,14,2,1.0,199.6945,2000-2009,1330941.152,5072.569357
6069,2009,CA,CCO,ROCKY,2009-06-24,2009-06-24,15,1,1.0,188.3855,2000-2009,1141091.004,6366.906502
6070,2009,CA,USF,PRISON,2009-08-01,2009-08-02,1,1,1.0,175.0094,2000-2009,1233131.754,8067.017561
6071,2009,CA,USF,SIMS,2009-06-23,2009-06-23,9,5,1.0,169.8183,2000-2009,1240390.602,4719.041858
6072,2009,CA,CCO,FRANK,2009-05-26,2009-05-26,2,1,1.0,168.5915,2000-2009,1037831.996,9718.18389
6073,2009,CA,USF,MCKINLEY,2009-06-03,2009-06-03,1,6,1.0,166.3999,2000-2009,985652.3516,5411.977717
6074,2009,CA,CDF,TELEGRAPH,2009-09-12,2009-09-14,1,1,1.0,161.6785,2000-2009,1053074.156,4804.183476
6075,2009,CA,CCO,DIAMOND,2009-11-03,2009-11-04,10,7,1.0,155.2837,2000-2009,917125.0391,9153.254838
6076,2009,CA,USF,HOWLAND,2009-07-15,2009-07-20,4,5,1.0,154.4899,2000-2009,1057224.531,4403.273019
6077,2009,CA,CDF,BACKBONE,2009-08-01,2009-08-05,1,8,1.0,149.1274,2000-2009,1052644.641,5936.55052
6078,2009,CA,CDF,IAGUA,2009-10-03,2009-10-06,2,1,1.0,148.0109,2000-2009,1039850.109,7086.49183
6079,2009,CA,CCO,ORTEGA,2009-11-16,2009-11-17,2,1,1.0,141.9777,2000-2009,828778.5273,4425.903022
6080,2009,CA,CDF,PRATT,2009-09-11,2009-09-11,2,2,1.0,141.965,2000-2009,982890.6875,4968.548021
6081,2009,CA,USF,HARRINGTON,2009-08-02,2009-09-09,1,5,1.0,141.8978,2000-2009,1030437.305,6403.714684
6082,2009,CA,CCO,STATE PARK,2009-06-28,2009-06-29,14,7,1.0,141.5527,2000-2009,851431.8164,5270.8297
6083,2009,CA,CDF,BLUFF2,2009-09-10,2009-09-11,9,8,1.0,140.0417,2000-2009,825821.7969,4430.768233
6084,2009,CA,CCO,PALMER,2009-08-13,2009-08-13,2,1,1.0,139.9773,2000-2009,841654.4883,5143.041857
6085,2009,CA,USF,CORRAL,2009-08-07,2009-08-08,9,7,1.0,136.004,2000-2009,839373.2734,4683.500207
6086,2009,CA,CCO,VALLEY,2009-05-18,2009-05-18,3,7,1.0,130.8039,2000-2009,785236.3359,8231.90349
6087,2009,CA,CDF,RANCH,2009-01-15,2009-01-16,18,1,1.0,124.5351,2000-2009,871676.9844,5074.820665
6088,2009,CA,CDF,LAKE,2009-07-19,2009-07-20,11,1,1.0,123.0641,2000-2009,757834.7539,6171.22528
6089,2009,CA,USF,FAIRVEW,2009-06-28,2009-06-28,9,6,1.0,114.9584,2000-2009,711296.1602,4528.277673
6090,2009,CA,CCO,VINTAGE,2009-08-14,2009-08-14,9,5,1.0,112.4652,2000-2009,668901.3867,3410.004401
6092,2009,CA,CDF,PALA 4,2009-05-24,2009-05-25,14,7,1.0,106.1154,2000-2009,617289.4063,4424.336593
6093,2009,CA,CDF,BLACK,2009-09-02,2009-09-06,7,1,1.0,103.3653,2000-2009,755139.5898,4419.497795
6094,2009,CA,USF,HILLSIDE,2009-09-25,2009-09-26,14,6,1.0,96.74557,2000-2009,580169.8047,4193.748245
6095,2009,CA,USF,CHINA COMPLEX,2009-06-03,2009-06-03,1,7,1.0,94.07167,2000-2009,576190.918,5865.732875
6096,2009,CA,NPS,COTTONWOOD,2009-05-18,2009-05-25,1,1,1.0,93.8474,2000-2009,611028.0547,3684.49688
6097,2009,CA,CDF,WAVERLEY,2009-06-26,2009-06-27,9,1,1.0,93.84371,2000-2009,612205.8164,3315.346791
6098,2009,CA,CDF,SUNSET,2009-09-30,2009-09-30,10,1,1.0,93.79176,2000-2009,625997.2734,6556.757216
6099,2009,CA,CDF,DE LUZ,2009-07-02,2009-07-03,14,8,1.0,93.47726,2000-2009,545494.6641,3220.438757
6100,2009,CA,USF,N. GLASS,2009-07-18,2009-07-19,1,1,1.0,90.76411,2000-2009,588262.5117,4498.028996
6101,2009,CA,CCO,ROUND,2009-05-09,2009-05-09,10,1,1.0,89.26585,2000-2009,545893.0508,3974.736582
6102,2009,CA,CCO,GOLF,2009-07-11,2009-07-11,14,7,1.0,88.33082,2000-2009,530483.0742,3301.193362
6103,2009,CA,CDF,HIGHWAY,2009-11-08,2009-11-08,11,1,1.0,83.7404,2000-2009,505977.2227,3857.67246
6104,2009,CA,CDF,RIVERBOTTOM,2009-03-29,2009-03-31,14,1,1.0,83.00694,2000-2009,559400.1055,3610.142959
6105,2009,CA,CCO,WILLOW,2009-08-15,2009-08-15,14,6,1.0,82.1416,2000-2009,497203.4258,3254.143966
6106,2009,CA,CCO,SLOAN,2009-07-17,2009-07-17,10,7,1.0,81.81142,2000-2009,488611.8672,5258.057992
6107,2009,CA,BLM,DODGE,2009-08-01,2009-08-01,1,2,1.0,81.56727,2000-2009,579256.5117,5877.394013
6108,2009,CA,CDF,VALENTE,2009-05-18,2009-05-18,7,5,1.0,75.87243,2000-2009,494888.5313,4184.4182
6109,2009,CA,CDF,CLARIBEL,2009-05-15,2009-05-16,7,5,1.0,74.90366,2000-2009,484948.8516,4138.464503
6110,2009,CA,CDF,PARK 2,2009-05-07,2009-05-08,14,1,1.0,72.86634,2000-2009,430601.9297,3695.734551
6111,2009,CA,CDF,NELSON,2009-06-25,2009-06-25,7,1,1.0,71.27203,2000-2009,476600.1641,3163.886135
6112,2009,CA,BLM,SPRINGS,2009-07-28,2009-07-28,14,7,1.0,71.06954,2000-2009,418891.6797,2795.611956
6113,2009,CA,USF,LAKE,2009-07-22,2009-07-22,9,6,1.0,70.66196,2000-2009,433884.2773,3813.314364
6114,2009,CA,CDF,FIDDYMENT,2009-07-05,2009-07-05,14,1,1.0,70.4869,2000-2009,470497.9336,3879.690041
6115,2009,CA,USF,RAIL,2009-08-01,2009-08-01,1,8,1.0,68.26365,2000-2009,494213.3555,3601.945289
6116,2009,CA,CDF,GRANDE IC,2009-03-02,2009-03-03,5,8,1.0,67.66906,2000-2009,394697.8516,2412.958371
6117,2009,CA,CCO,SCHOOL,2009-08-24,2009-08-24,10,1,1.0,66.58518,2000-2009,401177.5977,3326.43873
6118,2009,CA,CDF,CHALONE,2009-06-09,2009-06-11,10,7,1.0,65.13966,2000-2009,408126.75,3179.581674
6119,2009,CA,CDF,KONDA 3,2009-05-28,2009-05-29,1,8,1.0,65.09072,2000-2009,401730.2695,3596.565293
6120,2009,CA,USF,FLAT,2009-07-30,2009-08-03,1,8,1.0,62.11282,2000-2009,443254.2383,3491.006666
6121,2009,CA,USF,ISLAND,2009-07-01,2009-07-01,2,6,1.0,61.4799,2000-2009,368106.5508,2922.83562
6122,2009,CA,CDF,RABBIT,2009-07-08,2009-07-08,9,8,1.0,59.53195,2000-2009,350906.3477,4125.863635
6123,2009,CA,CDF,PERCH,2009-03-23,2009-03-24,5,1,1.0,59.49112,2000-2009,435146.7188,5001.084388
6124,2009,CA,CDF,BELOTTA,2009-05-18,2009-05-18,14,5,1.0,57.74234,2000-2009,376593.8945,4618.074697
6125,2009,CA,CDF,RANCHO,2009-10-04,2009-10-04,9,2,1.0,56.45208,2000-2009,334499.7969,2467.471704
6126,2009,CA,CDF,WILLOW 3,2009-05-22,2009-05-23,14,6,1.0,54.52466,2000-2009,312956.3047,3016.044919
6127,2009,CA,CDF,49,2009-07-26,2009-07-27,14,6,1.0,51.81923,2000-2009,335409.9766,2171.101443
6128,2009,CA,USF,PEAK,2009-09-12,2009-09-16,4,7,1.0,50.48734,2000-2009,312949.8945,4581.481951
6129,2009,CA,CCO,SLUMP,2009-06-18,2009-06-18,14,1,1.0,50.10938,2000-2009,306114.2813,3312.339311
6130,2009,CA,CDF,TRAM,2009-04-03,2009-04-03,9,1,1.0,49.93808,2000-2009,293774.8984,3399.739398
6131,2009,CA,CDF,132 ,2009-06-19,2009-06-19,9,6,1.0,49.91967,2000-2009,322749.7617,3353.107773
6132,2009,CA,CDF,BASELINE,2009-06-07,2009-06-07,14,1,1.0,47.65584,2000-2009,317594.9961,2645.356845
6133,2009,CA,USF,BUTTE,2009-08-04,2009-08-04,1,8,1.0,45.49991,2000-2009,321492.707,2540.272389
6134,2009,CA,CDF,BUCKLEY,2009-03-21,2009-03-22,7,1,1.0,45.44855,2000-2009,291574.1328,4224.020687
6135,2009,CA,USF,COFFEE,2009-06-21,2009-06-24,9,7,1.0,45.03305,2000-2009,280132.5703,2922.070305
6136,2009,CA,CDF,VALLEY,2009-06-11,2009-06-11,7,1,1.0,43.96304,2000-2009,278388.7695,2421.436283
6137,2009,CA,CDF,BASELINE,2009-06-07,2009-06-07,8,1,1.0,43.897,2000-2009,259863.2305,2859.671689
6138,2009,CA,CDF,CHECKPOINT,2009-09-04,2009-09-04,9,7,1.0,43.85718,2000-2009,250941.3477,2567.378885
6139,2009,CA,USF,BUTTE,2009-08-01,2009-08-26,1,8,1.0,43.59916,2000-2009,308116.6211,2572.09689
6140,2009,CA,CDF,NACIMIENTO,2009-07-23,2009-07-23,14,1,1.0,42.80092,2000-2009,262949.9531,2671.335044
6141,2009,CA,CDF,ISLAND,2009-07-30,2009-08-02,10,6,1.0,40.26507,2000-2009,277860.4336,2332.445773
6142,2009,CA,CDF,OMEGA,2009-07-09,2009-07-09,2,1,1.0,40.11937,2000-2009,293083.375,2282.678705
6143,2009,CA,CDF,QEUDOW,2009-05-28,2009-05-29,1,8,1.0,39.91262,2000-2009,246984.8984,2572.843123
6144,2009,CA,USF,JONES,2009-07-28,2009-10-18,1,8,1.0,39.09988,2000-2009,277009.4219,2321.680656
6145,2009,CA,BLM,QUAIL,2009-07-02,2009-07-02,14,1,1.0,38.68639,2000-2009,227594.4258,2048.347717
6146,2009,CA,CCO,CANYON,2009-07-19,2009-07-19,2,6,1.0,38.44999,2000-2009,229861.4336,2805.92329
6147,2009,CA,USF,SADDLE,2009-08-02,2009-08-03,9,5,1.0,37.51142,2000-2009,256298.3359,1957.831227
6148,2009,CA,USF,WHALEBACK,2009-08-01,2009-08-09,1,1,1.0,35.62033,2000-2009,250674.9375,3950.027893
6149,2009,CA,CDF,BEAR,2009-09-11,2009-09-12,7,1,1.0,35.12801,2000-2009,221862.3906,2898.435391
6150,2009,CA,CCO,MT ST MARYS,2009-07-08,2009-07-08,2,5,1.0,35.07367,2000-2009,207474.707,2833.724456
6151,2009,CA,USF,UPPER,2009-07-31,2009-08-05,1,8,1.0,34.90662,2000-2009,252229.9336,3409.810329
6152,2009,CA,CDF,WILSON BRANCH 1,2009-10-09,2009-10-14,14,1,1.0,34.7323,2000-2009,251800.4922,2391.055421
6153,2009,CA,CDF,SARGENTS 2,2009-06-13,2009-06-13,11,1,1.0,33.99076,2000-2009,210253.6875,3136.472579
6154,2009,CA,USF,LOCKWOOD,2009-04-08,2009-04-22,9,5,1.0,33.80416,2000-2009,203346.3281,2397.832884
6155,2009,CA,CDF,RIVER,2009-01-14,2009-01-14,5,4,1.0,33.31531,2000-2009,237095.5781,2065.850921
6156,2009,CA,CDF,AUBERY,2009-06-02,2009-06-02,3,1,1.0,31.31994,2000-2009,199071.7734,3117.372982
6157,2009,CA,CCO,OAK,2009-05-13,2009-05-13,11,6,1.0,30.85494,2000-2009,186780.1563,1972.513081
6158,2009,CA,CDF,INTERLAKE,2009-06-04,2009-06-04,11,7,1.0,30.36139,2000-2009,187262.1523,1994.354732
6159,2009,CA,CDF,LODGE,2009-07-30,2009-07-30,14,1,1.0,30.24311,2000-2009,192411.4688,1944.188512
6161,2009,CA,CCO,KECKS,2009-05-17,2009-05-17,14,1,1.0,29.51451,2000-2009,181646.6133,2318.242743
6162,2009,CA,USF,STEEP,2009-05-10,2009-05-10,2,6,1.0,29.46137,2000-2009,176744.0352,2741.063789
6163,2009,CA,CDF,MORGAN,2009-07-13,2009-07-13,7,1,1.0,29.25722,2000-2009,186016.1602,2668.657489
6164,2009,CA,CDF,LITTLE,2009-01-13,2009-01-13,18,4,1.0,28.92981,2000-2009,205933.4375,2069.108455
6165,2009,CA,CDF,FRENCH,2009-10-01,2009-10-02,14,1,1.0,27.42418,2000-2009,190101.5742,2351.487335
6166,2009,CA,CDF,WILD,2009-08-21,2009-08-26,7,8,1.0,26.81784,2000-2009,188235.1641,2858.124566
6167,2009,CA,CDF,KNEELAND,2009-10-08,2009-10-09,1,1,1.0,25.67812,2000-2009,180778.1758,2491.541316
6168,2009,CA,CCO,WOFFORD COMPLEX,2009-08-31,2009-08-31,10,1,1.0,25.52011,2000-2009,156893.1797,3599.390446
6169,2009,CA,CCO,PERRY,2009-07-10,2009-07-10,7,1,1.0,25.41952,2000-2009,156129.5313,1746.751641
6170,2009,CA,USF,HILL,2009-04-20,2009-04-24,9,1,1.0,25.31446,2000-2009,172314.4414,2119.78905
6171,2009,CA,CDF,GIBBON,2009-06-02,2009-06-02,1,8,1.0,25.15846,2000-2009,155630.0117,1986.271556
6172,2009,CA,CDF,VALLEY,2009-01-16,2009-01-16,5,4,1.0,24.98003,2000-2009,177791.6523,2212.266293
6173,2009,CA,CDF,JORDAN,2009-07-15,2009-07-16,5,1,1.0,24.43217,2000-2009,167845.625,1691.605571
6174,2009,CA,CDF,SARGENTS,2009-06-27,2009-06-27,2,6,1.0,23.95738,2000-2009,148446.4414,1867.999448
6175,2009,CA,CDF,CAVE,2009-08-02,2009-08-17,1,7,1.0,23.70788,2000-2009,168578.9688,1944.687892
6176,2009,CA,CDF,CLARK,2009-04-28,2009-04-28,2,1,1.0,23.42205,2000-2009,143767.0313,1769.238886
6177,2009,CA,CDF,BANNING,2009-10-03,2009-10-03,9,1,1.0,22.35841,2000-2009,131629.9102,2285.207111
6178,2009,CA,CDF,LIGHTNING 2,2009-06-02,2009-06-02,1,8,1.0,22.27085,2000-2009,138032.5352,3211.973435
6179,2009,CA,CDF,MAGNOLIA,2009-09-12,2009-09-12,11,1,1.0,21.28702,2000-2009,142991.6719,2642.538903
6180,2009,CA,USF,GROUSE,2009-08-01,2009-08-02,1,8,1.0,19.44056,2000-2009,140126.7266,1601.976393
6181,2009,CA,CDF,1-34,2009-08-02,2009-08-17,1,7,1.0,19.29534,2000-2009,137060.5586,2317.95532
6182,2009,CA,CDF,TRUBLOOD 2,2009-06-02,2009-06-02,1,8,1.0,19.26691,2000-2009,119119.543,1395.484966
6183,2009,CA,CCO,TERREBONNE,2009-06-03,2009-06-04,1,6,1.0,19.08557,2000-2009,113035.3945,1661.216334
6184,2009,CA,USF,SMOKEY,2009-10-10,2009-10-10,2,6,1.0,18.62339,2000-2009,111783.4063,1565.447074
6185,2009,CA,BLM,SNOWSTORM,2009-07-30,2009-08-02,1,1,1.0,17.63159,2000-2009,124148.043,1986.620364
6186,2009,CA,CDF,SAND,2009-07-10,2009-07-10,2,1,1.0,17.27704,2000-2009,108959.5,1451.743643
6187,2009,CA,CCO,BLUE,2009-06-28,2009-06-29,10,8,1.0,17.20211,2000-2009,103884.1836,2292.078682
6188,2009,CA,BLM,WRANGLER,2009-07-17,2009-07-19,14,1,1.0,17.05299,2000-2009,99980.03906,1562.696873
6189,2009,CA,CDF,SPRING,2009-07-20,2009-07-20,14,1,1.0,17.00472,2000-2009,114920.2891,1520.394079
6190,2009,CA,CCO,CASITAS,2009-09-06,2009-09-08,2,5,1.0,16.73745,2000-2009,99705.09375,1343.59129
6191,2009,CA,USF,ORTEGA 3,2009-09-04,2009-09-04,9,5,1.0,16.4927,2000-2009,96442.61328,1673.936413
6192,2009,CA,USF,LOWER,2009-07-28,2009-08-01,1,8,1.0,16.23625,2000-2009,115026.7305,1319.364204
6193,2009,CA,CDF,WEST WISE,2009-05-25,2009-05-25,14,1,1.0,15.64019,2000-2009,104733.0898,1598.192755
6194,2009,CA,CCO,HIGHWAY 178,2009-09-29,2009-09-29,14,6,1.0,15.60018,2000-2009,95890.17969,1755.857255
6195,2009,CA,USF,SWIFT,2009-09-26,2009-09-29,9,8,1.0,15.41852,2000-2009,109587.1719,2040.933367
6196,2009,CA,USF,YELLOWJACKET,2009-11-15,2009-11-18,2,5,1.0,14.71581,2000-2009,88360.83984,1555.437914
6197,2009,CA,CCO,BRECKENRIDGE,2009-04-24,2009-04-24,14,6,1.0,14.43905,2000-2009,88087.42969,1387.873566
6198,2009,CA,CCO,MARSHALL,2009-07-12,2009-07-12,14,1,1.0,14.13487,2000-2009,83724.91797,2524.257077
6199,2009,CA,USF,MURPHYS,2009-09-12,2009-09-18,1,1,1.0,13.76622,2000-2009,89726.71484,1224.072989
6200,2009,CA,USF,SPOOK,2009-07-18,2009-07-20,1,1,1.0,13.53177,2000-2009,85886.95703,1077.609765
6201,2009,CA,CDF,GOODMAN,2009-08-25,2009-08-25,2,1,1.0,12.50913,2000-2009,86583.10156,1284.043682
6202,2009,CA,USF,PARADISE,2009-07-17,2009-07-17,10,6,1.0,11.7796,2000-2009,70485.03516,1117.49202
6203,2009,CA,DOD,ORTEGA 2,2009-07-30,2009-07-31,2,5,1.0,11.61811,2000-2009,67563.90625,994.8631107
6204,2009,CA,CCO,RANCHO,2009-10-05,2009-10-05,14,1,1.0,11.52567,2000-2009,69654.48438,1104.928223
6205,2009,CA,USF,BOULDER2,2009-06-24,2009-06-24,9,6,1.0,11.50176,2000-2009,70677.46094,1548.463339
6206,2009,CA,CCO,FOREST,2009-08-29,2009-08-29,14,1,1.0,10.83142,2000-2009,65618.88672,1363.191285
6207,2009,CA,CDF,HOPEFUL,2009-04-18,2009-04-18,5,1,1.0,10.65124,2000-2009,74632.66797,1346.684174
6208,2009,CA,CDF,MANZANITA,2009-07-05,2009-07-25,14,1,1.0,10.35638,2000-2009,69392.21094,1578.313214
6209,2009,CA,CCO,RIDGE,2009-08-10,2009-08-10,10,6,1.0,10.19505,2000-2009,61523.13672,1318.390795
6210,2009,CA,CDF,PECWAN,2009-08-05,2009-08-06,14,1,1.0,9.846016,2000-2009,70609.21484,1199.82428
6211,2009,CA,CDF,FORESTHILL,2009-08-28,2009-08-28,14,1,1.0,9.688148,2000-2009,64860.52734,1499.843128
6212,2009,CA,CDF,MCCOURTNEY,2009-09-29,2009-09-29,14,1,1.0,9.326889,2000-2009,62510.25781,1297.58155
6213,2009,CA,CDF,PIEDRA,2009-05-14,2009-05-14,11,1,1.0,8.226518,2000-2009,51962.84766,1110.725668
6214,2009,CA,CCO,SAN JUAN,2009-08-13,2009-08-13,9,5,1.0,7.666875,2000-2009,44780.39844,919.142012
6216,2009,CA,CDF,COVE,2009-10-09,2009-10-09,5,1,1.0,6.198253,2000-2009,44970.4375,863.8911138
6217,2009,CA,NPS,LOST GROVE,2009-09-27,2009-09-27,4,1,1.0,6.139169,2000-2009,38674.34766,907.6954705
6218,2009,CA,CCO,EE RANCH,2009-05-09,2009-05-09,2,5,1.0,6.031826,2000-2009,35720.20703,911.7734534
6219,2009,CA,CCO,ROMDELL,2009-08-22,2009-08-22,14,6,1.0,5.428401,2000-2009,32154.81641,839.8913151
6220,2009,CA,CDF,PANTHER,2009-07-17,2009-07-17,14,1,1.0,5.297645,2000-2009,36930.14844,920.588838
6221,2009,CA,CDF,AHPAH,2009-09-28,2009-10-02,14,1,1.0,5.253993,2000-2009,37882.89063,840.0093808
6222,2009,CA,NPS,TALL,2009-10-10,2009-10-12,14,1,1.0,4.994873,2000-2009,35795.49609,670.9657917
6223,2009,CA,CDF,WHITE RIVER,2009-05-30,2009-05-31,1,8,1.0,4.924762,2000-2009,30366.78125,741.5880192
6224,2009,CA,CDF,CLARK,2009-08-02,2009-08-17,1,7,1.0,3.643851,2000-2009,25996.97656,658.4183281
6225,2009,CA,CDF,AGER,2009-07-05,2009-07-05,9,1,1.0,3.354752,2000-2009,24426.33594,708.7741966
6226,2009,CA,CDF,KONDA 4,2009-05-29,2009-05-30,1,8,1.0,3.175611,2000-2009,19623.01953,764.9060658
6227,2009,CA,CDF,ROUND VALLEY 1,2009-06-02,2009-06-02,1,8,1.0,2.940468,2000-2009,18302.09766,877.2872478
6228,2009,CA,CDF,POTHOLES,2009-05-29,2009-05-30,1,8,1.0,2.7963,2000-2009,17298.38672,737.8755292
6229,2009,CA,NPS,GRANITE,2009-07-29,2009-07-30,1,1,1.0,2.075425,2000-2009,13035.41406,487.733562
6230,2009,CA,CDF,BALD,2009-06-02,2009-06-03,1,8,1.0,1.919254,2000-2009,11836.9375,436.8612675
6231,2009,CA,CDF,ROUND VALLEY 2,2009-06-02,2009-06-02,1,8,1.0,1.690241,2000-2009,10519.23438,390.4138376
6232,2009,CA,NPS,MEHRTEN,2009-08-21,2009-08-30,1,1,1.0,1.504139,2000-2009,9456.085938,455.6311151
6233,2009,CA,CCO,PARK,2009-07-14,2009-07-14,8,1,1.0,1.502962,2000-2009,8934.583269,335.0751406
6234,2009,CA,CDF,VENTURE,2009-08-02,2009-08-17,1,7,1.0,1.288342,2000-2009,9162.984375,421.6955399
6235,2009,CA,NPS,GILLETTE,2009-09-30,2009-09-30,2,5,1.0,1.006388,2000-2009,5981.184117,274.1564815
6236,2009,CA,CDF,CHOLAME,2009-07-07,2009-07-07,10,1,1.0,0.8282085,2000-2009,5101.175781,622.944282
6237,2009,CA,CDF,MCCLOUD,2009-08-01,2009-08-17,1,7,1.0,0.7589066,2000-2009,5421.609375,303.9591129
6238,2009,CA,CDF,KONDA 2,2009-05-28,2009-05-29,1,8,1.0,0.7300492,2000-2009,4509.625,623.065762
6239,2009,CA,CDF,LIGHTNING 3,2009-06-02,2009-06-02,1,8,1.0,0.640353,2000-2009,3968.242188,271.9417203
6240,2009,CA,NPS,HAWK,2009-09-18,2009-09-18,4,1,1.0,0.3705287,2000-2009,2405.253906,262.0187606
6241,2009,CA,CDF,TRUBLOOD 1,2009-06-02,2009-06-02,1,8,1.0,0.3445244,2000-2009,2130.238281,206.8966105
6242,2008,CA,USF,GALLERY,2008-06-21,2008-07-27,1,2,1.0,163606.7,2000-2009,1020285142.0,211945.5224
6243,2008,CA,USF,INDIANS,2008-06-08,2008-07-10,4,2,1.0,76459.78,2000-2009,475593125.8,130433.7566
6244,2008,CA,USF,MILL,2008-06-20,2008-10-03,1,7,1.0,65882.04,2000-2009,476319135.0,179116.4242
6245,2008,CA,CDF,BTU LIGHTNING COMPLEX,2008-07-02,2008-07-24,1,2,1.0,53699.33,2000-2009,369245948.1,266984.2314
6246,2008,CA,USF,PANTHER,2008-07-22,2008-10-14,1,7,1.0,44497.18,2000-2009,322160260.4,319159.7114
6247,2008,CA,USF,JAKE,2008-06-21,2008-10-03,1,7,1.0,38416.58,2000-2009,276094535.0,131763.5003
6248,2008,CA,USF,PIUTE,2008-06-28,2008-07-30,9,7,1.0,37346.25,2000-2009,228507925.0,138836.664
6250,2008,CA,CDF,TELEGRAPH,2008-07-25,2008-08-01,9,3,1.0,34083.8,2000-2009,220147697.3,110613.6694
6251,2008,CA,USF,EAGLE,2008-06-21,2008-10-04,1,7,1.0,32023.89,2000-2009,225797691.2,127673.4291
6252,2008,CA,USF,YELLOW,2008-06-21,2008-11-20,1,8,1.0,31932.87,2000-2009,220872595.1,163674.1713
6253,2008,CA,USF,IRON,2008-06-21,2008-08-23,1,7,1.0,30660.02,2000-2009,212550693.3,129432.6295
6254,2008,CA,CCO,FREEWAY,2008-11-15,2008-11-18,10,8,1.0,30305.23,2000-2009,178551868.9,109754.8742
6255,2008,CA,USF,BUCKHORN,2008-06-21,2008-07-31,1,7,1.0,29814.31,2000-2009,210987969.1,180644.1625
6257,2008,CA,USF,CEDAR,2008-06-21,2008-07-31,1,7,1.0,25391.73,2000-2009,179224436.7,82492.20314
6258,2008,CA,USF,LIME,2008-06-20,2008-08-13,1,7,1.0,24884.74,2000-2009,174330759.9,203983.177
6259,2008,CA,USF,MINERS,2008-06-21,2008-10-31,1,8,1.0,24876.34,2000-2009,174999340.8,94874.25363
6260,2008,CA,CDF,HUMBOLDT,2008-06-11,2008-06-16,7,2,1.0,23344.33,2000-2009,159799626.5,98359.29311
6261,2008,CA,USF,BLUE 2,2008-06-21,2008-10-03,1,7,1.0,17552.39,2000-2009,126879091.2,92843.05179
6262,2008,CA,USF,CHALK,2008-09-27,2008-10-30,9,2,1.0,16265.77,2000-2009,100818461.4,68988.27068
6263,2008,CA,USF,CLOVER,2008-05-31,2008-06-07,1,7,2.0,15788.59,2000-2009,98082033.21,69635.17546
6264,2008,CA,USF,HELL'S HALF,2008-06-20,2008-08-25,1,1,1.0,15130.15,2000-2009,106835152.9,66516.4916
6265,2008,CA,USF,CUB,2008-06-21,2008-07-21,1,8,1.0,14728.5,2000-2009,102252791.4,60176.90661
6267,2008,CA,USF,VINEGAR,2008-06-22,2008-06-25,1,8,1.0,14544.0,2000-2009,100639614.0,125110.5347
6268,2008,CA,USF,HAYPRESS,2008-06-21,2008-10-03,1,7,1.0,13664.68,2000-2009,98571551.78,76506.79776
6269,2008,CA,CDF,MILL,2008-06-21,2008-06-29,1,8,1.0,13511.76,2000-2009,93732420.76,50580.43195
6270,2008,CA,USF,CARIBOU,2008-06-21,2008-12-16,1,3,1.0,13126.68,2000-2009,93518092.55,83026.5672
6271,2008,CA,USF,SCOTCH,2008-06-21,2008-08-31,1,7,1.0,13008.35,2000-2009,89164536.73,71495.64649
6272,2008,CA,USF,NOBLE,2008-06-21,2008-07-08,1,7,1.0,12984.7,2000-2009,90506262.5,101512.192
6274,2008,CA,USF,IRONSIDE,2008-06-20,2008-07-31,1,7,1.0,12834.12,2000-2009,90782958.48,58807.97585
6275,2008,CA,CDF,CORRAL,2008-06-23,2008-07-21,1,2,,12434.29,2000-2009,88064571.58,58971.4795
6276,2008,CA,USF,SOUTH-FREY,2008-06-21,2008-08-31,1,7,1.0,12401.95,2000-2009,84821959.01,67799.96998
6277,2008,CA,NPS,TEHIPITE,2008-07-19,2008-12-01,1,3,2.0,11648.09,2000-2009,73930553.5,127571.5144
6278,2008,CA,USF,SAYRE,2008-11-14,2008-12-05,14,7,1.0,11260.19,2000-2009,66998806.34,58176.4479
6279,2008,CA,CDF,WALKER,2008-06-22,2008-07-05,10,7,1.0,11173.0,2000-2009,75108222.66,81447.10129
6280,2008,CA,USF,WESTVILLE,2008-06-21,2008-08-01,1,3,1.0,11090.15,2000-2009,74830395.07,61483.68522
6281,2008,CA,USF,DARK,2008-06-21,2008-07-23,1,7,1.0,10389.64,2000-2009,75366295.78,57963.7036
6282,2008,CA,USF,GAP,2008-07-01,2008-07-17,9,2,1.0,9544.732,2000-2009,56989447.25,63581.31013
6283,2008,CA,USF,GOVERNMENT,2008-06-21,2008-08-01,1,3,1.0,9219.731,2000-2009,62246944.52,56921.69899
6284,2008,CA,USF,MERRILL,2008-06-21,2008-10-03,1,7,1.0,8339.333,2000-2009,60044243.29,48245.17245
6285,2008,CA,CDF,PETERSON,2008-06-21,2008-07-01,1,8,1.0,8021.854,2000-2009,56906601.99,53544.39301
6286,2008,CA,USF,WHISKEY,2008-06-12,2008-10-27,9,8,1.0,7783.408,2000-2009,53513506.44,51703.30934
6287,2008,CA,CDF,RED MOUNTAIN LIGHTNING,2008-06-21,2008-08-01,1,1,1.0,7513.306,2000-2009,51711370.86,49151.62905
6288,2008,CA,CDF,SUGARLOAF,2008-06-21,2008-07-09,1,1,1.0,6927.816,2000-2009,46483434.15,36379.81184
6289,2008,CA,USF,TELEPHONE,2008-06-20,2008-08-13,1,7,1.0,6910.942,2000-2009,48307359.87,51565.71065
6290,2008,CA,USF,GROUSE,2008-06-21,2008-07-05,1,8,1.0,6323.498,2000-2009,43820903.98,64335.01021
6291,2008,CA,USF,RICH,2008-07-29,2008-09-02,6,7,1.0,6110.651,2000-2009,42239268.55,55886.35131
6292,2008,CA,NPS,JACK ,2008-08-17,2008-08-31,1,7,1.0,6067.5,2000-2009,44232203.0,94015.96946
6293,2008,CA,USF,COLD,2008-06-21,2008-08-31,1,7,1.0,5599.298,2000-2009,38475270.16,44308.12617
6294,2008,CA,CDF,HARDY CREEK LIGHTNING,2008-06-21,2008-07-11,1,1,1.0,5354.216,2000-2009,36675332.82,59140.74624
6295,2008,CA,USF,THREE,2008-06-20,2008-07-23,1,7,1.0,4922.912,2000-2009,35655092.32,34277.8398
6296,2008,CA,USF,ONION,2008-06-21,2008-07-22,1,8,1.0,4904.737,2000-2009,34069661.59,51948.90601
6297,2008,CA,CDF,CLIFF RIDGE,2008-06-22,2008-07-12,1,1,1.0,4657.563,2000-2009,31297085.33,30855.80175
6298,2008,CA,USF,MAREK,2008-10-12,2008-10-20,14,7,1.0,4573.801,2000-2009,27195230.68,39228.67908
6299,2008,CA,CDF,COWSHED  LIGHTNING,2008-06-21,2008-07-15,1,1,1.0,4465.681,2000-2009,29991185.62,31731.22374
6300,2008,CA,CDF,SUMMIT,2008-05-21,2008-05-27,5,2,1.0,4174.505,2000-2009,26577360.33,39596.496
6301,2008,CA,USF,FRIEND-DARNELL,2008-07-08,2008-07-21,1,5,1.0,4111.993,2000-2009,28090986.89,27054.12102
6302,2008,CA,CDF,WILD,2008-06-21,2008-06-27,14,7,1.0,4101.977,2000-2009,26998134.66,28521.86058
6303,2008,CA,CDF,BROWN,2008-06-22,2008-06-25,1,2,1.0,3786.915,2000-2009,23877741.95,26470.4138
6304,2008,CA,USF,CAREY,2008-06-21,2008-07-31,1,7,1.0,3714.323,2000-2009,26473218.52,62450.7511
6305,2008,CA,USF,TROUGH #1,2008-06-21,2008-08-13,1,7,1.0,3688.718,2000-2009,25605835.7,29147.49332
6306,2008,CA,NPS,HIDDEN,2008-09-10,2008-10-08,1,7,1.0,3685.978,2000-2009,23190724.3,21485.54805
6307,2008,CA,CDF,ANTELOPE,2008-06-21,2008-06-29,1,2,1.0,3416.724,2000-2009,23763609.92,27991.07929
6308,2008,CA,CDF,ORR SERIES,2008-07-04,2008-07-12,1,1,1.0,3416.339,2000-2009,23065934.64,30383.11056
6309,2008,CA,USF,MILL,2008-06-21,2008-07-26,1,8,1.0,3041.954,2000-2009,20688261.87,30060.72543
6310,2008,CA,USF,NORTH MTN,2008-06-21,2008-07-19,1,7,1.0,2964.05,2000-2009,19295668.0,25850.07711
6311,2008,CA,USF,GULCH,2008-09-07,2008-09-11,2,7,1.0,2878.068,2000-2009,20093191.66,25043.1331
6312,2008,CA,USF,OLIVER,2008-06-21,2008-07-14,1,1,1.0,2806.085,2000-2009,18073019.9,23562.35139
6313,2008,CA,CDF,41,2008-06-10,2008-06-11,10,6,1.0,2592.281,2000-2009,16473660.93,20132.01642
6314,2008,CA,USF,FALL,2008-06-21,2008-07-15,1,7,1.0,2416.797,2000-2009,16389133.73,28832.00315
6315,2008,CA,CDF,BUTCH,2008-07-04,2008-07-04,1,1,1.0,2367.237,2000-2009,16207658.29,22237.76983
6316,2008,CA,USF,ZIEGLER,2008-06-21,2008-07-31,1,7,1.0,2349.47,2000-2009,16642588.52,20717.64014
6317,2008,CA,CDF,BIG,2008-06-21,2008-07-05,1,8,1.0,2192.96,2000-2009,14889168.79,24624.30797
6318,2008,CA,CDF,INDIAN,2008-06-26,2008-07-12,1,1,1.0,2095.894,2000-2009,14214430.88,19277.76184
6319,2008,CA,CDF,MIDDLE,2008-06-23,2008-07-15,1,1,1.0,2067.143,2000-2009,14174198.24,28208.98191
6321,2008,CA,CDF,CRAIG,2008-08-04,2008-08-07,5,2,1.0,2019.065,2000-2009,13773316.87,27350.99254
6322,2008,CA,CCO,TEA,2008-11-13,2008-11-18,4,2,1.0,1946.342,2000-2009,11612480.66,21231.06506
6324,2008,CA,USF,MONKEY ROCK,2008-06-21,2008-07-14,1,8,1.0,1885.691,2000-2009,12848861.54,17627.02862
6325,2008,CA,USF,FOX,2008-06-22,2008-08-31,1,7,1.0,1869.612,2000-2009,12819275.0,20789.39484
6326,2008,CA,CDF,NAVARRO,2008-06-21,2008-06-26,1,1,1.0,1852.74,2000-2009,12503612.46,18550.07507
6327,2008,CA,USF,ANTHONY MILNE,2008-06-19,2008-12-16,1,3,1.0,1777.426,2000-2009,12835656.85,34593.39409
6328,2008,CA,USF,SLIDES,2008-06-21,2008-06-27,1,8,1.0,1640.779,2000-2009,11349606.33,19939.7994
6329,2008,CA,CDF,HWY 140,2008-06-21,2008-06-23,1,1,1.0,1566.289,2000-2009,10044520.0,36922.02075
6330,2008,CA,USF,BACK,2008-06-21,2008-06-29,1,8,1.0,1566.22,2000-2009,10619811.84,15487.28131
6331,2008,CA,CDF,JACK SMITH,2008-07-04,2008-07-12,1,1,1.0,1537.734,2000-2009,10395041.42,18327.3843
6332,2008,CA,CDF,COLYEAR,2008-05-06,2008-05-10,18,2,1.0,1400.641,2000-2009,9690293.801,22075.87883
6333,2008,CA,USF,LITTLE,2008-06-22,2008-08-31,1,7,1.0,1398.579,2000-2009,9590701.82,19513.83354
6334,2008,CA,USF,HONEY BEE,2008-05-06,2008-05-26,1,1,2.0,1390.236,2000-2009,8648991.465,21896.00079
6335,2008,CA,USF,BONANZA,2008-06-21,2008-07-05,1,1,1.0,1370.59,2000-2009,9523942.621,13912.31346
6336,2008,CA,CDF,TWENTY,2008-06-21,2008-06-25,1,1,1.0,1355.439,2000-2009,9141385.934,15809.28545
6337,2008,CA,CDF,LOW GAP,2008-07-04,2008-07-15,1,1,1.0,1347.432,2000-2009,9080999.426,17083.06174
6338,2008,CA,CDF,LAGRANGE,2008-06-10,2008-06-12,7,1,1.0,1334.334,2000-2009,8638259.656,20046.79728
6341,2008,CA,CDF,LOST PIPE,2008-07-04,2008-07-10,1,1,1.0,1187.171,2000-2009,8145343.512,19726.688
6342,2008,CA,USF,SLIDE,2008-06-21,2008-07-08,1,7,1.0,1182.067,2000-2009,8321071.633,13115.06397
6344,2008,CA,CDF,TRAVIS 1,2008-07-05,2008-07-05,1,1,1.0,1171.231,2000-2009,8091138.758,12564.43543
6345,2008,CA,USF,SCOTCHMAN,2008-06-21,2008-07-03,1,7,1.0,1165.431,2000-2009,7897694.75,14297.84113
6347,2008,CA,CDF,GLADDING,2008-09-01,2008-09-05,7,1,1.0,1089.862,2000-2009,7297112.016,26024.07537
6348,2008,CA,CDF,PARADISE,2008-06-21,2008-08-01,1,2,1.0,1071.65,2000-2009,7424440.5,13527.73586
6350,2008,CA,USF,THOMES,2008-06-22,2008-06-30,1,8,1.0,980.283,2000-2009,6775032.453,12289.14157
6351,2008,CA,CDF,OPHIR,2008-06-10,2008-06-12,2,1,1.0,958.4999,2000-2009,6512311.906,23177.87726
6352,2008,CA,USF,TRAVIS,2008-06-21,2008-06-26,1,7,1.0,957.5425,2000-2009,6634676.359,14598.0123
6353,2008,CA,USF,HARVEY,2008-06-22,2008-07-01,1,8,1.0,948.7195,2000-2009,6567770.633,24780.46656
6355,2008,CA,USF,DOME ROCK,2008-09-28,2008-10-01,1,7,2.0,917.9686,2000-2009,6049314.508,14737.26896
6356,2008,CA,CDF,JAMESON,2008-07-04,2008-07-12,1,1,1.0,879.7822,2000-2009,6020141.543,13748.49145
6357,2008,CA,CDF,PINE,2008-06-10,2008-06-11,14,7,1.0,815.3442,2000-2009,5445673.434,13953.74495
6358,2008,CA,CDF,COTTONWOOD,2008-07-10,2008-07-11,10,6,1.0,796.5697,2000-2009,5076064.645,11907.72672
6360,2008,CA,CDF,HUMMINGBIRD,2008-06-21,2008-06-24,1,1,1.0,786.4311,2000-2009,5006937.566,14080.44376
6361,2008,CA,USF,APACHE,2008-04-29,2008-05-07,3,7,1.0,770.0419,2000-2009,4516115.324,13403.12514
6362,2008,CA,CDF,BLUFF,2008-03-16,2008-03-20,4,1,1.0,766.731,2000-2009,4926543.602,13489.46579
6363,2008,CA,CDF,ROMERO,2008-07-21,2008-07-22,10,6,1.0,766.0438,2000-2009,4879697.328,11693.7092
6364,2008,CA,CDF,JACKS,2008-06-20,2008-07-12,1,1,1.0,729.3351,2000-2009,4885540.34,11559.92615
6365,2008,CA,CDF,TRABING,2008-06-20,2008-06-22,10,1,1.0,594.2645,2000-2009,3771621.75,9660.221754
6366,2008,CA,CDF,ELK,2008-08-14,2008-08-14,7,1,1.0,588.9744,2000-2009,3652471.734,9107.2348
6367,2008,CA,USF,PEAVINE,2008-06-21,2008-07-06,1,7,1.0,580.6381,2000-2009,3903459.563,9627.478354
6368,2008,CA,CDF,HORSE,2008-06-28,2008-07-04,1,1,1.0,576.2856,2000-2009,3888214.066,10825.35717
6369,2008,CA,FWS,RIVER,2008-06-24,2008-06-25,9,8,,573.1215,2000-2009,3700125.992,11675.6248
6370,2008,CA,USF,SILVER KNOB,2008-06-21,2008-06-26,1,1,1.0,569.8251,2000-2009,3663294.613,8334.109327
6372,2008,CA,USF,SANTA ANITA,2008-04-26,2008-05-23,14,7,1.0,556.6846,2000-2009,3299821.77,11671.29479
6373,2008,CA,USF,GRANITE,2008-06-21,2008-09-14,1,7,1.0,551.903,2000-2009,3914260.941,14371.46731
6374,2008,CA,CCO,GRAPEVINE-08,2008-06-06,2008-06-07,1,8,1.0,527.1841,2000-2009,3178910.617,10033.91838
6375,2008,CA,USF,BIGHORN,2008-05-13,2008-05-18,14,7,1.0,500.3037,2000-2009,2970735.914,13679.11311
6376,2008,CA,CDF,MARTIN,2008-06-11,2008-06-16,4,1,1.0,482.7904,2000-2009,3072763.086,10555.71284
6377,2008,CA,CDF,SHAMROCK EAST,2008-06-21,2008-07-12,1,1,1.0,481.0017,2000-2009,3288073.148,8957.468674
6378,2008,CA,CDF,RODEO,2008-08-14,2008-08-14,7,1,1.0,463.0821,2000-2009,2871787.723,8102.743973
6379,2008,CA,LRA,DOS PALMAS,2008-04-13,2008-04-15,5,1,1.0,456.4143,2000-2009,2663133.727,12157.64333
6380,2008,CA,LRA,MYRNA,2008-09-01,2008-09-01,14,1,1.0,455.4774,2000-2009,3063400.938,16537.50337
6381,2008,CA,CDF,BURGER CREEK,2008-07-04,2008-07-12,1,1,1.0,451.6416,2000-2009,3093347.996,9821.545281
6382,2008,CA,CDF,WILLIAMS,2008-06-21,2008-06-27,1,1,1.0,444.7132,2000-2009,3008335.719,7733.567361
6383,2008,CA,CDF,1-21 PORK LIGHTNING,2008-07-04,2008-07-12,1,1,1.0,403.0794,2000-2009,2772975.188,7623.316613
6384,2008,CA,CDF,COTTONWOOD,2008-08-07,2008-08-07,2,6,1.0,402.3953,2000-2009,2485780.641,9324.944684
6385,2008,CA,CDF,BRUSHY 1,2008-06-21,2008-06-26,1,1,1.0,391.3163,2000-2009,2677108.602,6456.952845
6386,2008,CA,USF,RICHBAR,2008-06-09,2008-06-09,7,6,1.0,390.5859,2000-2009,2388940.805,7518.438368
6388,2008,CA,USF,SLINKARD,2008-08-17,2008-10-14,1,3,1.0,379.5061,2000-2009,2767642.891,7192.475747
6389,2008,CA,CDF,CASOOSE CREEK,2008-07-04,2008-07-04,1,1,1.0,370.9719,2000-2009,2561652.449,6155.339472
6390,2008,CA,USF,HEADWATER,2008-06-19,2008-10-12,1,3,1.0,358.444,2000-2009,2601931.027,6801.488537
6391,2008,CA,BLM,ACOMA,2008-06-07,2008-06-07,9,1,1.0,356.7205,2000-2009,2109971.855,6558.248562
6392,2008,CA,USF,SHERWIN,2008-08-03,2008-10-14,1,1,1.0,354.9394,2000-2009,2293088.195,7296.020505
6393,2008,CA,USF,ELMORE,2008-09-07,2008-09-14,7,7,1.0,343.2689,2000-2009,2430495.328,8115.140471
6395,2008,CA,USF,HARTMAN,2008-06-21,2008-08-31,1,7,1.0,330.6545,2000-2009,2265276.996,9057.511485
6396,2008,CA,CDF,BRUSHY 3 ,2008-06-21,2008-07-12,1,1,1.0,327.0164,2000-2009,2237450.668,7414.536647
6397,2008,CA,CDF,LITTLE JUAN CREEK (MRC),2008-06-27,2008-07-15,1,1,1.0,326.7026,2000-2009,2235719.535,11773.90489
6398,2008,CA,CDF,FOXBOROUGH,2008-10-22,2008-10-22,8,2,1.0,324.4346,2000-2009,1922722.285,9514.052166
6399,2008,CA,LRA,85,2008-06-05,2008-06-05,2,2,1.0,319.5645,2000-2009,2136736.59,8551.92626
6400,2008,CA,CDF,LEDEIT,2008-10-20,2008-10-21,18,6,1.0,312.4782,2000-2009,2003514.797,6310.487657
6401,2008,CA,USF,CELINA,2008-06-21,2008-07-02,1,7,1.0,309.1754,2000-2009,2102838.609,7247.821455
6402,2008,CA,CCO,ANGEL ISLAND,2008-10-13,2008-10-14,8,1,1.0,302.9909,2000-2009,1970350.242,7026.980024
6403,2008,CA,CDF,WIGGELL,2008-07-01,2008-07-01,7,1,1.0,299.7513,2000-2009,1858220.785,7669.530143
6404,2008,CA,CDF,FOUNTAIN,2008-06-01,2008-06-01,9,1,1.0,292.4784,2000-2009,1805392.699,6028.252419
6405,2008,CA,BLM,MONTGOMERY,2008-04-07,2008-04-07,4,1,1.0,289.9371,2000-2009,1678844.641,9993.805039
6406,2008,CA,CDF,GEYSERS,2008-05-15,2008-05-17,5,7,1.0,289.5545,2000-2009,1929710.598,7573.987178
6407,2008,CA,USF,CASCADEL,2008-09-11,2008-09-17,9,8,1.0,277.2688,2000-2009,1774000.352,8917.719788
6408,2008,CA,CDF,MURPHY RIDGE,2008-07-04,2008-07-04,1,1,1.0,271.5575,2000-2009,1867227.313,6547.536336
6409,2008,CA,USF,STAR,2008-06-21,2008-07-14,1,8,1.0,267.6128,2000-2009,1724713.457,20027.05555
6411,2008,CA,USF,RIDGE,2008-07-03,2008-07-05,2,8,1.0,262.6124,2000-2009,1553313.363,6984.553363
6412,2008,CA,CDF,WHITE HURST,2008-06-21,2008-06-23,1,1,1.0,256.0166,2000-2009,1627252.977,5899.679307
6413,2008,CA,CDF,ELECTRA,2008-06-13,2008-06-14,11,1,1.0,250.526,2000-2009,1650412.441,7197.997042
6415,2008,CA,USF,JACKASS,2008-06-19,2008-10-13,1,3,1.0,247.9303,2000-2009,1797578.969,5936.656152
6416,2008,CA,CDF,DEER,2008-10-10,2008-10-12,10,2,1.0,233.1021,2000-2009,1544645.738,10206.42746
6417,2008,CA,USF,MOSES,2008-10-15,2008-10-31,1,2,2.0,231.5684,2000-2009,1446139.914,5947.961325
6418,2008,CA,USF,CAMP,2008-06-21,2008-06-30,1,8,1.0,231.1609,2000-2009,1599572.332,5566.395845
6419,2008,CA,USF,GOULD,2008-06-21,2008-07-02,1,1,1.0,228.8002,2000-2009,1636942.758,5311.261218
6420,2008,CA,CDF,OSO,2008-06-21,2008-07-12,1,1,1.0,228.3133,2000-2009,1537624.445,7217.916141
6421,2008,CA,USF,STUARTS,2008-06-21,2008-06-30,1,7,1.0,223.5676,2000-2009,1585702.77,6741.355928
6422,2008,CA,CDF,MONTE,2008-08-01,2008-08-02,2,6,1.0,217.4426,2000-2009,1251699.313,5019.730033
6423,2008,CA,CDF,SAN ANTONIO,2008-10-23,2008-10-23,2,8,1.0,210.6075,2000-2009,1248077.555,4800.112691
6424,2008,CA,CDF,QUARRY,2008-06-22,2008-06-22,4,1,1.0,210.6067,2000-2009,1363045.117,4624.824661
6425,2008,CA,USF,BUCKHORN,2008-08-15,2008-08-19,1,6,1.0,199.6873,2000-2009,1206130.441,6841.180683
6426,2008,CA,CDF,OLINDA,2008-08-27,2008-08-27,14,2,1.0,187.0407,2000-2009,1307632.391,7117.840266
6427,2008,CA,CDF,BLUE SLIDE 1,2008-07-04,2008-07-14,1,1,1.0,186.1272,2000-2009,1281160.73,5008.70503
6428,2008,CA,USF,SWIM,2008-06-21,2008-06-30,1,1,1.0,184.7838,2000-2009,1282000.961,5409.040339
6429,2008,CA,USF,INDIAN VALLEY,2008-06-20,2008-07-03,1,7,1.0,181.774,2000-2009,1274291.313,4001.939359
6430,2008,CA,CDF,BRUSHY 4,2008-07-04,2008-07-12,1,1,1.0,181.1454,2000-2009,1238593.313,5875.351713
6431,2008,CA,USF,YANKEE,2008-07-02,2008-07-02,9,8,1.0,176.9437,2000-2009,1031921.164,5062.555485
6432,2008,CA,CDF,SERPENTINE,2008-07-26,2008-07-29,1,1,1.0,176.7634,2000-2009,1146732.004,7368.548447
6433,2008,CA,CDF,MILLERTON,2008-06-18,2008-06-19,14,1,1.0,175.1232,2000-2009,1113981.051,5869.067596
6434,2008,CA,CDF,STEWART,2008-08-15,2008-08-16,11,6,1.0,169.0448,2000-2009,1174313.41,4476.681379
6435,2008,CA,USF,25TH,2008-06-21,2008-06-26,1,7,1.0,168.3676,2000-2009,1146805.801,6412.717526
6436,2008,CA,CCO,LOST,2008-08-26,2008-08-26,8,7,1.0,167.1212,2000-2009,989520.0313,7768.839707
6437,2008,CA,CDF,RED,2008-08-18,2008-08-19,11,5,1.0,161.0466,2000-2009,1078041.316,5806.527977
6438,2008,CA,USF,CHINO,2008-06-22,2008-08-31,1,7,1.0,158.7806,2000-2009,1088769.543,4493.178237
6440,2008,CA,CDF,COLONY,2008-09-07,2008-09-08,7,2,1.0,154.6619,2000-2009,1076423.324,4087.764682
6441,2008,CA,CDF,WHITE,2008-07-09,2008-07-09,2,1,1.0,154.3002,2000-2009,948146.7617,5042.437326
6442,2008,CA,BLM,LAKE,2008-06-03,2008-06-03,14,6,1.0,146.2468,2000-2009,858269.957,4294.369281
6443,2008,CA,CDF,TABLE MTN,2008-06-20,2008-06-26,1,1,1.0,145.8782,2000-2009,985207.1914,5037.560106
6444,2008,CA,USF,CHIQUITO,2008-06-21,2008-07-17,1,1,1.0,145.4477,2000-2009,934685.5664,3765.147734
6445,2008,CA,CDF,BRUSHY 7,2008-06-21,2008-06-25,1,1,1.0,141.4437,2000-2009,967036.6484,4916.215814
6446,2008,CA,USF,VAIL,2008-08-18,2008-08-18,10,8,1.0,134.9656,2000-2009,786864.9453,4086.787951
6447,2008,CA,CDF,MIDDLE OUTLET LIGHTNING,2008-07-04,2008-07-15,1,1,1.0,134.8568,2000-2009,919856.8242,4315.642764
6448,2008,CA,USF,SOUTH,2008-08-17,2008-08-26,9,6,1.0,133.4808,2000-2009,799585.6758,5837.983929
6449,2008,CA,CDF,SHOCKEY,2008-10-14,2008-10-14,14,4,1.0,131.361,2000-2009,751671.4414,5458.489589
6450,2008,CA,USF,BIG TREES,2008-08-05,2008-08-09,1,6,1.0,124.8194,2000-2009,798874.0391,3362.448396
6451,2008,CA,CDF,BORDER #14,2008-08-02,2008-08-03,14,6,1.0,124.7485,2000-2009,712808.3359,6141.991099
6452,2008,CA,USF,NOMANS,2008-06-28,2008-08-20,1,7,1.0,119.1423,2000-2009,866162.6484,4538.980643
6453,2008,CA,CDF,GARNET,2008-09-06,2008-09-07,2,1,1.0,119.0969,2000-2009,704298.832,5961.900987
6454,2008,CA,CDF,CAPELL,2008-08-15,2008-08-15,14,5,1.0,110.4023,2000-2009,730835.9453,4033.125187
6455,2008,CA,CDF,EVANS,2008-07-06,2008-07-06,6,1,1.0,103.968,2000-2009,682069.0117,3566.470054
6456,2008,CA,CDF,FINLEY,2008-08-30,2008-09-10,7,1,1.0,102.854,2000-2009,698160.1875,4521.627569
6457,2008,CA,CDF,HIGHWAY_198,2008-10-17,2008-10-17,10,1,1.0,102.6033,2000-2009,638958.8008,6110.727893
6458,2008,CA,USF,WESTFALL,2008-06-21,2008-07-14,1,1,1.0,101.9296,2000-2009,655545.2148,3406.733142
6459,2008,CA,CDF,THOMPSON_CYN,2008-06-18,2008-06-18,14,1,1.0,101.7847,2000-2009,633443.6445,6144.530382
6463,2008,CA,CDF,BRUSHY 8,2008-06-21,2008-07-10,1,1,1.0,96.79557,2000-2009,661205.4805,3242.196088
6464,2008,CA,CDF,COOL,2008-05-22,2008-05-22,11,1,1.0,95.90818,2000-2009,641613.9844,4627.00845
6465,2008,CA,USF,CAJON,2008-06-23,2008-06-23,2,6,1.0,93.61584,2000-2009,555731.1016,3954.122974
6466,2008,CA,CDF,WISE,2008-06-11,2008-06-11,14,1,1.0,92.31746,2000-2009,618965.3555,3948.568057
6467,2008,CA,CDF,BRUSHY 5,2008-06-21,2008-06-25,1,1,1.0,91.51268,2000-2009,625299.3359,4644.502087
6468,2008,CA,CDF,FOLSOM,2008-06-21,2008-07-08,1,1,1.0,90.54836,2000-2009,616435.6328,3390.91912
6469,2008,CA,CDF,BELL SPRINGS,2008-07-04,2008-07-09,1,1,1.0,89.97192,2000-2009,620315.7852,3488.010689
6470,2008,CA,CDF,SPRINGS,2008-03-02,2008-03-05,14,1,1.0,87.27866,2000-2009,559395.1328,4190.045623
6471,2008,CA,CDF,NIELSON,2008-06-21,2008-07-14,1,1,1.0,86.4212,2000-2009,596944.9023,3091.817399
6472,2008,CA,CDF,HARBISON,2008-06-07,2008-06-07,14,4,1.0,84.89357,2000-2009,487673.4648,3504.529947
6473,2008,CA,USF,CUTTHROAT,2008-06-25,2008-06-25,9,7,1.0,84.40369,2000-2009,595903.5156,3877.535439
6474,2008,CA,USF,SOUTH FORK,2008-06-21,2008-06-26,1,7,1.0,82.89816,2000-2009,578576.9258,4032.764098
6476,2008,CA,CDF,RIOSA,2008-07-18,2008-07-18,14,1,1.0,80.08479,2000-2009,537084.3281,3359.886084
6477,2008,CA,FWS,WILDLIFE,2008-05-15,2008-05-17,9,6,1.0,79.97304,2000-2009,482489.4297,2867.735181
6478,2008,CA,CDF,OLD TOLL,2008-06-21,2008-06-23,1,1,1.0,78.36745,2000-2009,504883.6523,5316.013724
6479,2008,CA,USF,KEDDIE,2008-06-21,2008-06-25,19,7,1.0,78.05039,2000-2009,541514.6445,4232.285038
6480,2008,CA,CDF,AETNA,2008-08-14,2008-08-14,11,7,1.0,76.70026,2000-2009,509733.1836,3617.7739
6481,2008,CA,CDF,FEATHER FALLS,2008-05-14,2008-05-16,7,1,1.0,74.67075,2000-2009,509961.7969,3278.131385
6482,2008,CA,USF,BIG ,2008-06-21,2008-07-04,1,7,1.0,73.73285,2000-2009,507463.9414,3224.066935
6483,2008,CA,CDF,POOL 2 - MAIN ,2008-07-29,2008-07-29,10,1,1.0,73.44478,2000-2009,480026.4688,3200.154767
6484,2008,CA,FWS,WILDLIFE,2008-05-15,2008-05-17,9,4,,69.29012,2000-2009,418035.9297,3988.488762
6485,2008,CA,CDF,ATHENS,2008-05-15,2008-05-15,14,1,1.0,69.03777,2000-2009,461095.7539,4386.898964
6486,2008,CA,CDF,SONORA,2008-07-25,2008-07-25,7,1,1.0,68.53685,2000-2009,445887.0195,3458.527281
6487,2008,CA,CDF,PANTHER BASIN,2008-07-04,2008-07-10,1,1,1.0,68.32464,2000-2009,471536.9531,3441.829772
6488,2008,CA,USF,VAN HORN,2008-06-21,2008-06-23,1,1,1.0,67.76952,2000-2009,470700.5781,2880.208952
6489,2008,CA,USF,FULLER,2008-06-29,2008-07-22,1,6,1.0,67.50838,2000-2009,433705.8984,3234.298361
6490,2008,CA,CDF,CARSON,2008-06-21,2008-07-04,1,6,1.0,65.41241,2000-2009,457332.375,3461.458142
6491,2008,CA,LRA,SEPULVEDA,2008-10-23,2008-10-23,14,1,1.0,64.81574,2000-2009,383605.3516,3745.736773
6493,2008,CA,USF,ROCK,2008-04-28,2008-04-28,2,6,1.0,64.23489,2000-2009,389234.8164,2689.524895
6494,2008,CA,USF,MILLER,2008-08-16,2008-08-17,1,7,1.0,62.68854,2000-2009,448798.75,3472.502907
6495,2008,CA,CDF,EMERALD,2008-09-12,2008-09-12,6,1,1.0,61.33984,2000-2009,365245.4102,2896.290671
6496,2008,CA,USF,WATERSPOUT #1,2008-06-21,2008-07-10,1,7,1.0,61.05286,2000-2009,422931.7969,3136.967769
6497,2008,CA,USF,ISLAND,2008-09-09,2008-09-09,1,8,1.0,60.36884,2000-2009,436026.8086,3459.992204
6498,2008,CA,NPS,REQUA,2008-09-27,2008-10-03,4,1,1.0,60.00959,2000-2009,433944.1914,2335.470243
6499,2008,CA,USF,BOSWELL,2008-06-25,2008-09-15,1,8,1.0,59.56672,2000-2009,411907.1797,2441.057705
6500,2008,CA,CDF,BULLHEAD,2008-07-30,2008-07-31,1,1,1.0,59.54881,2000-2009,380197.9609,3059.906463
6501,2008,CA,USF,HALF,2008-10-01,2008-10-03,7,7,1.0,59.07655,2000-2009,415224.9805,2892.731311
6502,2008,CA,CDF,WARNERVILLE,2008-06-21,2008-06-21,9,1,1.0,58.61956,2000-2009,379738.5977,3496.225151
6503,2008,CA,CDF,CERRITO,2008-11-14,2008-11-14,11,1,1.0,58.61023,2000-2009,356665.5156,2872.193706
6504,2008,CA,CDF,IOWA,2008-06-06,2008-06-06,2,1,1.0,57.84196,2000-2009,391386.918,3363.362654
6505,2008,CA,CDF,BAY,2008-10-09,2008-10-09,9,1,1.0,56.64528,2000-2009,400386.2891,3124.513533
6506,2008,CA,CDF,TAR,2008-05-15,2008-05-16,11,1,1.0,56.55867,2000-2009,374486.0625,3018.373248
6507,2008,CA,CDF,WILMS,2008-07-06,2008-07-06,7,1,1.0,56.54908,2000-2009,367030.918,4687.684914
6508,2008,CA,CDF,FORESTHILL,2008-06-21,2008-06-25,1,1,1.0,54.55193,2000-2009,366247.9414,2850.271083
6509,2008,CA,CDF,SIERRA,2008-05-15,2008-05-15,11,1,1.0,53.71947,2000-2009,357657.4414,3170.986732
6510,2008,CA,USF,MANZANITA,2008-08-15,2008-08-15,1,6,1.0,53.1581,2000-2009,320490.375,2785.572549
6511,2008,CA,BLM,MOUNTAIN,2008-06-23,2008-06-23,1,2,1.0,52.84164,2000-2009,302484.9102,2496.279923
6512,2008,CA,USF,HITCHCOCK,2008-06-20,2008-08-13,1,7,1.0,52.64822,2000-2009,369235.4102,2154.336334
6513,2008,CA,USF,JOHNSON,2008-06-21,2008-06-25,1,7,1.0,52.47045,2000-2009,362507.2227,2634.849512
6514,2008,CA,CDF,PHYLLIP,2008-05-08,2008-05-08,14,1,1.0,52.35505,2000-2009,349166.457,6130.177872
6515,2008,CA,CDF,SHAMROCK,2008-06-20,2008-06-25,1,1,1.0,51.64262,2000-2009,353275.5391,2663.447196
6516,2008,CA,USF,MURPHY,2008-06-23,2008-06-30,1,7,1.0,51.27587,2000-2009,362683.9375,3634.029047
6517,2008,CA,NPS,MALIBU,2008-07-04,2008-07-04,15,1,1.0,50.82349,2000-2009,300702.8594,3227.98021
6518,2008,CA,CDF,BLUE NOSE,2008-07-04,2008-07-04,1,1,1.0,50.62064,2000-2009,348464.2031,2501.874547
6519,2008,CA,CDF,SUNSET,2008-10-11,2008-10-11,10,1,1.0,49.57579,2000-2009,330918.5547,3242.190577
6520,2008,CA,CDF,INDIAN PEAK,2008-06-21,2008-06-23,1,1,1.0,48.65505,2000-2009,312595.0273,2884.535571
6521,2008,CA,USF,KERN,2008-08-16,2008-11-03,1,7,2.0,48.34686,2000-2009,302033.2773,2692.835395
6522,2008,CA,CDF,NICOLAUS,2008-06-11,2008-06-12,7,1,1.0,48.18632,2000-2009,322367.9375,3819.140832
6523,2008,CA,CDF,20,2008-06-18,2008-06-19,10,2,1.0,47.91381,2000-2009,321764.0117,2205.039958
6524,2008,CA,BLM,CARRIZO,2008-06-19,2008-06-19,10,6,1.0,46.81316,2000-2009,268066.3477,2673.123736
6525,2008,CA,CCO,SODA,2008-07-10,2008-07-10,3,8,1.0,46.29405,2000-2009,278856.3398,3748.661343
6526,2008,CA,CDF,SHAMROCK WEST,2008-06-21,2008-07-12,1,1,1.0,45.76769,2000-2009,312991.4102,2910.411644
6527,2008,CA,USF,ISLAND ,2008-08-22,2008-08-23,7,8,1.0,45.71848,2000-2009,311438.9492,3727.951706
6528,2008,CA,USF,EMPIRE,2008-09-16,2008-09-20,9,1,1.0,44.86048,2000-2009,328051.0977,3442.82521
6529,2008,CA,USF,NORTH,2008-11-12,2008-11-16,5,8,1.0,43.50024,2000-2009,289366.9766,2825.344881
6530,2008,CA,USF,DENNY,2008-06-21,2008-06-25,1,7,1.0,43.46445,2000-2009,308383.7578,2715.861648
6531,2008,CA,CCO,SILVER QUEEN,2008-07-31,2008-07-31,14,8,1.0,42.95287,2000-2009,259566.2305,3037.261669
6532,2008,CA,USF,CROSSOVER,2008-10-01,2008-10-05,10,6,1.0,42.46357,2000-2009,253980.4609,2095.882892
6533,2008,CA,CDF,RED HILL,2008-06-20,2008-07-15,1,1,1.0,42.38306,2000-2009,292113.1914,4131.380922
6534,2008,CA,USF,BLUE,2008-08-25,2008-08-25,9,6,1.0,41.91845,2000-2009,249046.0313,3215.337374
6535,2008,CA,CDF,IAQUA,2008-07-12,2008-07-14,1,1,1.0,41.50761,2000-2009,292293.7461,2309.873425
6536,2008,CA,LRA,LEVEE,2008-08-18,2008-08-18,14,1,1.0,41.09625,2000-2009,276397.1406,2945.730702
6537,2008,CA,CDF,OLD,2008-06-30,2008-06-30,14,1,1.0,40.33805,2000-2009,270088.5625,3232.420732
6538,2008,CA,USF,OLIVER,2008-09-13,2008-09-14,9,8,1.0,40.33421,2000-2009,278247.2617,3583.746016
6539,2008,CA,CDF,ORCUTT,2008-08-15,2008-08-15,1,1,1.0,40.25053,2000-2009,244680.4531,3201.265873
6541,2008,CA,USF,BULL,2008-06-21,2008-06-27,1,7,1.0,39.62453,2000-2009,273630.7813,2245.180009
6542,2008,CA,USF,CREST,2008-06-21,2008-07-04,1,7,1.0,39.10769,2000-2009,269826.0195,2547.747885
6544,2008,CA,USF,BEAR WALLOW,2008-06-20,2008-07-13,1,7,1.0,38.74781,2000-2009,271588.5469,1847.685147
6545,2008,CA,USF,GROUNDHOG ,2008-07-13,2008-07-22,1,1,1.0,36.50333,2000-2009,239324.3906,4682.08703
6546,2008,CA,CDF,PRUSSIAN 2,2008-03-05,2008-03-05,5,1,1.0,36.33651,2000-2009,239292.0391,2902.977579
6547,2008,CA,CDF,BITTERWATER,2008-06-13,2008-06-13,2,2,1.0,36.21475,2000-2009,221891.7227,2592.784385
6548,2008,CA,USF,PACKSADDLE,2008-06-21,2008-06-24,1,7,1.0,35.45335,2000-2009,253414.3828,2501.567351
6549,2008,CA,USF,CHINA,2008-06-21,2008-06-23,1,7,1.0,35.03345,2000-2009,245555.0039,2720.482254
6550,2008,CA,USF,SIGNAL,2008-07-11,2008-07-13,9,1,1.0,34.79771,2000-2009,253697.7734,3231.616079
6551,2008,CA,USF,FISHER,2008-06-21,2008-07-05,1,7,1.0,34.70618,2000-2009,242796.8594,2567.874681
6552,2008,CA,CDF,KELLY,2008-06-19,2008-06-19,14,5,1.0,32.61575,2000-2009,214281.5547,2305.315108
6553,2008,CA,USF,BOULDER,2008-06-21,2008-06-22,1,7,1.0,32.59971,2000-2009,228522.5273,1694.892282
6554,2008,CA,USF,PAINT,2008-09-06,2008-09-06,2,5,1.0,32.21925,2000-2009,192651.1172,2410.556404
6555,2008,CA,CDF,LOUIE,2008-06-12,2008-06-12,7,1,1.0,31.90728,2000-2009,230664.7656,2606.409607
6556,2008,CA,CCO,COPUS,2008-09-01,2008-09-01,14,8,1.0,31.72548,2000-2009,192233.4766,3414.387117
6557,2008,CA,USF,SAND FLAT,2008-07-24,2008-07-24,1,7,1.0,31.17793,2000-2009,223485.8438,1892.697299
6558,2008,CA,USF,BENNETT,2008-06-21,2008-06-22,1,7,1.0,30.95531,2000-2009,217881.0547,1654.963265
6559,2008,CA,USF,LOST CREEK,2008-06-21,2008-06-30,1,7,1.0,30.83253,2000-2009,213489.4727,3333.512109
6560,2008,CA,CDF,BRUSHY 6,2008-06-21,2008-07-10,1,1,1.0,30.52597,2000-2009,208654.3711,2043.613835
6561,2008,CA,USF,GILEAD,2008-06-21,2008-06-26,1,7,1.0,30.4969,2000-2009,210695.0742,2334.444594
6563,2008,CA,CDF,REDCREST 2,2008-06-20,2008-06-21,1,1,1.0,30.04972,2000-2009,209997.332,2873.497074
6564,2008,CA,USF,BURRO,2008-09-06,2008-09-10,14,6,1.0,29.96187,2000-2009,177875.1406,1859.838304
6565,2008,CA,USF,DEEP #1,2008-06-20,2008-07-05,1,7,1.0,29.84925,2000-2009,209512.207,1874.840813
6566,2008,CA,USF,CREEK,2008-06-21,2008-07-10,1,8,1.0,29.83639,2000-2009,206694.6836,2206.019158
6567,2008,CA,USF,SOLDIER,2008-06-21,2008-06-24,1,1,1.0,29.80028,2000-2009,198726.6094,2153.466016
6568,2008,CA,CDF,BURNS FLAT,2008-06-20,2008-06-30,1,1,1.0,28.97027,2000-2009,198684.8828,1696.693534
6569,2008,CA,USF,BROWN,2008-06-21,2008-08-31,1,5,1.0,28.85744,2000-2009,197165.7031,2882.561219
6570,2008,CA,CDF,SODA,2008-05-22,2008-05-22,14,1,1.0,28.82824,2000-2009,206471.9922,1979.763197
6571,2008,CA,CDF,HIGH,2008-06-20,2008-06-22,1,1,1.0,28.82494,2000-2009,201148.1836,2226.221203
6572,2008,CA,CDF,LARABEE 3,2008-06-20,2008-06-21,1,1,1.0,28.7535,2000-2009,200786.8359,2332.508774
6573,2008,CA,USF,COTTON,2008-07-15,2008-07-16,1,1,1.0,28.50421,2000-2009,188092.9844,3386.496138
6575,2008,CA,CDF,INDIAN,2008-04-03,2008-04-03,7,1,1.0,27.15428,2000-2009,182645.1172,2205.783136
6576,2008,CA,LRA,RIEGO,2008-09-12,2008-09-12,14,1,1.0,26.45796,2000-2009,176380.6328,1954.696403
6577,2008,CA,USF,FORBESTOWN,2008-06-21,2008-06-24,1,7,1.0,26.37043,2000-2009,179606.2813,1667.128644
6578,2008,CA,CDF,RIDEOUT,2008-06-21,2008-07-08,1,1,1.0,25.64104,2000-2009,173441.2266,1903.156747
6579,2008,CA,CCO,RANCHERIA,2008-09-08,2008-09-09,1,8,1.0,24.80937,2000-2009,151774.6172,2044.012622
6580,2008,CA,CDF,TRAVIS 3,2008-07-04,2008-07-04,1,1,1.0,24.53875,2000-2009,169652.7383,1665.713112
6581,2008,CA,USF,ROCK2,2008-06-22,2008-08-31,1,7,1.0,24.40721,2000-2009,167444.2852,1836.710767
6582,2008,CA,USF,JOHNSON,2008-10-27,2008-10-28,4,1,1.0,23.83253,2000-2009,153336.2266,2158.754455
6583,2008,CA,CDF,HIGHWAY,2008-11-20,2008-11-20,11,1,1.0,23.75169,2000-2009,144748.8086,1729.254524
6584,2008,CA,CDF,5-10 CAVANAUGH LIGHTNING,2008-06-21,2008-07-09,1,1,1.0,23.629,2000-2009,159239.5234,2236.995452
6585,2008,CA,CDF,RAVINE,2008-06-22,2008-06-23,2,1,1.0,23.07223,2000-2009,154342.3398,2727.187668
6586,2008,CA,USF,LASSIC,2008-06-21,2008-06-21,1,1,1.0,22.83253,2000-2009,159240.1133,2041.194929
6587,2008,CA,USF,MADDOX LAKE #3,2008-06-20,2008-08-13,1,7,1.0,22.71005,2000-2009,159336.7148,1415.304281
6588,2008,CA,CCO,LA JOLLA,2008-10-15,2008-10-15,14,1,1.0,22.34558,2000-2009,132169.9453,2046.329286
6589,2008,CA,USF,GREENTHIN,2008-10-29,2008-10-31,9,5,1.0,22.26863,2000-2009,163288.7813,1645.655668
6590,2008,CA,USF,TIOGA,2008-08-16,2008-08-20,9,1,1.0,22.19338,2000-2009,144827.375,3322.191974
6591,2008,CA,CDF,SAN_JUAN_GRADE,2008-06-20,2008-06-20,1,5,1.0,21.61509,2000-2009,136726.6836,1594.705554
6592,2008,CA,CDF,SMITTY,2008-09-01,2008-09-03,1,1,1.0,20.48381,2000-2009,135198.7461,2147.664348
6593,2008,CA,USF,HUNGARY,2008-06-21,2008-08-31,1,7,1.0,20.47763,2000-2009,140419.625,1522.003389
6594,2008,CA,CDF,LINCOLN,2008-06-20,2008-06-22,1,1,1.0,20.35214,2000-2009,139317.3086,1827.742712
6595,2008,CA,USF,LOGWOOD,2008-06-21,2008-07-27,1,6,1.0,20.30402,2000-2009,126537.3242,1311.119931
6596,2008,CA,CDF,SHOOTING,2008-08-11,2008-08-12,9,1,1.0,20.24418,2000-2009,136295.7383,1808.429096
6597,2008,CA,BLM,BORDER 15,2008-08-06,2008-08-06,19,6,1.0,20.17847,2000-2009,115762.3164,3117.390078
6598,2008,CA,USF,BOTTOM,2008-06-20,2008-06-21,1,7,1.0,20.01978,2000-2009,141025.2461,1579.742383
6599,2008,CA,CDF,SARGEANTS,2008-06-21,2008-06-21,1,1,1.0,19.55886,2000-2009,120990.2344,1712.036047
6600,2008,CA,CDF,RIDGE,2008-09-16,2008-09-16,1,1,1.0,19.45115,2000-2009,141656.2344,1661.515686
6601,2008,CA,CDF,CASTLE,2008-07-14,2008-07-21,14,1,1.0,19.17148,2000-2009,122568.3789,1461.078831
6602,2008,CA,USF,COLDSPRINGS ,2008-04-16,2008-04-20,5,1,1.0,19.14134,2000-2009,125497.3594,2247.622408
6603,2008,CA,USF,BOTTLE,2008-06-21,2008-06-22,1,1,1.0,19.0298,2000-2009,127527.4063,1592.035478
6604,2008,CA,USF,CAPPS,2008-06-21,2008-06-22,1,1,1.0,18.82259,2000-2009,125082.6875,1745.0416
6605,2008,CA,USF,RODY,2008-06-21,2008-08-31,1,7,1.0,18.77827,2000-2009,128895.8398,1637.151518
6606,2008,CA,CDF,RIFLE,2008-05-11,2008-05-11,9,1,1.0,18.57087,2000-2009,125082.5195,1516.319696
6607,2008,CA,USF,GARDEN,2008-08-06,2008-08-09,1,7,1.0,18.41618,2000-2009,125073.168,1746.787211
6608,2008,CA,USF,GRASSY CREEK,2008-06-20,2008-06-24,1,7,1.0,17.97642,2000-2009,126379.9336,1260.494569
6609,2008,CA,USF,OWL,2008-08-15,2008-08-16,1,6,1.0,17.97154,2000-2009,108426.2617,1275.958355
6610,2008,CA,USF,MCRAE,2008-07-27,2008-07-28,9,7,1.0,17.9704,2000-2009,123196.1523,2307.181778
6611,2008,CA,USF,BIERCE,2008-06-21,2008-06-22,1,7,1.0,17.58713,2000-2009,122316.7227,1240.066327
6612,2008,CA,CDF,CLOVERDALE,2008-05-31,2008-06-01,5,1,1.0,17.30682,2000-2009,115583.4766,1778.053701
6613,2008,CA,USF,ANGEL 2,2008-06-01,2008-06-01,4,1,1.0,17.22555,2000-2009,101376.875,2164.349136
6614,2008,CA,USF,MEADOWS,2008-09-16,2008-09-16,1,7,1.0,17.11559,2000-2009,122159.0352,1584.952813
6615,2008,CA,CDF,CANYON,2008-07-22,2008-07-22,2,1,1.0,17.0573,2000-2009,104934.0742,1700.644854
6616,2008,CA,CDF,FRASIER,2008-10-07,2008-10-07,10,1,1.0,16.85474,2000-2009,103673.1992,2765.250292
6617,2008,CA,USF,LOPEZ,2008-03-21,2008-03-24,5,6,1.0,16.19447,2000-2009,98521.89844,1580.202705
6618,2008,CA,USF,BULLARDS,2008-08-06,2008-08-09,1,7,1.0,15.98205,2000-2009,108591.3867,1548.558753
6619,2008,CA,CCO,GRANDE,2008-12-09,2008-12-09,14,1,1.0,15.26828,2000-2009,90547.55469,1647.658701
6620,2008,CA,USF,ROCKY,2008-06-11,2008-06-11,9,7,1.0,15.20874,2000-2009,93010.62891,1135.480948
6621,2008,CA,USF,CRAPO,2008-06-21,2008-07-31,1,7,1.0,15.08381,2000-2009,108412.3086,1207.105065
6622,2008,CA,CCO,TULE,2008-04-21,2008-04-21,7,8,1.0,14.75791,2000-2009,90629.23438,2052.066731
6623,2008,CA,BLM,PAINTERS,2008-06-21,2008-06-22,1,1,1.0,14.70554,2000-2009,104030.5195,1629.322259
6624,2008,CA,USF,WILLOW,2008-09-17,2008-09-18,1,1,1.0,14.41288,2000-2009,105425.9297,2966.084475
6625,2008,CA,CDF,LOOKOUT,2008-07-28,2008-07-29,14,1,,14.40442,2000-2009,103095.4414,1734.472929
6626,2008,CA,CDF,DEL,2008-05-21,2008-05-21,11,1,1.0,14.37921,2000-2009,97224.01953,2286.77368
6627,2008,CA,CDF,SPENCEVILLE,2008-09-21,2008-09-21,9,1,1.0,14.09739,2000-2009,94956.8125,1411.010266
6628,2008,CA,USF,POLE,2008-05-21,2008-05-23,2,6,1.0,13.59886,2000-2009,81401.02734,1414.501593
6629,2008,CA,USF,330,2008-05-18,2008-05-18,9,6,1.0,12.94356,2000-2009,76715.80078,1419.254612
6630,2008,CA,USF,SUNNY,2008-09-02,2008-09-02,10,1,1.0,12.72307,2000-2009,80604.40625,1454.882561
6631,2008,CA,CDF,BASELINE,2008-06-15,2008-06-15,7,1,1.0,12.63572,2000-2009,84189.21484,1653.384682
6632,2008,CA,NPS,HILL,2008-07-10,2008-07-14,1,1,1.0,12.42034,2000-2009,80547.51953,2383.953752
6633,2008,CA,CDF,GILARDI,2008-06-08,2008-06-09,14,1,1.0,12.41246,2000-2009,82959.08594,1791.008161
6634,2008,CA,CDF,CARRIZO,2008-08-04,2008-08-04,14,6,1.0,12.41234,2000-2009,71110.66797,1305.507454
6635,2008,CA,USF,CATHEDRAL,2008-06-07,2008-06-07,4,1,1.0,12.19946,2000-2009,71646.21875,1384.616884
6636,2008,CA,USF,LAVA,2008-08-06,2008-08-06,1,8,1.0,11.93601,2000-2009,86199.56641,1164.660148
6637,2008,CA,CDF,RUNNING SPRINGS,2008-06-20,2008-06-21,1,1,1.0,11.7902,2000-2009,79608.07422,2372.002
6638,2008,CA,CDF,5-12 WHIPPLE LIGHTNING,2008-06-21,2008-06-30,1,1,1.0,11.75384,2000-2009,79060.39453,1322.316584
6639,2008,CA,USF,CLAVEY ,2008-07-08,2008-07-11,1,6,1.0,11.05943,2000-2009,72309.34375,1166.532903
6640,2008,CA,USF,LONG,2008-06-21,2008-06-26,1,1,1.0,10.54149,2000-2009,73045.63281,1095.479881
6641,2008,CA,USF,SLATE ,2008-06-21,2008-08-04,1,1,1.0,10.26724,2000-2009,70719.40625,1329.743866
6642,2008,CA,CDF,ROCKY,2008-09-16,2008-09-16,1,1,1.0,10.12632,2000-2009,73732.48828,1205.469118
6643,2008,CA,CDF,PLANTZ,2008-09-01,2008-09-01,14,1,1.0,10.03085,2000-2009,67651.78125,1025.930632
6644,2008,CA,CDF,BRUSHY 2,2008-07-04,2008-07-08,1,1,1.0,9.99599,2000-2009,68392.04688,1103.668842
6645,2008,CA,USF,SPRING,2008-06-21,2008-07-10,1,1,1.0,9.906509,2000-2009,68628.23438,1144.661826
6646,2008,CA,CDF,LAKEVIEW,2008-04-18,2008-04-18,5,1,1.0,9.856037,2000-2009,65686.00391,1338.963582
6647,2008,CA,USF,STAIRS,2008-07-25,2008-07-26,9,7,1.0,9.786825,2000-2009,60880.02344,1417.196317
6649,2008,CA,USF,FUELS,2008-06-21,2008-06-21,1,1,1.0,8.923074,2000-2009,61929.21094,1020.499115
6650,2008,CA,USF,SPILLWAY,2008-04-17,2008-04-17,5,7,1.0,8.92203,2000-2009,54790.25781,1101.372714
6651,2008,CA,CDF,NORTHFORK CAMP,2008-06-21,2008-07-06,1,1,1.0,8.51249,2000-2009,57626.03125,1195.276273
6652,2008,CA,CDF,SKUNK 1,2008-07-04,2008-07-08,1,1,1.0,8.073138,2000-2009,55363.17969,1177.210413
6653,2008,CA,CDF,ARCHER,2008-06-20,2008-07-09,1,1,1.0,7.744304,2000-2009,53235.97656,1084.320705
6654,2008,CA,CDF,MOTT,2008-05-20,2008-05-20,14,1,1.0,7.702821,2000-2009,55225.51563,1567.968615
6655,2008,CA,USF,BIG,2008-10-07,2008-10-07,9,8,1.0,7.415349,2000-2009,47026.63281,1342.203139
6656,2008,CA,CCO,BEACH,2008-06-22,2008-06-22,11,1,1.0,6.711594,2000-2009,44086.84375,1551.026728
6657,2008,CA,CDF,4 MILE,2008-06-20,2008-07-19,1,1,1.0,6.258349,2000-2009,42775.88281,1239.272612
6658,2008,CA,CDF,RIVER 2,2008-06-20,2008-07-06,1,1,1.0,6.007672,2000-2009,40347.70313,1443.781859
6660,2008,CA,CDF,TWO ROCK,2008-06-20,2008-06-21,1,1,1.0,4.111963,2000-2009,27879.30078,775.1634576
6661,2008,CA,CDF,NIESTRATH,2008-06-17,2008-06-17,11,1,1.0,3.160265,2000-2009,20942.62109,740.1448341
6662,2008,CA,CDF,ALBION RIVER,2008-06-20,2008-06-21,1,1,1.0,2.101129,2000-2009,14193.70703,479.0483949
6663,2008,CA,CDF,GUYS,2008-05-20,2008-05-20,5,1,1.0,2.051514,2000-2009,14875.16797,903.9989778
6664,2008,CA,CCO,KANAN,2008-09-27,2008-09-27,14,8,1.0,2.019844,2000-2009,11995.14167,388.2465657
6665,2008,CA,CDF,ROAD 600,2008-06-21,2008-06-22,1,1,1.0,2.01702,2000-2009,12927.35547,708.3742727
6666,2008,CA,NPS,OVERLOOK,2008-09-11,2008-09-11,9,1,1.0,1.99641,2000-2009,14308.99219,424.3121711
6667,2008,CA,CDF,1-6 SKUNK 2 LIGHTNING,2008-06-25,2008-07-04,1,1,1.0,1.913679,2000-2009,13117.80859,467.6270516
6668,2008,CA,NPS,MESA WATERTANK,2008-07-24,2008-07-24,1,8,1.0,1.880672,2000-2009,12249.54297,613.8607884
6669,2008,CA,CCO,YELLOW HILL,2008-11-21,2008-11-21,14,1,1.0,1.781254,2000-2009,10534.97266,460.9766853
6670,2008,CA,CCO,TOPANGA,2008-08-26,2008-08-26,10,8,1.0,1.006243,2000-2009,5973.396886,273.9779537
6671,2008,CA,CDF,RIVER 1,2008-07-04,2008-07-06,1,1,1.0,0.833482,2000-2009,5595.238281,299.3980528
6672,2008,CA,CDF,BERRY,2008-07-30,2008-07-30,2,1,1.0,0.7016693,2000-2009,4673.878906,353.3840638
6673,2008,CA,CCO,TRIUNFO,2008-06-04,2008-06-04,14,8,1.0,0.4853166,2000-2009,2885.521047,190.4219706
6674,2008,CA,CCO,POTRERO,2008-12-08,2008-12-08,14,1,1.0,0.485214,2000-2009,2887.351861,190.4823708
6675,2008,CA,CCO,WESTLAKE,2008-05-01,2008-05-01,14,1,1.0,0.310683,2000-2009,1847.01293,152.3491024
6676,2008,CA,NPS,BLUFF,2008-07-16,2008-07-16,16,1,1.0,0.298453,2000-2009,1763.089844,175.7764231
6677,2008,CA,CDF,1-11 RAY SPRINGS LIGHTNING,2008-06-26,2008-07-05,1,1,1.0,0.177265,2000-2009,1219.921875,151.7766666
6678,2008,CA,CDF,LEONARD LAKE,2008-06-27,2008-07-04,1,1,1.0,0.1475583,2000-2009,997.390625,120.3005966
6679,2008,CA,CCO,MULHOLLAND,2008-01-17,2008-01-17,14,1,1.0,0.09403633,2000-2009,558.8229307,83.79961846
6680,2008,CA,CCO,CONEJO GRADE 1,2008-06-21,2008-06-21,10,1,1.0,0.09079501,2000-2009,538.5625,100.0708269
6681,2007,CA,CDF,ZACA,2007-07-04,2007-09-02,2,7,1.0,240358.7,2000-2009,1442300024.0,339556.7322
6682,2007,CA,CDF,WITCH,2007-10-21,2007-10-31,9,7,1.0,162070.5,2000-2009,936549873.4,415872.0804
6683,2007,CA,CDF,HARRIS 2,2007-10-21,2007-11-02,14,3,1.0,90728.33,2000-2009,519317427.7,239030.7586
6684,2007,CA,USF,MOONLIGHT,2007-09-03,2007-09-25,2,7,1.0,64959.96,2000-2009,451389570.4,107611.0611
6685,2007,CA,USF,RANCH,2007-10-20,2007-11-15,2,7,1.0,58410.34,2000-2009,348868467.2,205467.4278
6686,2007,CA,CDF,POOMACHA,2007-10-23,2007-12-01,9,7,1.0,49410.97,2000-2009,286985282.9,142814.7735
6687,2007,CA,CDF,LICK,2007-09-03,2007-09-15,5,2,1.0,47748.27,2000-2009,305304751.0,112954.1273
6688,2007,CA,CCO,BUCKWEED,2007-10-21,2007-10-21,8,2,1.0,38347.47,2000-2009,229093053.5,113267.9929
6689,2007,CA,CDF,SANTIAGO,2007-10-21,2007-11-08,9,3,1.0,28429.98,2000-2009,166734464.9,104267.082
6690,2007,CA,USF,OAK,2007-07-06,2007-07-13,1,2,1.0,27062.87,2000-2009,171364811.0,104844.5027
6691,2007,CA,USF,WHEELER,2007-07-05,2007-07-21,1,8,1.0,22331.92,2000-2009,154819733.6,93644.27577
6692,2007,CA,DOD,AMMO,2007-10-23,2007-11-01,14,8,1.0,21493.91,2000-2009,124975228.8,67026.03869
6693,2007,CA,USF,BUTLER #2,2007-09-14,2007-12-31,9,8,1.0,13736.27,2000-2009,81638440.71,63099.21955
6694,2007,CA,USF,SLIDE,2007-10-22,2007-11-14,9,7,1.0,12769.25,2000-2009,75786569.94,89819.04245
6695,2007,CA,CCO,WHITE,2007-06-24,2007-06-29,2,7,1.0,12432.16,2000-2009,75126103.15,51597.69331
6696,2007,CA,USF,KING CREEK #2,2007-07-10,2007-12-06,1,7,1.0,10477.38,2000-2009,76062499.15,94480.13988
6697,2007,CA,CDF,RICE,2007-10-07,2007-11-05,9,3,1.0,9471.854,2000-2009,55121588.84,62057.83872
6698,2007,CA,USF,FLETCHER,2007-07-10,2007-08-04,1,1,1.0,8081.957,2000-2009,59211348.2,56008.80881
6699,2007,CA,USF,SAGE,2007-07-06,2007-07-11,1,2,1.0,6462.62,2000-2009,41246097.39,47728.57341
6700,2007,CA,CDF,TAR,2007-08-10,2007-08-19,14,2,1.0,5671.028,2000-2009,35073841.43,30875.84977
6701,2007,CA,CCO,ISLAND,2007-05-10,2007-05-17,14,8,1.0,4722.966,2000-2009,27470950.18,36823.88082
6702,2007,CA,CCO,CORRAL,2007-11-24,2007-11-27,14,8,1.0,4707.997,2000-2009,27826958.38,27685.17184
6703,2007,CA,USF,GOLDLEDGE,2007-06-03,2007-06-16,9,2,1.0,4196.017,2000-2009,25919590.73,29352.55928
6706,2007,CA,USF,ANGORA,2007-06-23,2007-07-02,4,7,1.0,3069.805,2000-2009,20533568.17,28260.03696
6707,2007,CA,USF,CHINA,2007-07-10,2007-08-18,1,7,1.0,2939.363,2000-2009,21448332.94,26401.20122
6708,2007,CA,CCO,MAGIC,2007-10-22,2007-10-25,14,8,1.0,2824.877,2000-2009,16834546.85,24761.58964
6709,2007,CA,CCO,GORMAN,2007-05-19,2007-05-22,14,8,1.0,2373.845,2000-2009,14266522.24,24006.68151
6710,2007,CA,USF,TITUS,2007-07-10,2007-12-06,1,7,1.0,2177.285,2000-2009,15811448.77,33092.81178
6711,2007,CA,USF,LITTLE GRIDER,2007-07-10,2007-12-06,1,7,1.0,2172.781,2000-2009,15835993.18,23330.01457
6712,2007,CA,CDF,SHANNON,2007-06-03,2007-06-04,2,2,1.0,2140.999,2000-2009,13260188.37,22355.84143
6713,2007,CA,CDF,NORTH,2007-09-02,2007-09-02,1,8,1.0,2122.343,2000-2009,12651429.62,19154.07426
6714,2007,CA,USF,PINE,2007-09-12,2007-10-02,4,7,1.0,2111.768,2000-2009,12125392.79,20380.35352
6715,2007,CA,NPS,GOLDEN,2007-04-14,2007-04-15,14,1,1.0,1989.909,2000-2009,12338817.58,18928.93792
6716,2007,CA,USF,SEVEN,2007-07-06,2007-07-13,1,2,1.0,1643.769,2000-2009,10392641.2,14293.22096
6717,2007,CA,CCO,241 INCIDENT,2007-03-11,2007-03-13,7,7,1.0,1618.079,2000-2009,9513116.328,21286.31201
6718,2007,CA,USF,WALLOW,2007-08-29,2007-09-08,2,2,1.0,1438.386,2000-2009,10075357.63,18152.1154
6719,2007,CA,BLM,BROWN,2007-06-20,2007-06-23,9,1,1.0,1430.317,2000-2009,8779869.32,19800.487
6720,2007,CA,USF,JAMES,2007-04-29,2007-08-02,9,1,1.0,1348.932,2000-2009,8307935.113,19991.13919
6721,2007,CA,USF,GRASS VALLEY,2007-10-22,2007-12-31,9,7,1.0,1242.371,2000-2009,7379845.813,16297.79511
6722,2007,CA,USF,ELK,2007-07-10,2007-08-04,1,7,1.0,1144.694,2000-2009,8297798.496,16774.83679
6723,2007,CA,NPS,JACK WF,2007-11-08,2007-12-08,1,2,1.0,1106.248,2000-2009,7138970.977,15543.60913
6724,2007,CA,BLM,LARSON,2007-06-01,2007-06-11,1,2,1.0,1075.999,2000-2009,7130477.074,14955.56219
6725,2007,CA,CDF,BANGOR,2007-08-07,2007-08-07,7,1,1.0,1057.202,2000-2009,7164439.371,15809.06478
6726,2007,CA,USF,GROUSE,2007-08-27,2007-12-18,1,6,1.0,1004.114,2000-2009,6266271.633,12877.66045
6727,2007,CA,BLM,DAWSON,2007-05-08,2007-05-08,9,2,1.0,960.7297,2000-2009,5644468.715,12872.16132
6728,2007,CA,LRA,PHILLIPS,2007-07-16,2007-07-16,2,1,1.0,935.632,2000-2009,6244986.5,16708.60128
6729,2007,CA,USF,WINGATE,2007-07-10,2007-07-15,1,7,1.0,931.9898,2000-2009,6773851.082,22606.78693
6730,2007,CA,CDF,POWER,2007-07-10,2007-07-12,14,6,1.0,919.1995,2000-2009,6540824.734,12447.97856
6731,2007,CA,CDF,ALESSANDRO,2007-03-04,2007-03-04,14,7,1.0,860.0874,2000-2009,5068985.996,12338.28353
6732,2007,CA,CDF,BEAR,2007-08-13,2007-08-18,2,1,1.0,840.8372,2000-2009,6033168.629,17887.63477
6733,2007,CA,CCO,MOUNTAIN,2007-07-19,2007-07-19,14,1,1.0,840.5583,2000-2009,5111543.762,12536.52767
6734,2007,CA,CDF,ANGEL 3,2007-09-15,2007-09-25,4,7,1.0,832.1265,2000-2009,4810452.719,21415.52129
6735,2007,CA,CCO,SEDGWICK,2007-10-21,2007-10-23,11,7,1.0,808.8292,2000-2009,4856254.508,9817.411223
6737,2007,CA,CDF,SIERRA,2007-03-11,2007-03-12,14,7,1.0,777.514,2000-2009,4572440.625,11924.96337
6740,2007,CA,CDF,MOCKINGBIRD,2007-10-05,2007-10-05,14,7,1.0,737.2715,2000-2009,4336259.723,10390.09641
6741,2007,CA,USF,BOLLI,2007-05-01,2007-05-27,5,2,1.0,728.8432,2000-2009,5184061.328,13150.21796
6742,2007,CA,CDF,HONEY,2007-05-22,2007-05-28,11,2,1.0,726.4036,2000-2009,4973058.93,15982.63041
6743,2007,CA,BLM,INKOPAH,2007-06-05,2007-06-08,4,1,1.0,698.972,2000-2009,3999689.777,11322.4816
6744,2007,CA,USF,JUNE,2007-07-10,2007-07-16,1,1,1.0,679.6122,2000-2009,4415986.141,12354.56792
6745,2007,CA,CDF,BRAYE,2007-05-18,2007-05-22,14,6,1.0,636.5302,2000-2009,4214930.371,9024.587976
6746,2007,CA,CDF,MARTIN RANCH,2007-10-23,2007-10-24,11,2,1.0,602.2324,2000-2009,3572788.738,9162.748873
6747,2007,CA,USF,LAZY,2007-08-29,2007-09-09,1,2,1.0,597.4792,2000-2009,4135167.219,8510.620689
6748,2007,CA,USF,OHAREL,2007-10-29,2007-12-18,1,1,2.0,596.9159,2000-2009,3872463.07,12449.28219
6749,2007,CA,USF,WOFFORD,2007-05-09,2007-05-13,9,2,1.0,567.4566,2000-2009,3492952.281,8824.776709
6750,2007,CA,CDF,ORVIS,2007-08-16,2007-08-16,10,1,1.0,534.9832,2000-2009,3486664.875,17324.80154
6751,2007,CA,CDF,ISLAND,2007-06-01,2007-06-04,1,1,1.0,517.5629,2000-2009,3592835.254,10441.94139
6752,2007,CA,CDF,HWY 128,2007-08-14,2007-08-15,14,6,1.0,508.3511,2000-2009,3364521.137,7855.391006
6753,2007,CA,CCO,CEMETERY,2007-08-20,2007-08-23,8,7,1.0,501.5787,2000-2009,3004428.07,9256.977966
6754,2007,CA,CDF,PINE,2007-06-23,2007-07-29,5,1,1.0,481.78,2000-2009,3362512.762,7720.934706
6755,2007,CA,CDF,"CONNER, W",2007-06-28,2007-06-28,2,1,1.0,456.7993,2000-2009,3142782.984,8977.719587
6756,2007,CA,CDF,MERIDIAN,2007-07-05,2007-07-06,1,1,1.0,445.7278,2000-2009,2654822.766,10298.00773
6757,2007,CA,CDF,PASS,2007-07-10,2007-07-11,14,2,1.0,444.1571,2000-2009,3051644.895,7518.775354
6758,2007,CA,CDF,HORSE,2007-05-28,2007-05-30,7,1,1.0,434.789,2000-2009,2721073.891,7918.607684
6759,2007,CA,CDF,QUIEN,2007-08-30,2007-09-02,1,2,1.0,422.33,2000-2009,2657277.902,7498.747706
6760,2007,CA,USF,VISTA,2007-08-22,2007-08-24,4,1,1.0,420.3179,2000-2009,2604679.156,8932.44387
6761,2007,CA,CDF,ROSA,2007-10-22,2007-10-22,14,7,1.0,409.6346,2000-2009,2388962.98,10462.8877
6762,2007,CA,USF,BABCOCK PEAK,2007-07-05,2007-07-06,1,8,1.0,406.5478,2000-2009,2816753.184,8685.040498
6763,2007,CA,USF,RANCH,2007-06-30,2007-07-01,9,3,1.0,394.0664,2000-2009,2356191.898,9204.033585
6764,2007,CA,CDF,DYE,2007-06-13,2007-06-13,4,1,1.0,386.4487,2000-2009,2687053.918,9045.236312
6765,2007,CA,CDF,COLINA,2007-09-10,2007-09-10,14,7,1.0,374.4466,2000-2009,2184604.789,8529.815026
6766,2007,CA,USF,MCCOY,2007-10-21,2007-10-24,9,1,1.0,353.1393,2000-2009,2035451.309,9458.030292
6767,2007,CA,CDF,DIABLO,2007-01-16,2007-01-16,15,1,1.0,332.3627,2000-2009,2020600.383,7845.34138
6768,2007,CA,NPS,BALD WFU,2007-08-30,2007-09-05,1,1,2.0,331.6247,2000-2009,2157473.059,5668.614685
6770,2007,CA,LRA,PEACE VALLEY,2007-09-21,2007-09-22,1,1,1.0,282.3937,2000-2009,1908441.645,7157.708067
6771,2007,CA,CDF,ROCA,2007-10-21,2007-10-21,11,7,1.0,270.0265,2000-2009,1573709.859,6776.965518
6772,2007,CA,USF,ROCK BSFMU A6,2007-07-06,2007-07-25,1,1,1.0,267.2752,2000-2009,1957977.098,8436.316913
6773,2007,CA,NPS,BABCOCK,2007-07-11,2007-09-20,1,1,2.0,263.4331,2000-2009,1708662.258,6457.149041
6774,2007,CA,USF,CAJON,2007-10-22,2007-10-23,9,6,1.0,256.5415,2000-2009,1521878.246,7285.458792
6775,2007,CA,USF,COLBY,2007-08-10,2007-08-19,7,1,1.0,253.6503,2000-2009,1759964.781,7759.307724
6776,2007,CA,LRA,HWY 32,2007-08-03,2007-08-03,10,1,1.0,247.547,2000-2009,1697004.602,5756.378049
6777,2007,CA,CCO,WEST,2007-07-07,2007-07-08,14,8,1.0,245.234,2000-2009,1474671.398,7170.583907
6778,2007,CA,NPS,DEVIL,2007-10-29,2007-12-08,1,2,2.0,239.2608,2000-2009,1551298.746,5046.339518
6779,2007,CA,CDF,GASSNER,2007-07-21,2007-07-21,14,1,1.0,228.9826,2000-2009,1499371.324,6614.703367
6780,2007,CA,LRA,BARHAM,2007-03-30,2007-03-31,8,7,1.0,224.3276,2000-2009,1328555.59,6131.239396
6781,2007,CA,CDF,DAILY,2007-07-29,2007-07-29,14,7,1.0,224.3175,2000-2009,1312729.25,5719.802078
6782,2007,CA,CDF,VUELTA,2007-06-16,2007-06-18,14,6,1.0,214.8134,2000-2009,1247983.074,7446.890904
6783,2007,CA,BLM,BODFISH,2007-06-10,2007-06-11,14,2,1.0,213.1162,2000-2009,1307239.539,5113.089503
6784,2007,CA,CCO,FAIRMONT,2007-09-01,2007-09-08,14,8,1.0,211.6219,2000-2009,1269857.523,5769.213047
6785,2007,CA,CDF,SECERT,2007-07-11,2007-07-12,1,1,1.0,210.9111,2000-2009,1544870.672,7378.32192
6786,2007,CA,CDF,RED STAR,2007-01-07,2007-01-07,14,1,1.0,208.7144,2000-2009,1230094.66,9567.929858
6787,2007,CA,CDF,DUNTON,2007-06-04,2007-06-04,2,1,1.0,208.2366,2000-2009,1356873.0,6068.941018
6788,2007,CA,CDF,SMARTVILLE,2007-06-29,2007-06-29,1,1,1.0,197.4906,2000-2009,1332143.188,8812.753559
6789,2007,CA,LRA,SOUTH BEALE,2007-10-23,2007-10-23,6,1,1.0,194.8853,2000-2009,1309936.934,5535.793672
6790,2007,CA,USF,TRIMMER,2007-05-25,2007-05-26,9,6,1.0,193.511,2000-2009,1227769.121,5559.287976
6791,2007,CA,CCO,MARIPOSA,2007-09-03,2007-09-04,11,7,1.0,188.2546,2000-2009,1123712.68,5558.089167
6792,2007,CA,BLM,KINGSTON#1,2007-08-26,2007-08-31,1,2,1.0,186.809,2000-2009,1149475.035,4141.481944
6793,2007,CA,NPS,WILLOW,2007-07-19,2007-11-06,1,2,2.0,184.8262,2000-2009,1157734.699,6463.115868
6794,2007,CA,CDF,CLEAR,2007-06-29,2007-06-29,7,1,1.0,176.6712,2000-2009,1237867.215,6114.948186
6795,2007,CA,CCO,EMMA,2007-09-11,2007-09-11,14,8,1.0,172.215,2000-2009,1028760.891,7431.467914
6796,2007,CA,BLM,BULL,2007-02-17,2007-02-18,1,1,1.0,168.8155,2000-2009,1183526.875,5251.187207
6797,2007,CA,CDF,STEVENS,2007-08-30,2007-09-09,11,2,1.0,166.155,2000-2009,1064077.953,4965.386347
6798,2007,CA,CDF,GLEN HELEN  2,2007-10-21,2007-10-22,2,6,1.0,163.5795,2000-2009,970469.7578,4222.82901
6799,2007,CA,USF,NIAGARA,2007-08-09,2007-08-09,4,1,1.0,161.3853,2000-2009,1062961.5,8345.621221
6800,2007,CA,LRA,RIVER,2007-04-28,2007-04-28,14,7,1.0,158.0416,2000-2009,932302.6602,6903.69577
6801,2007,CA,CDF,AUBERRY,2007-08-28,2007-09-03,10,2,1.0,150.9361,2000-2009,961144.0078,4142.719739
6802,2007,CA,USF,RIVER,2007-08-01,2007-08-01,2,6,1.0,149.8867,2000-2009,916151.375,3956.120156
6803,2007,CA,CDF,GARDEN,2007-10-07,2007-10-07,2,1,1.0,146.0327,2000-2009,980591.3086,4647.951765
6804,2007,CA,BLM,DANHAUSER,2007-08-30,2007-08-31,14,8,1.0,145.1397,2000-2009,1045350.246,8188.402374
6805,2007,CA,USF,DOME2,2007-08-10,2007-08-10,2,6,1.0,137.6334,2000-2009,910265.1719,3851.190061
6806,2007,CA,CDF,BORDER #25,2007-07-06,2007-07-07,4,6,1.0,136.2099,2000-2009,779717.4727,4353.417207
6807,2007,CA,CDF,SPRUCE,2007-07-15,2007-07-15,11,5,1.0,129.0111,2000-2009,861916.5625,5194.014366
6808,2007,CA,CDF,BAYNE,2007-07-01,2007-07-01,7,1,1.0,125.9606,2000-2009,840596.8086,4889.76419
6809,2007,CA,CDF,ROBINSON,2007-07-28,2007-07-30,7,1,1.0,121.5482,2000-2009,818807.2422,5647.226679
6810,2007,CA,CDF,SILVER,2007-06-17,2007-06-17,2,1,1.0,110.625,2000-2009,775780.4297,5590.581637
6811,2007,CA,BLM,BORDER #34,2007-09-12,2007-09-16,14,6,1.0,109.2246,2000-2009,624465.5898,3614.804645
6812,2007,CA,USF,SAND,2007-08-02,2007-08-05,5,6,1.0,108.1788,2000-2009,641008.125,3953.686749
6813,2007,CA,CDF,SHELLEY,2007-09-15,2007-09-15,2,6,1.0,103.7546,2000-2009,678728.5547,3525.63458
6814,2007,CA,CDF,MURRAY,2007-05-25,2007-05-26,5,1,1.0,102.8672,2000-2009,675201.3008,4135.816614
6815,2007,CA,USF,SUGARLAOF,2007-08-29,2007-09-11,1,7,1.0,102.3471,2000-2009,707461.9492,4605.484737
6816,2007,CA,CDF,ITALIAN,2007-08-22,2007-08-28,14,1,1.0,102.2803,2000-2009,668767.4375,3817.51037
6817,2007,CA,CDF,SHELL,2007-07-02,2007-07-03,14,1,1.0,101.4226,2000-2009,659317.4805,4369.486326
6818,2007,CA,USF,CHERRY,2007-08-29,2007-09-08,1,6,1.0,101.0002,2000-2009,726144.5469,4176.24322
6819,2007,CA,USF,SNOW,2007-08-20,2007-08-21,1,1,1.0,100.158,2000-2009,589148.3086,3748.544659
6820,2007,CA,LRA,78 #4,2007-07-09,2007-07-10,10,6,1.0,99.97422,2000-2009,577869.0586,4209.901282
6821,2007,CA,USF,MONO,2007-04-05,2007-05-25,1,2,1.0,98.08347,2000-2009,629324.8672,6504.394442
6822,2007,CA,CDF,GRADE,2007-12-03,2007-12-03,2,1,1.0,97.13125,2000-2009,592006.9766,4691.998759
6823,2007,CA,CCO,SKYLINE,2007-08-21,2007-08-23,14,8,1.0,95.41856,2000-2009,563161.4453,4332.952599
6824,2007,CA,CDF,BANNER,2007-07-01,2007-07-03,14,7,1.0,95.15126,2000-2009,549988.7383,4168.644238
6827,2007,CA,USF,BUTLER,2007-09-01,2007-09-05,1,5,1.0,87.50258,2000-2009,519598.7227,2827.034329
6828,2007,CA,CDF,DEVORE 2,2007-10-21,2007-10-22,14,6,1.0,86.78253,2000-2009,514961.1719,5448.902973
6829,2007,CA,USF,ROCK,2007-08-26,2007-09-01,1,1,1.0,85.73099,2000-2009,549215.8711,4180.83678
6830,2007,CA,CDF,JASPER,2007-10-02,2007-10-02,2,1,1.0,85.65826,2000-2009,575605.0469,3643.236191
6831,2007,CA,USF,JEDIDIAH,2007-07-11,2007-07-14,1,7,1.0,85.58557,2000-2009,623012.0156,4978.963065
6832,2007,CA,USF,PAST,2007-08-19,2007-08-19,9,8,1.0,84.95946,2000-2009,583295.5273,3366.329496
6833,2007,CA,LRA,POLK,2007-05-10,2007-05-10,14,7,1.0,84.79376,2000-2009,495983.7578,4448.844879
6834,2007,CA,BLM,CANYON,2007-06-23,2007-06-24,9,1,1.0,84.72375,2000-2009,520428.9648,3319.649027
6835,2007,CA,USF,RAILROAD,2007-05-23,2007-05-23,6,6,1.0,84.6357,2000-2009,503464.1445,2958.928279
6836,2007,CA,LRA,WEST BUTTE,2007-07-27,2007-07-27,14,1,1.0,83.31375,2000-2009,561692.9375,4120.31912
6837,2007,CA,CDF,GATOS,2007-09-02,2007-09-05,1,2,1.0,83.0522,2000-2009,517725.6172,2853.621917
6838,2007,CA,CCO,PEARBLOSSOM,2007-08-13,2007-08-14,14,8,1.0,81.0335,2000-2009,484113.8125,5011.165019
6839,2007,CA,USF,HUMMINGBIRD,2007-07-10,2007-12-06,1,7,1.0,80.30074,2000-2009,581716.0273,4325.680377
6840,2007,CA,NPS,BALD WF,2007-09-05,2007-09-15,1,1,1.0,78.59174,2000-2009,511332.3008,3795.278582
6841,2007,CA,CDF,EIGHTY,2007-08-22,2007-08-22,2,1,1.0,78.0423,2000-2009,528615.4961,3733.236415
6842,2007,CA,CCO,PEARBLOSSOM,2007-04-12,2007-04-13,14,8,1.0,77.80277,2000-2009,464902.3047,6286.109968
6843,2007,CA,USF,CLIFTON,2007-05-10,2007-05-11,5,8,1.0,77.27326,2000-2009,531566.9258,3393.557197
6845,2007,CA,USF,BLACK,2007-07-10,2007-07-10,1,1,1.0,74.38044,2000-2009,534156.4375,3477.399854
6846,2007,CA,CDF,PANOCHE,2007-03-22,2007-03-23,11,1,1.0,73.78705,2000-2009,463994.0195,3237.124963
6847,2007,CA,CDF,WILLOW,2007-07-06,2007-07-17,1,1,2.0,73.36001,2000-2009,522675.2773,4141.941122
6848,2007,CA,USF,LOOKOUT,2007-06-07,2007-06-07,1,1,1.0,73.04321,2000-2009,525098.1172,4557.995425
6849,2007,CA,LRA,PRAIRIE,2007-06-28,2007-06-28,7,1,1.0,72.23045,2000-2009,483238.6289,3304.806695
6851,2007,CA,CDF,VALLEY,2007-07-06,2007-07-06,7,1,1.0,69.97617,2000-2009,469546.5859,2881.923784
6852,2007,CA,USF,BACKSCATTER,2007-07-10,2007-07-10,1,1,1.0,68.51701,2000-2009,497958.5781,4647.123372
6854,2007,CA,CDF,GOLDEN,2007-08-16,2007-08-17,10,1,1.0,65.62988,2000-2009,430980.1484,3626.244465
6855,2007,CA,USF,DOME,2007-07-10,2007-07-15,1,1,1.0,65.50415,2000-2009,477325.8828,2759.003896
6856,2007,CA,CDF,LOOKOUT,2007-10-02,2007-10-03,5,1,1.0,64.51181,2000-2009,462688.1523,4456.583928
6857,2007,CA,LRA,FIDDYMENT,2007-06-01,2007-06-01,8,1,1.0,62.63406,2000-2009,418189.8867,3469.854244
6858,2007,CA,BLM,SCHOTT,2007-01-24,2007-01-24,14,8,1.0,60.56634,2000-2009,431841.0234,3772.339572
6859,2007,CA,USF,BUMMER,2007-07-24,2007-07-25,1,1,1.0,60.40992,2000-2009,398263.4063,5117.034558
6860,2007,CA,CDF,GRADE 2,2007-07-11,2007-07-11,14,6,1.0,59.8039,2000-2009,393543.6445,2398.919342
6862,2007,CA,CDF,YOLLA,2007-04-30,2007-04-30,14,6,1.0,56.6572,2000-2009,395403.4688,3000.396507
6863,2007,CA,USF,VANN,2007-07-13,2007-07-14,9,7,1.0,55.82624,2000-2009,379171.6172,3801.933257
6864,2007,CA,CDF,POLY / A-4 7,2007-09-10,2007-09-12,14,1,1.0,55.68728,2000-2009,339241.8828,3146.799676
6865,2007,CA,NPS,FOOTHILL,2007-01-22,2007-01-22,14,1,1.0,55.62037,2000-2009,329554.5742,3913.030927
6866,2007,CA,CDF,CHAMBERS,2007-07-27,2007-07-29,7,2,1.0,54.69636,2000-2009,381184.9141,3979.705859
6867,2007,CA,CDF,WEED ,2007-08-06,2007-08-06,4,1,1.0,53.96681,2000-2009,388816.75,4012.450596
6869,2007,CA,CDF,DRIFTWOOD,2007-10-25,2007-11-05,14,1,1.0,52.97295,2000-2009,367702.3398,5700.445688
6870,2007,CA,USF,BERNASCONI,2007-04-12,2007-04-12,4,1,1.0,50.22721,2000-2009,320525.9023,2838.681316
6871,2007,CA,CDF,PINEY,2007-07-01,2007-07-01,7,6,1.0,49.41501,2000-2009,308276.9883,2347.110619
6872,2007,CA,CDF,MOONEY,2007-08-23,2007-08-23,14,1,1.0,49.37544,2000-2009,333548.1133,2999.820925
6873,2007,CA,CDF,MOUNTAIN,2007-06-24,2007-06-27,14,7,1.0,49.27824,2000-2009,326772.25,2323.621173
6874,2007,CA,BLM,SPRING,2007-05-19,2007-05-19,14,1,1.0,49.25748,2000-2009,343988.6914,2439.67062
6875,2007,CA,CDF,CLARK,2007-07-28,2007-07-28,10,2,1.0,46.99129,2000-2009,320674.9297,2336.446815
6876,2007,CA,USF,LAGO,2007-07-01,2007-07-01,2,6,1.0,46.93208,2000-2009,281430.9102,3241.961338
6877,2007,CA,USF,ROUSE,2007-06-18,2007-06-19,9,8,1.0,46.79037,2000-2009,278025.4531,3678.916828
6878,2007,CA,CDF,PEAK,2007-07-11,2007-07-11,2,5,1.0,46.32199,2000-2009,305474.582,3433.488777
6879,2007,CA,CDF,ODONOVAN,2007-05-07,2007-05-07,2,1,1.0,45.85566,2000-2009,280731.2383,2762.692828
6880,2007,CA,USF,CALPINE,2007-06-23,2007-06-28,5,1,1.0,45.81102,2000-2009,313347.3828,3663.486261
6881,2007,CA,CDF,POWER HOUSE,2007-08-18,2007-08-19,10,2,1.0,45.79953,2000-2009,292092.8398,2184.509342
6882,2007,CA,CDF,CAL POLY,2007-06-30,2007-06-30,8,1,1.0,45.71973,2000-2009,278402.5078,2805.779142
6883,2007,CA,USF,RIDGE,2007-04-06,2007-04-06,1,6,1.0,44.9055,2000-2009,269616.4023,2517.100617
6884,2007,CA,CDF,CUESTA,2007-05-10,2007-05-10,2,1,1.0,44.71153,2000-2009,272477.3555,3353.277642
6885,2007,CA,CCO,SOLEDAD,2007-10-22,2007-10-23,14,8,1.0,44.16777,2000-2009,263363.332,2494.1118
6886,2007,CA,CDF,WHITMORE 3,2007-10-09,2007-10-09,2,1,1.0,43.37598,2000-2009,304895.0742,3025.953848
6887,2007,CA,CDF,STRAW,2007-12-03,2007-12-03,14,7,1.0,42.57693,2000-2009,250193.6563,1959.924305
6888,2007,CA,USF,MINE,2007-08-29,2007-08-30,1,3,1.0,40.20031,2000-2009,242077.1328,2513.715318
6889,2007,CA,CCO,MEADOW RIDGE,2007-10-23,2007-10-25,14,8,1.0,39.10847,2000-2009,232823.7383,4091.652864
6890,2007,CA,CDF,WALDO 2,2007-09-07,2007-09-07,7,1,1.0,38.74841,2000-2009,261083.0742,3882.08285
6891,2007,CA,USF,CLEAR,2007-07-10,2007-08-04,1,7,1.0,37.9603,2000-2009,275673.2266,2675.094591
6892,2007,CA,CDF,SOLEDAD,2007-03-29,2007-03-29,5,1,1.0,37.53805,2000-2009,235379.6055,2121.491564
6893,2007,CA,NPS,MALIBU,2007-01-08,2007-01-08,3,5,1.0,37.15744,2000-2009,219501.0117,2680.721051
6894,2007,CA,CDF,WEST,2007-07-22,2007-07-22,10,6,1.0,36.99461,2000-2009,247130.6523,2734.776753
6895,2007,CA,USF,BARTLETT 2,2007-09-11,2007-09-11,9,8,1.0,36.44079,2000-2009,245779.3867,4181.57211
6896,2007,CA,CDF,HIGHWAY,2007-05-30,2007-05-30,2,5,1.0,34.53307,2000-2009,230622.6875,2169.683265
6897,2007,CA,CDF,AVENIDA,2007-06-26,2007-06-26,2,6,1.0,33.98232,2000-2009,215174.0703,1947.780362
6899,2007,CA,CDF,SPENCEVILLE,2007-08-15,2007-08-15,14,1,1.0,31.35009,2000-2009,211021.8516,2663.289382
6900,2007,CA,BLM,WRIGHT,2007-10-06,2007-10-06,9,1,1.0,31.31121,2000-2009,183203.8906,2925.465097
6901,2007,CA,USF,TOM MARTIN,2007-07-10,2007-12-06,1,7,1.0,31.28797,2000-2009,227783.6406,1896.421449
6902,2007,CA,CDF,SIXTY-FIVE 2,2007-09-14,2007-09-14,14,1,1.0,30.92794,2000-2009,207221.2344,1960.455122
6903,2007,CA,CDF,OKLAHOMA,2007-07-12,2007-07-12,1,6,1.0,30.41293,2000-2009,222165.1406,2404.825877
6904,2007,CA,BLM,TWIN,2007-08-31,2007-08-31,1,1,1.0,30.30834,2000-2009,214095.7148,2715.691719
6905,2007,CA,CCO,SESNON,2007-10-21,2007-10-21,14,8,1.0,30.30142,2000-2009,180152.7188,2032.106779
6906,2007,CA,USF,DAVIS,2007-07-05,2007-07-06,1,8,1.0,30.26694,2000-2009,209909.2773,2226.886508
6907,2007,CA,CDF,SIXTY-FIVE,2007-07-23,2007-07-23,14,1,1.0,29.60796,2000-2009,198186.8242,1831.761072
6908,2007,CA,USF,CEDAR,2007-08-12,2007-08-12,9,8,1.0,29.60556,2000-2009,176208.4141,2013.607009
6910,2007,CA,USF,BACK,2007-07-06,2007-07-14,1,8,1.0,28.20994,2000-2009,204178.8984,3371.368235
6911,2007,CA,USF,MARBLE,2007-10-18,2007-10-20,5,1,1.0,26.6056,2000-2009,182293.2695,2324.111353
6912,2007,CA,CDF,BITTER,2007-05-22,2007-05-22,14,1,1.0,26.07638,2000-2009,159093.8906,2644.448999
6913,2007,CA,CCO,OCTOBER,2007-10-21,2007-10-23,14,8,1.0,25.73671,2000-2009,153290.0781,2305.258408
6914,2007,CA,FWS,CLEAR,2007-06-01,2007-06-02,1,1,,25.68178,2000-2009,187339.1719,3872.806114
6915,2007,CA,USF,PIONEER,2007-07-11,2007-07-13,1,7,1.0,25.0635,2000-2009,182852.8203,2016.527814
6916,2007,CA,USF,VEHICLE,2007-08-03,2007-08-03,2,6,1.0,24.90016,2000-2009,149001.0117,1553.516009
6917,2007,CA,CDF,COLORADO,2007-10-08,2007-10-08,15,7,1.0,24.8429,2000-2009,155469.3477,1683.144641
6918,2007,CA,USF,BLUECUT,2007-07-13,2007-07-13,2,8,1.0,24.77842,2000-2009,147098.7813,1753.842296
6919,2007,CA,CDF,BRYSON,2007-05-12,2007-05-12,2,1,1.0,24.73462,2000-2009,152563.8516,1957.824283
6920,2007,CA,CDF,ARMSTRONG,2007-06-27,2007-06-27,7,6,1.0,24.25039,2000-2009,160752.3867,1632.828314
6921,2007,CA,USF,LINDSEY,2007-09-09,2007-09-12,4,6,1.0,23.71274,2000-2009,161023.6406,1744.737389
6922,2007,CA,NPS,JACK WFU,2007-10-29,2007-11-07,1,1,2.0,23.6337,2000-2009,152499.4531,2159.634967
6925,2007,CA,USF,HOWARDS GULCH,2007-04-16,2007-04-17,6,1,1.0,21.99774,2000-2009,158703.375,1807.999981
6926,2007,CA,USF,SKY,2007-07-10,2007-07-15,1,6,1.0,21.53662,2000-2009,155876.5273,1561.30471
6927,2007,CA,BLM,BARRETT,2007-09-24,2007-09-24,11,6,1.0,21.03024,2000-2009,120351.1953,1503.770551
6928,2007,CA,CDF,AUBURN,2007-06-23,2007-06-23,7,1,1.0,20.99044,2000-2009,140277.4492,1773.654386
6929,2007,CA,USF,CAPRA,2007-07-15,2007-07-15,2,6,1.0,20.41754,2000-2009,121739.0156,1354.028827
6930,2007,CA,CDF,CROSBY,2007-05-28,2007-05-28,1,1,1.0,20.30936,2000-2009,136010.3672,2101.243731
6931,2007,CA,USF,CLOVER 2,2007-08-28,2007-09-26,1,1,2.0,20.16119,2000-2009,133728.7383,2124.874731
6932,2007,CA,CDF,POZO,2007-08-30,2007-08-30,1,1,1.0,19.97121,2000-2009,121809.8398,1565.523059
6933,2007,CA,USF,WASHOE,2007-08-18,2007-08-18,9,1,1.0,19.81334,2000-2009,133495.1992,2028.649508
6934,2007,CA,NPS,BALDY RIDGE,2007-11-01,2007-12-01,1,1,2.0,19.69245,2000-2009,124099.3828,2717.787756
6935,2007,CA,USF,TIONESTA,2007-03-07,2007-03-13,4,1,1.0,19.63063,2000-2009,142298.3633,3735.841612
6936,2007,CA,USF,TORRI,2007-11-08,2007-11-10,9,1,1.0,19.52059,2000-2009,121533.9688,1420.035297
6937,2007,CA,CDF,ROSA,2007-08-30,2007-08-30,1,6,1.0,19.03348,2000-2009,119867.2383,1417.334015
6938,2007,CA,CDF,LYMAN,2007-11-07,2007-11-07,14,6,1.0,18.7599,2000-2009,130619.8672,1590.860589
6939,2007,CA,CDF,BROWN,2007-07-08,2007-07-08,2,2,1.0,18.73177,2000-2009,130405.3047,1928.594365
6940,2007,CA,CDF,OAK,2007-08-24,2007-08-24,2,6,1.0,18.52167,2000-2009,116252.4961,1943.853865
6941,2007,CA,USF,COYOTE,2007-08-30,2007-08-31,1,1,1.0,18.42541,2000-2009,131850.5703,1755.92663
6942,2007,CA,USF,INGALLS,2007-10-21,2007-10-23,5,6,1.0,18.24594,2000-2009,118991.4492,1517.801384
6943,2007,CA,USF,ELLIOT,2007-09-01,2007-09-03,1,6,1.0,18.19049,2000-2009,108188.6367,1692.642489
6944,2007,CA,USF,SKINNER,2007-05-27,2007-05-30,9,1,1.0,18.1263,2000-2009,113369.6836,1253.612434
6945,2007,CA,USF,HAUSER,2007-06-05,2007-06-05,4,1,1.0,17.11761,2000-2009,98035.20313,2032.099481
6946,2007,CA,CCO,RABBIT HILL,2007-10-21,2007-10-21,14,7,1.0,16.84096,2000-2009,99854.82422,1202.596088
6947,2007,CA,CDF,REYNOLDS,2007-07-27,2007-07-27,2,1,1.0,16.67489,2000-2009,120869.0156,1522.330679
6948,2007,CA,CDF,CUESTA 2,2007-08-19,2007-08-19,2,1,1.0,16.54518,2000-2009,100894.7773,1679.33672
6949,2007,CA,CDF,NADER,2007-07-29,2007-07-29,14,1,1.0,16.27155,2000-2009,109054.4063,1993.851869
6950,2007,CA,CDF,WALDO,2007-06-22,2007-06-22,2,1,1.0,16.19337,2000-2009,109079.7227,1365.11854
6951,2007,CA,CDF,ADELADIA,2007-08-01,2007-08-01,2,1,1.0,16.18213,2000-2009,99457.76563,2273.273499
6952,2007,CA,BLM,SAN BENITO,2007-08-18,2007-08-19,14,8,1.0,16.03663,2000-2009,100382.4805,1904.186158
6953,2007,CA,USF,HARVEY,2007-07-12,2007-07-15,1,1,1.0,15.22974,2000-2009,110840.4063,3009.971664
6954,2007,CA,LRA,ATHENS,2007-08-02,2007-08-02,10,1,1.0,15.18611,2000-2009,101446.7891,1636.100545
6955,2007,CA,CDF,RYAN,2007-01-15,2007-01-15,5,1,1.0,15.01484,2000-2009,91856.69922,1884.518975
6956,2007,CA,USF,SHOOTING,2007-06-03,2007-06-03,9,6,1.0,14.96727,2000-2009,88963.63672,1263.32746
6957,2007,CA,CCO,UNNAMED FIRE,2007-01-07,2007-01-07,8,8,1.0,14.80336,2000-2009,86536.70703,2006.334196
6958,2007,CA,BLM,PONDEROSA,2007-09-12,2007-09-19,11,1,1.0,14.6404,2000-2009,102213.8633,1755.10822
6959,2007,CA,CDF,PETERSON,2007-07-06,2007-07-06,7,1,1.0,14.47645,2000-2009,98077.21875,1716.000703
6960,2007,CA,USF,RATTLESNAKE,2007-07-10,2007-07-15,1,1,1.0,14.43093,2000-2009,103689.9141,1586.334986
6961,2007,CA,CDF,FALL,2007-06-13,2007-06-13,5,1,1.0,14.37599,2000-2009,105405.1094,1475.602007
6962,2007,CA,USF,LOWE,2007-08-26,2007-08-26,9,6,1.0,14.32774,2000-2009,84994.01172,1248.8908
6963,2007,CA,USF,DEVORE,2007-08-04,2007-08-04,2,6,1.0,14.00034,2000-2009,83081.02344,1168.844165
6964,2007,CA,LRA,BASELINE,2007-09-24,2007-09-24,14,1,1.0,13.97688,2000-2009,93129.64453,2123.440568
6965,2007,CA,CDF,GIRARD,2007-10-23,2007-10-23,5,1,1.0,13.89543,2000-2009,99498.21875,1582.782347
6966,2007,CA,CDF,SONOMA,2007-08-31,2007-08-31,2,1,1.0,13.87302,2000-2009,91398.34375,1196.425004
6967,2007,CA,BLM,POT HOLE,2007-07-11,2007-07-12,1,1,1.0,13.79044,2000-2009,97493.92578,2023.023354
6968,2007,CA,CDF,WILSON,2007-04-09,2007-04-09,5,1,1.0,13.75327,2000-2009,92221.92969,2408.233783
6969,2007,CA,USF,RAILDOAD 2,2007-05-24,2007-05-24,6,6,1.0,13.73251,2000-2009,81687.91016,1334.659257
6970,2007,CA,USF,RICHBAR,2007-10-23,2007-10-23,9,6,1.0,13.43259,2000-2009,82131.06641,1138.390988
6971,2007,CA,USF,JUPITER,2007-10-28,2007-11-02,5,6,1.0,13.40213,2000-2009,87760.71875,1738.151816
6972,2007,CA,NPS,GRANT,2007-07-10,2007-09-20,1,1,2.0,13.35142,2000-2009,86859.12891,2322.492319
6973,2007,CA,FWS,MILLAR,2007-07-06,2007-07-06,14,1,,13.30212,2000-2009,76290.88672,2397.596497
6974,2007,CA,CDF,JOHNSON,2007-08-01,2007-08-01,11,1,1.0,13.12521,2000-2009,79882.69922,1991.78182
6975,2007,CA,USF,DOGWOOD,2007-08-29,2007-09-04,1,6,1.0,12.92592,2000-2009,93498.97266,1424.41649
6976,2007,CA,CDF,CAPPEL,2007-09-05,2007-09-11,14,1,1.0,12.89415,2000-2009,92464.01172,2137.553862
6977,2007,CA,CDF,RANCH,2007-08-23,2007-08-23,14,1,1.0,12.77974,2000-2009,78548.17969,1711.150093
6978,2007,CA,CDF,MORRO,2007-09-12,2007-09-12,11,1,1.0,12.73619,2000-2009,77853.72656,1639.937819
6979,2007,CA,USF,CABLE,2007-09-05,2007-09-07,1,1,1.0,12.57715,2000-2009,89079.90625,1167.805804
6980,2007,CA,USF,SOURCE,2007-08-26,2007-08-28,1,7,1.0,12.57433,2000-2009,80375.20703,1191.236998
6982,2007,CA,CDF,LAGUNA,2007-09-12,2007-09-12,14,7,1.0,12.43935,2000-2009,72852.08984,1484.482555
6983,2007,CA,USF,DEVIL,2007-08-09,2007-08-10,4,7,1.0,12.16894,2000-2009,78036.75781,2101.000141
6984,2007,CA,USF,SENTINEL,2007-07-05,2007-07-14,1,1,1.0,12.16587,2000-2009,78968.96484,1651.807901
6985,2007,CA,USF,SLIDES,2007-06-19,2007-06-19,9,7,1.0,11.94098,2000-2009,81093.69141,1426.028265
6986,2007,CA,USF,RIVER,2007-11-29,2007-11-29,9,1,1.0,11.6418,2000-2009,69982.38281,1389.255829
6987,2007,CA,CDF,HATCHET,2007-08-13,2007-08-14,2,1,1.0,11.32679,2000-2009,80238.21484,1722.043345
6988,2007,CA,CDF,WILSON,2007-04-09,2007-04-09,5,1,1.0,10.57157,2000-2009,70933.00391,1208.516539
6989,2007,CA,CDF,LOMA RICA /  LA PORTE ,2007-08-07,2007-08-07,7,1,1.0,10.32569,2000-2009,70145.08984,1364.934034
6990,2007,CA,BLM,BORDER 26,2007-07-07,2007-07-08,4,1,1.0,10.16931,2000-2009,58151.83594,1387.094702
6991,2007,CA,USF,GRANITE,2007-07-10,2007-07-21,1,6,1.0,10.10742,2000-2009,68286.59375,1341.712282
6992,2007,CA,NPS,WILLIAMS,2007-09-07,2007-09-09,7,1,1.0,9.997591,2000-2009,71533.53127,948.1165112
6993,2007,CA,USF,BEAR,2007-07-11,2007-07-12,1,7,1.0,9.873552,2000-2009,72054.65625,1210.886987
6995,2007,CA,NPS,FRANKLIN,2007-04-12,2007-04-12,2,7,1.0,9.359566,2000-2009,55371.02344,1656.671686
6996,2007,CA,USF,RODGE,2007-06-16,2007-06-17,7,1,1.0,9.257235,2000-2009,66742.02344,1424.703596
6997,2007,CA,USF,TURN,2007-07-25,2007-07-25,2,1,1.0,8.830719,2000-2009,62371.37891,991.8194612
6998,2007,CA,BLM,CHICK,2007-08-29,2007-08-29,14,1,1.0,8.780858,2000-2009,61539.02734,1196.346477
6999,2007,CA,USF,CHIPMUNK,2007-08-30,2007-09-02,1,1,1.0,8.338897,2000-2009,59575.59766,960.2257383
7000,2007,CA,CCO,ROSE,2007-04-12,2007-04-12,11,8,1.0,8.335956,2000-2009,49107.67188,1473.50057
7001,2007,CA,CDF,BRAZIE,2007-01-25,2007-01-25,5,1,1.0,5.748158,2000-2009,41725.97266,921.7989382
7002,2007,CA,LRA,GRIFFITH PARK,2007-08-14,2007-08-14,14,5,1.0,4.961969,2000-2009,29371.53516,607.7902587
7003,2007,CA,CDF,LIBERTY,2007-06-15,2007-06-15,4,1,1.0,3.428311,2000-2009,22821.46875,1039.743728
7004,2007,CA,CCO,LAGUNA CANYON,2007-03-08,2007-03-08,3,8,1.0,2.842573,2000-2009,16631.07031,705.2306592
7006,2007,CA,CCO,AGOURA 2,2007-10-07,2007-10-07,7,1,1.0,2.014412,2000-2009,11930.51172,387.4519632
7007,2007,CA,NPS,CREEK,2007-08-01,2007-08-01,9,1,1.0,1.002604,2000-2009,5931.953125,273.2774892
7008,2007,CA,NPS,SCHOOL,2007-09-10,2007-09-11,7,1,1.0,1.000042,2000-2009,7183.404796,300.4485429
7009,2007,CA,CDF,PLACERVILLE,2007-06-18,2007-06-18,14,6,1.0,0.9817882,2000-2009,6536.050781,310.5527171
7011,2007,CA,CCO,AGOURA,2007-06-21,2007-06-21,9,1,1.0,0.8084014,2000-2009,4787.4375,392.4912969
7012,2007,CA,CCO,KANAN,2007-07-03,2007-07-03,2,1,1.0,0.5139439,2000-2009,3042.242188,244.7900852
7014,2007,CA,CCO,ROADSIDE,2007-04-30,2007-04-30,9,1,1.0,0.320584,2000-2009,1901.007813,237.5471507
7015,2007,CA,CCO,TRIUNFO,2007-05-09,2007-05-09,9,8,1.0,0.3089809,2000-2009,1829.238281,151.8081723
7016,2007,CA,NPS,ROCKY OAKS,2007-01-16,2007-01-16,9,7,1.0,0.3089746,2000-2009,1828.207031,151.7653114
7017,2007,CA,CCO,DEER RIDGE,2007-04-01,2007-04-01,9,7,1.0,0.3089615,2000-2009,1830.386719,151.855276
7018,2007,CA,NPS,TUNNEL,2007-06-18,2007-06-18,9,1,1.0,0.2502531,2000-2009,1479.621094,136.5324286
7020,2007,CA,NPS,LAS VIRGENES,2007-06-28,2007-06-28,11,1,1.0,0.1977743,2000-2009,1172.046875,121.5161303
7021,2007,CA,NPS,LATIGO,2007-05-23,2007-05-23,2,1,1.0,0.197764,2000-2009,1168.8125,121.3476267
7022,2007,CA,NPS,SANDSTONE,2007-07-22,2007-07-22,10,1,1.0,0.1409219,2000-2009,834.0234375,133.0917913
7023,2007,CA,CCO,SMALL HIGHWAY,2007-06-08,2007-06-08,10,1,1.0,0.132266,2000-2009,784.1289063,136.9141825
7024,2007,CA,CCO,FLORES,2007-08-05,2007-08-05,10,1,1.0,0.09350429,2000-2009,552.8125,83.45440815
7025,2007,CA,NPS,LATIGO CANYON,2007-04-26,2007-04-26,9,8,1.0,0.09348453,2000-2009,552.4492188,83.42738576
7026,2007,CA,NPS,DEER CREEK,2007-09-07,2007-09-07,10,1,1.0,0.06526374,2000-2009,386.015625,75.11251429
7027,2007,CA,CCO,VIRGENES,2007-11-03,2007-11-03,9,7,1.0,0.01678047,2000-2009,99.37890625,35.38613825
7028,2007,CA,NPS,STERLING,2007-12-08,2007-12-08,1,1,1.0,0.008896109,2000-2009,52.64453125,34.23038387
7029,2006,CA,USF,DAY,2006-09-04,2006-10-30,5,2,1.0,161815.7,2000-2009,969148753.0,281247.9614
7030,2006,CA,USF,BAKE-OVEN,2006-07-23,2006-11-30,1,7,1.0,65050.05,2000-2009,462791672.5,163418.0
7031,2006,CA,CDF,SAWTOOTH COMPLEX,2006-07-09,2006-07-19,1,2,1.0,61767.18,2000-2009,365765602.9,172485.6407
7032,2006,CA,CDF,ESPERANZA,2006-10-26,2006-10-30,7,2,1.0,40176.8,2000-2009,236391525.2,99589.1898
7033,2006,CA,USF,PIGEON,2006-09-02,2006-10-10,9,7,1.0,35093.77,2000-2009,248348745.2,112901.4005
7034,2006,CA,CDF,CANYON,2006-07-09,2006-08-01,14,2,1.0,34217.52,2000-2009,219535930.6,100096.065
7035,2006,CA,USF,MILLARD,2006-07-09,2006-08-01,1,7,1.0,24218.9,2000-2009,143151614.7,103524.8751
7036,2006,CA,USF,HANCOCK,2006-07-24,2006-11-13,1,7,1.0,21866.13,2000-2009,157530898.4,127587.6347
7037,2006,CA,USF,HORSE,2006-07-23,2006-07-29,4,7,1.0,16677.62,2000-2009,95611538.2,62505.0088
7038,2006,CA,USF,HUNTER,2006-07-24,2006-09-07,1,2,1.0,16234.27,2000-2009,110996552.7,69410.49201
7039,2006,CA,USF,SOMES,2006-07-24,2006-10-18,1,7,1.0,15506.2,2000-2009,111400036.0,52242.49473
7040,2006,CA,USF,PERKINS,2006-06-19,2006-07-20,1,7,1.0,14922.99,2000-2009,89882068.99,55470.16795
7041,2006,CA,CDF,RICO,2006-07-22,2006-07-27,1,2,1.0,14509.42,2000-2009,90015636.59,54830.13031
7042,2006,CA,LRA,ZAM ASSIST,2006-09-22,2006-09-22,14,7,1.0,13968.88,2000-2009,93091415.56,63626.0735
7043,2006,CA,CDF,SHEKELL,2006-12-03,2006-12-09,14,2,1.0,13618.09,2000-2009,81000480.16,64176.93788
7044,2006,CA,USF,SIERRA,2006-02-06,2006-02-22,18,7,1.0,10591.98,2000-2009,62270766.4,38913.99256
7045,2006,CA,CDF,3 ROCKS,2006-07-22,2006-07-22,1,2,1.0,9434.875,2000-2009,59206126.66,61205.74503
7046,2006,CA,NPS,CALICO,2006-07-24,2006-08-04,1,2,1.0,9278.413,2000-2009,57508151.75,48013.99096
7047,2006,CA,USF,RALSTON,2006-09-05,2006-09-17,9,2,1.0,8421.044,2000-2009,56542786.36,57968.93225
7048,2006,CA,USF,SAWMILL,2006-09-14,2006-09-23,5,2,1.0,7437.11,2000-2009,48295809.51,49241.26684
7049,2006,CA,USF,TITUS,2006-07-23,2006-09-30,1,7,1.0,6075.601,2000-2009,44016067.25,38729.71804
7050,2006,CA,NPS,FROG,2006-07-21,2006-11-11,1,7,2.0,6029.851,2000-2009,39363415.12,50757.33749
7051,2006,CA,CDF,MIDWAY,2006-07-11,2006-07-12,11,1,1.0,5540.274,2000-2009,35865266.41,35357.43803
7052,2006,CA,USF,RUSH,2006-07-24,2006-08-23,1,7,1.0,4872.309,2000-2009,34782440.84,38555.97801
7053,2006,CA,USF,SAGE,2006-07-24,2006-07-28,1,7,1.0,4853.658,2000-2009,35270172.4,46592.77648
7054,2006,CA,CCO,QUAIL,2006-08-13,2006-08-17,14,7,1.0,4769.777,2000-2009,28697945.16,38442.53641
7055,2006,CA,USF,TAMARACK WFU,2006-07-09,2006-12-11,1,1,2.0,4655.902,2000-2009,29088391.09,27986.49194
7056,2006,CA,BLM,OBSERVATION COMPLEX,2006-06-25,2006-06-30,1,7,1.0,4393.104,2000-2009,30964080.05,69276.88795
7057,2006,CA,USF,BALD,2006-07-22,2006-07-30,1,6,1.0,4321.537,2000-2009,26084733.43,22413.07759
7058,2006,CA,CCO,WESTSIDE,2006-12-07,2006-12-09,10,7,1.0,4025.012,2000-2009,24279468.73,30349.49136
7059,2006,CA,USF,UNCLE,2006-07-23,2006-11-13,1,7,1.0,3832.854,2000-2009,27593275.37,44541.73656
7060,2006,CA,CDF,GOODALE,2006-06-26,2006-06-30,1,2,1.0,3751.389,2000-2009,23822520.97,27289.64574
7061,2006,CA,USF,BRODER/BECK WFU,2006-07-26,2006-09-29,1,1,2.0,3492.245,2000-2009,21717669.88,37059.78648
7062,2006,CA,CDF,JUNCTION,2006-07-29,2006-07-31,14,1,1.0,3129.746,2000-2009,22085972.73,22876.41238
7063,2006,CA,USF,HOTLUM,2006-02-24,2006-03-04,5,2,1.0,3023.023,2000-2009,21834863.48,36525.58899
7064,2006,CA,USF,BOULDER,2006-06-25,2006-07-12,1,1,1.0,2919.262,2000-2009,20270507.19,35120.11372
7065,2006,CA,CDF,DEL PUERTO,2006-06-30,2006-07-05,5,8,1.0,2592.979,2000-2009,16678979.13,21010.03353
7066,2006,CA,USF,PINNACLES,2006-09-19,2006-09-25,7,7,1.0,2505.519,2000-2009,14902502.78,19893.83353
7067,2006,CA,USF,RIDGE,2006-07-22,2006-07-31,1,2,1.0,2417.061,2000-2009,14580457.11,20943.33926
7068,2006,CA,BLM,COTTONWOOD,2006-08-07,2006-08-10,9,8,1.0,2344.131,2000-2009,14314879.26,17200.49811
7069,2006,CA,NPS,PUSHWALLA,2006-07-07,2006-07-13,1,8,1.0,2194.778,2000-2009,12919265.6,22660.83466
7070,2006,CA,USF,EMERALD,2006-08-29,2006-09-04,9,7,1.0,2131.008,2000-2009,12606444.4,19782.19852
7071,2006,CA,USF,MAGGIE,2006-07-09,2006-12-11,1,1,2.0,2097.887,2000-2009,13091276.61,24822.04445
7072,2006,CA,USF,BASSETTS,2006-09-19,2006-10-06,9,2,1.0,2097.263,2000-2009,14327431.54,20060.69169
7073,2006,CA,NPS,BUTTE 2,2006-07-05,2006-07-06,1,2,1.0,2035.224,2000-2009,12607742.75,18834.04952
7074,2006,CA,CDF,PEDRO,2006-07-03,2006-07-05,9,2,2.0,1997.151,2000-2009,12969087.59,26726.85357
7075,2006,CA,CDF,ALMAZON,2006-05-03,2006-05-03,2,2,1.0,1926.058,2000-2009,11969995.49,23745.0822
7076,2006,CA,BLM,BECK,2006-07-11,2006-07-11,9,1,1.0,1668.107,2000-2009,10152804.36,21342.69129
7077,2006,CA,NPS,ROARING,2006-07-23,2006-12-29,1,2,2.0,1643.123,2000-2009,10382503.71,21964.77348
7078,2006,CA,CDF,CREEK INCIDENT,2006-07-18,2006-07-18,1,1,1.0,1611.617,2000-2009,11248486.45,19999.55598
7079,2006,CA,CCO,ANNETTE,2006-08-03,2006-08-03,10,1,1.0,1432.379,2000-2009,8805971.848,18366.32736
7080,2006,CA,CDF,COYOTE,2006-07-20,2006-07-21,1,7,1.0,1359.883,2000-2009,8438680.641,11955.6547
7081,2006,CA,CDF,HOY,2006-07-26,2006-08-01,14,1,1.0,1282.879,2000-2009,9259363.164,17477.36849
7082,2006,CA,USF,YOLLA BOLLY COMPLEX,2006-06-26,2006-11-27,1,7,2.0,1246.917,2000-2009,8622442.121,12449.42117
7083,2006,CA,CCO,DEVIL,2006-06-04,2006-06-04,9,1,1.0,1090.188,2000-2009,6713880.758,15525.28805
7084,2006,CA,CCO,EMPIRE,2006-07-22,2006-07-25,14,7,1.0,1063.158,2000-2009,6190967.453,17788.72233
7085,2006,CA,USF,HIGH,2006-06-26,2006-07-15,1,1,1.0,1053.402,2000-2009,7594715.098,19499.24234
7086,2006,CA,CDF,NOBLE,2006-09-24,2006-09-30,14,3,1.0,1017.925,2000-2009,7020333.551,11802.27233
7087,2006,CA,CDF,BILLY,2006-05-25,2006-05-25,9,6,1.0,996.7834,2000-2009,6322581.254,16295.07556
7088,2006,CA,CDF,WHISPERING PINES,2006-07-22,2006-08-01,1,2,1.0,990.733,2000-2009,5858106.738,12940.74119
7089,2006,CA,NPS,TOUGHNUT,2006-07-20,2006-07-28,1,2,1.0,985.1271,2000-2009,5955298.602,14801.02997
7090,2006,CA,BLM,MOCAL,2006-05-29,2006-05-30,9,2,1.0,932.2057,2000-2009,5664159.152,21014.86767
7091,2006,CA,BLM,CUYAMA,2006-10-11,2006-10-11,9,1,1.0,925.7054,2000-2009,5602632.855,16764.62863
7092,2006,CA,CDF,STUHR,2006-05-26,2006-05-26,10,6,1.0,905.312,2000-2009,5806177.605,16154.97135
7093,2006,CA,USF,PANTHER,2006-07-24,2006-08-12,1,1,1.0,904.7364,2000-2009,6381462.629,13255.28758
7094,2006,CA,CCO,ENERGY,2006-05-26,2006-05-27,2,1,1.0,779.9976,2000-2009,4716980.211,14117.94989
7095,2006,CA,BLM,GOLF,2006-08-08,2006-08-11,7,2,1.0,774.4991,2000-2009,4552415.957,8937.331683
7096,2006,CA,USF,SCOTT,2006-07-23,2006-08-01,1,2,1.0,751.0727,2000-2009,4522709.699,10740.55905
7097,2006,CA,CDF,YOLO,2006-09-21,2006-09-22,7,7,1.0,725.167,2000-2009,4824443.07,10761.24604
7098,2006,CA,NPS,GEO,2006-07-01,2006-07-02,1,8,1.0,704.0587,2000-2009,4156271.07,9612.948346
7099,2006,CA,CCO,ARCO,2006-07-09,2006-07-12,9,1,1.0,698.128,2000-2009,4207879.258,11458.832
7100,2006,CA,CCO,CROSS,2006-08-28,2006-08-31,14,8,1.0,664.7448,2000-2009,3959033.195,15863.25498
7101,2006,CA,CDF,CHENEY INCIDENT,2006-06-28,2006-06-29,1,1,1.0,646.679,2000-2009,4516957.992,11000.27746
7102,2006,CA,NPS,BURNT,2006-07-21,2006-12-29,1,7,2.0,627.6202,2000-2009,3984755.48,14351.14226
7103,2006,CA,BLM,MESQUITE,2006-07-09,2006-07-11,1,2,1.0,584.8881,2000-2009,3599267.07,8424.210438
7104,2006,CA,BLM,MESQUITE 3,2006-09-06,2006-09-08,1,2,1.0,584.8881,2000-2009,3599267.07,8424.210438
7105,2006,CA,USF,KINGSLEY COMPLEX,2006-07-25,2006-08-09,1,6,1.0,557.9207,2000-2009,3854040.621,10734.04351
7106,2006,CA,USF,CLEAR LAKE,2006-08-07,2006-08-17,1,1,1.0,554.2803,2000-2009,4062435.043,21064.7725
7107,2006,CA,CDF,LGT #17 (3-5),2006-06-26,2006-06-26,1,2,1.0,537.4158,2000-2009,3850572.652,7912.283612
7108,2006,CA,USF,BUMP,2006-07-22,2006-08-11,1,1,1.0,523.7485,2000-2009,3819185.863,15046.00999
7109,2006,CA,CDF,EDGEMONT,2006-07-14,2006-07-15,11,2,1.0,520.8995,2000-2009,3075573.898,7951.538646
7110,2006,CA,USF,HUNGRY,2006-06-25,2006-07-12,1,1,1.0,512.3259,2000-2009,3552130.902,12697.74158
7111,2006,CA,CDF,LGT #22 (3-9),2006-06-26,2006-07-02,1,1,1.0,504.5657,2000-2009,3595491.445,10422.22698
7112,2006,CA,CDF,SUNRISE #2,2006-10-13,2006-10-14,9,8,1.0,500.0103,2000-2009,2943956.984,8761.690219
7113,2006,CA,USF,LAKIN,2006-07-24,2006-07-29,1,2,1.0,480.8092,2000-2009,3460890.938,9714.088689
7114,2006,CA,NPS,GOLD VALLEY,2006-07-20,2006-07-21,1,2,1.0,480.0004,2000-2009,2976514.914,7637.965926
7115,2006,CA,USF,PLUNGE,2006-01-23,2006-01-26,4,7,1.0,477.1114,2000-2009,2827767.891,13966.86497
7116,2006,CA,CDF,RAYMOND,2006-07-26,2006-07-26,3,1,1.0,475.0836,2000-2009,3026396.477,9032.708409
7117,2006,CA,USF,CRYSTAL,2006-06-26,2006-06-27,1,1,1.0,460.6421,2000-2009,3324050.887,13014.88952
7118,2006,CA,NPS,BOUNDARY,2006-08-21,2006-08-30,4,2,1.0,459.9042,2000-2009,2982835.32,10113.37769
7119,2006,CA,CDF,SKYWAY,2006-07-17,2006-07-17,10,1,1.0,453.417,2000-2009,3103017.633,10734.59032
7120,2006,CA,BLM,KINGSTON 2,2006-07-05,2006-07-10,1,2,1.0,447.0361,2000-2009,2750812.289,8135.179054
7121,2006,CA,USF,BUCK,2006-07-24,2006-08-16,1,2,1.0,422.0619,2000-2009,3059847.012,7552.050853
7122,2006,CA,USF,RAMP,2006-07-22,2006-07-23,2,8,1.0,413.8243,2000-2009,2461876.262,7354.447301
7123,2006,CA,CDF,ABERDEEN,2006-06-07,2006-06-09,1,8,1.0,404.1842,2000-2009,2566718.98,8788.352757
7124,2006,CA,LRA,46,2006-08-04,2006-08-04,2,1,1.0,396.3876,2000-2009,2433556.336,6523.162907
7125,2006,CA,CDF,WHITEROCK,2006-10-07,2006-10-07,14,1,1.0,394.4654,2000-2009,2528092.559,11765.43155
7126,2006,CA,CDF,MARYSVILLE,2006-08-16,2006-08-17,9,1,1.0,388.3694,2000-2009,2634474.715,11324.68877
7127,2006,CA,CDF,NAPA,2006-09-22,2006-09-24,11,7,1.0,377.3311,2000-2009,2489254.871,9652.444823
7128,2006,CA,CCO,POPPY,2006-08-25,2006-08-25,14,1,1.0,372.1154,2000-2009,2233987.402,8682.351267
7129,2006,CA,CDF,RIFLE RANGE,2006-06-04,2006-06-04,9,2,1.0,369.2675,2000-2009,2344470.113,8922.481607
7130,2006,CA,USF,GREASE,2006-07-16,2006-07-31,7,2,1.0,365.8738,2000-2009,2528000.805,9868.838343
7131,2006,CA,USF,ARRASTRE,2006-06-09,2006-06-13,1,7,1.0,363.407,2000-2009,2157854.844,6818.346565
7132,2006,CA,CDF,W,2006-06-24,2006-06-24,7,7,1.0,362.372,2000-2009,2269654.609,7478.297519
7133,2006,CA,NPS,COVINGTON,2006-07-20,2006-07-23,1,2,1.0,352.2532,2000-2009,2082599.836,7593.196979
7134,2006,CA,CDF,STOKES,2006-06-17,2006-06-17,7,1,1.0,348.0857,2000-2009,2185775.559,6359.991252
7135,2006,CA,LRA,SEQUOIA,2006-12-08,2006-12-08,14,2,1.0,345.3153,2000-2009,2050689.387,5509.959798
7136,2006,CA,NPS,MIDDLE T SUPPRESSION,2006-08-24,2006-08-28,1,2,1.0,344.6708,2000-2009,2242169.691,7511.528145
7137,2006,CA,CDF,29,2006-07-17,2006-07-21,10,2,1.0,344.2801,2000-2009,2291026.93,9051.424924
7138,2006,CA,CDF,GEYSERS,2006-07-17,2006-07-17,14,2,1.0,342.9361,2000-2009,2292711.672,8765.194602
7139,2006,CA,CDF,BORDER 16,2006-07-20,2006-07-21,14,1,1.0,317.0878,2000-2009,1815171.406,9584.608954
7140,2006,CA,CDF,OPEN,2006-11-30,2006-12-01,11,1,1.0,308.8919,2000-2009,1786455.918,6608.000152
7141,2006,CA,BLM,MCKITTRICK,2006-12-08,2006-12-09,11,1,1.0,301.5148,2000-2009,1834083.008,9244.490938
7142,2006,CA,USF,OAK 2,2006-07-22,2006-07-25,1,2,1.0,283.2123,2000-2009,1657886.383,5989.445939
7143,2006,CA,CDF,SPRING,2006-07-08,2006-07-09,10,6,1.0,274.1234,2000-2009,1837444.066,5523.719588
7144,2006,CA,CDF,FELIPE,2006-07-15,2006-07-16,1,6,1.0,269.6557,2000-2009,1559141.813,7203.909546
7145,2006,CA,NPS,KING,2006-07-19,2006-11-11,1,2,2.0,261.0526,2000-2009,1690801.785,7515.992434
7146,2006,CA,CDF,METZ,2006-07-15,2006-07-15,7,1,1.0,249.0723,2000-2009,1560517.582,6204.345871
7147,2006,CA,CDF,ESPINOSA,2006-07-29,2006-07-29,2,6,1.0,246.9765,2000-2009,1531739.781,5754.447768
7148,2006,CA,USF,CARIBOU COMPLEX WFU,2006-06-28,2006-11-27,1,7,2.0,241.0048,2000-2009,1716761.598,6847.570437
7149,2006,NV,BLM,SAGE,2006-08-06,2006-08-07,1,8,1.0,239.8209,2000-2009,1656456.18,7509.220427
7150,2006,CA,USF,GOFF,2006-07-23,2006-07-31,1,7,1.0,235.3274,2000-2009,1719991.125,5530.442221
7151,2006,CA,CDF,MILTON,2006-06-27,2006-06-27,10,1,1.0,233.436,2000-2009,1521314.352,8067.655807
7152,2006,CA,USF,RUBE,2006-10-10,2006-12-11,1,8,2.0,233.0202,2000-2009,1500012.254,7148.571482
7153,2006,CA,CDF,SMALLY,2006-07-23,2006-07-25,1,1,1.0,228.6997,2000-2009,1457583.996,9231.782208
7154,2006,CA,CDF,MILTON,2006-09-20,2006-09-21,14,1,1.0,228.2242,2000-2009,1492182.984,7097.541512
7155,2006,CA,CDF,SKY VALLEY,2006-06-30,2006-07-01,7,6,1.0,226.2298,2000-2009,1481117.992,4831.492924
7156,2006,CA,USF,SMITH,2006-06-27,2006-07-06,1,7,1.0,225.1383,2000-2009,1383311.805,10715.65749
7157,2006,CA,CDF,LOOKOUT 2,2006-11-12,2006-11-13,9,8,1.0,220.2273,2000-2009,1289107.168,6451.161139
7158,2006,CA,USF,LITTLE,2006-07-23,2006-07-30,1,2,1.0,213.6071,2000-2009,1513895.789,6141.127535
7159,2006,CA,USF,NOWHERE,2006-11-18,2006-11-18,4,8,1.0,213.4518,2000-2009,1268498.711,5454.979729
7160,2006,CA,USF,LAVA,2006-06-28,2006-07-09,1,6,1.0,210.3216,2000-2009,1518803.691,4470.950701
7161,2006,CA,CDF,HONEY INCIDENT,2006-08-24,2006-08-24,10,1,1.0,209.4517,2000-2009,1456182.527,18921.32554
7162,2006,CA,USF,WALKER,2006-09-23,2006-09-25,7,7,1.0,209.2221,2000-2009,1245916.238,7708.158959
7163,2006,CA,CDF,CRAFTON,2006-07-21,2006-07-22,7,2,1.0,206.5396,2000-2009,1220439.195,4833.71147
7164,2006,CA,CDF,ORANGE,2006-07-27,2006-07-27,2,1,1.0,199.8765,2000-2009,1298649.172,5268.932577
7165,2006,CA,NPS,BERDOO,2006-07-06,2006-07-06,1,8,1.0,199.1934,2000-2009,1172428.461,6602.708276
7166,2006,CA,CDF,HIGHLAND,2006-07-31,2006-08-01,14,2,1.0,198.0023,2000-2009,1325961.637,5333.650222
7167,2006,CA,CDF,PONTE,2006-06-26,2006-06-26,2,1,1.0,193.5323,2000-2009,1267068.688,5479.265884
7168,2006,CA,CCO,HWY 138 & 300 WEST,2006-07-23,2006-07-23,14,1,1.0,192.6109,2000-2009,1158290.492,9965.151995
7169,2006,CA,USF,RANCHO 2,2006-08-03,2006-08-03,2,2,1.0,183.241,2000-2009,1109324.52,6705.902094
7170,2006,CA,USF,SAND FLAT,2006-09-03,2006-09-07,8,6,1.0,177.7769,2000-2009,1173148.879,5905.84958
7171,2006,CA,USF,CHESEBORO,2006-06-25,2006-06-25,7,7,1.0,170.5343,2000-2009,1018419.215,4229.414258
7172,2006,CA,BLM,49,2006-07-28,2006-07-28,5,6,1.0,168.7805,2000-2009,1093316.203,5057.833097
7173,2006,CA,LRA,SHERWOOD,2006-07-06,2006-07-08,14,2,1.0,167.9569,2000-2009,994518.7539,4803.80572
7174,2006,CA,FWS,WILDLIFE,2006-08-06,2006-08-09,1,1,,158.077,2000-2009,1155956.688,12575.76774
7175,2006,CA,CCO,HIGHWAY,2006-09-09,2006-09-09,14,1,1.0,151.8605,2000-2009,908656.2539,5499.032539
7176,2006,CA,CDF,JENSON,2006-07-19,2006-07-20,2,1,1.0,150.3358,2000-2009,980906.457,5223.6054
7177,2006,CA,CDF,TULLOCK,2006-07-04,2006-07-04,2,1,1.0,149.9436,2000-2009,974550.5273,5011.817823
7178,2006,CA,CDF,MORRELL,2006-06-12,2006-06-12,9,1,1.0,148.2894,2000-2009,969124.4531,5706.538238
7179,2006,CA,CCO,HIGHLAND,2006-07-22,2006-07-22,14,7,1.0,145.7828,2000-2009,869486.1094,6552.207161
7180,2006,CA,CDF,SHASTA,2006-07-25,2006-07-30,14,6,1.0,145.7729,2000-2009,1027315.359,4780.422756
7181,2006,NV,BLM,LAVER,2006-07-22,2006-07-23,1,1,1.0,145.1921,2000-2009,1004889.113,5643.980375
7182,2006,CA,NPS,RIDGE,2006-08-07,2006-12-29,1,2,2.0,139.0865,2000-2009,878626.7578,3543.037577
7183,2006,CA,CDF,HWY 49,2006-07-28,2006-07-28,14,1,1.0,132.551,2000-2009,857862.0391,4228.656557
7184,2006,CA,USF,MILLER DIV Z,2006-06-26,2006-07-06,1,2,1.0,130.0214,2000-2009,932024.9258,3933.970382
7185,2006,CA,NPS,MIDDLE T WFU,2006-07-21,2006-08-24,1,1,2.0,129.4209,2000-2009,841731.2461,4741.348425
7186,2006,CA,CCO,ROUND MTN,2006-12-03,2006-12-03,14,7,1.0,128.578,2000-2009,761877.2813,3986.060817
7187,2006,CA,CDF,LGT #25 (2-7),2006-06-27,2006-07-04,1,1,1.0,126.515,2000-2009,883460.5078,7554.182203
7188,2006,CA,CDF,MOUNTAIN,2006-08-08,2006-08-08,2,8,1.0,125.5101,2000-2009,740254.0391,3677.603902
7189,2006,CA,CDF,MURPHY,2006-07-26,2006-07-26,10,2,1.0,125.3033,2000-2009,837762.2773,4413.409182
7190,2006,CA,CDF,HOMESTAKE 2,2006-06-29,2006-06-29,14,7,1.0,124.2512,2000-2009,828127.8906,3829.561973
7191,2006,CA,USF,PINE,2006-07-14,2006-07-17,2,6,1.0,122.7217,2000-2009,705203.9219,3749.997112
7192,2006,CA,CDF,PARKS,2006-08-22,2006-08-22,10,1,1.0,122.3877,2000-2009,883471.5859,4783.815574
7193,2006,CA,USF,PINES,2006-09-19,2006-09-25,4,2,1.0,114.4361,2000-2009,679838.8906,5558.635218
7194,2006,CA,USF,BLUECUT,2006-09-05,2006-09-07,2,8,1.0,114.4352,2000-2009,679372.3008,3456.395448
7195,2006,CA,CCO,JOHNSON ROAD,2006-07-18,2006-07-18,14,1,1.0,110.6591,2000-2009,663497.1953,3283.148276
7196,2006,CA,CDF,RIDGE,2006-08-06,2006-08-06,1,6,1.0,109.1611,2000-2009,798709.6133,3432.588309
7197,2006,CA,CDF,GRADE,2006-08-10,2006-08-10,14,1,1.0,105.0062,2000-2009,704525.0391,3719.818958
7198,2006,CA,CDF,JACKSON,2006-07-20,2006-07-20,14,1,1.0,104.3294,2000-2009,687231.293,4915.586135
7199,2006,CA,CDF,CASTLE,2006-06-29,2006-06-30,7,6,1.0,94.88092,2000-2009,550545.2734,3202.793138
7200,2006,CA,CDF,RITTS,2006-06-21,2006-06-21,11,2,1.0,90.02367,2000-2009,584327.8438,4070.141412
7201,2006,CA,CDF,BIEDERMAN,2006-08-02,2006-08-02,2,1,1.0,86.887,2000-2009,564851.1797,4485.275242
7202,2006,CA,CDF,ORE,2006-07-16,2006-07-16,10,1,1.0,85.49673,2000-2009,567817.4766,11353.75212
7203,2006,CA,USF,GHOST,2006-06-24,2006-06-28,1,8,,82.74792,2000-2009,537034.4531,4114.251198
7205,2006,CA,CDF,RUMSEY,2006-07-30,2006-07-30,7,2,1.0,80.94897,2000-2009,541786.0156,3132.91787
7206,2006,CA,USF,WHITE,2006-07-23,2006-07-30,1,6,,80.73425,2000-2009,578964.3008,3344.981499
7207,2006,CA,CDF,CAMANCHE,2006-07-10,2006-07-10,15,1,1.0,79.39842,2000-2009,521974.6016,3219.057428
7208,2006,CA,CDF,MULE,2006-09-19,2006-09-19,14,6,1.0,78.42522,2000-2009,522949.9922,3756.803981
7209,2006,CA,NPS,ELK,2006-10-21,2006-10-23,7,1,1.0,72.60717,2000-2009,519917.1328,3490.786379
7210,2006,CA,CDF,ATLAS,2006-10-25,2006-10-26,2,1,1.0,71.22916,2000-2009,469592.4063,3577.348741
7211,2006,CA,CDF,GREELEY,2006-07-20,2006-07-20,11,6,1.0,70.48856,2000-2009,456678.1055,3208.281776
7212,2006,CA,CDF,CAMINO,2006-10-29,2006-10-30,9,1,1.0,68.95863,2000-2009,400434.1016,6100.505566
7213,2006,CA,USF,MATHEWS,2006-08-23,2006-08-30,1,7,,67.0218,2000-2009,479396.4961,2842.328265
7214,2006,CA,NPS,BLAIR,2006-07-01,2006-07-02,1,1,1.0,66.48067,2000-2009,401913.0391,3038.882295
7215,2006,CA,CDF,WAKEFIELD,2006-06-28,2006-06-28,11,2,1.0,66.28175,2000-2009,436697.2891,3359.883485
7216,2006,CA,NPS,ENCINO,2006-08-26,2006-08-27,14,2,1.0,63.55169,2000-2009,376388.6914,3838.985858
7217,2006,CA,USF,WOODLEAF,2006-09-10,2006-09-15,16,6,1.0,63.25481,2000-2009,431281.8359,3021.614647
7218,2006,CA,CDF,BORDER 30,2006-12-05,2006-12-06,14,1,1.0,63.24062,2000-2009,361290.4883,3382.078607
7219,2006,CA,USF,POTTER,2006-07-24,2006-09-30,1,7,1.0,62.90231,2000-2009,455813.457,2923.332884
7220,2006,CA,NPS,SALINE,2006-07-11,2006-07-13,1,2,1.0,59.82695,2000-2009,375840.7148,2826.564211
7221,2006,CA,CDF,SQUIRREL,2006-07-27,2006-07-27,11,2,1.0,59.12315,2000-2009,394589.9531,3386.428266
7222,2006,CA,CDF,128,2006-07-07,2006-07-07,14,6,1.0,57.19833,2000-2009,377869.7383,2570.343695
7223,2006,CA,LRA,FAIRFIELD,2006-07-04,2006-07-04,9,6,1.0,55.48043,2000-2009,365088.875,2319.201511
7224,2006,CA,NPS,CIMA,2006-07-24,2006-07-24,1,1,1.0,53.98069,2000-2009,329485.9844,2419.98538
7225,2006,CA,USF,MC PHERSON,2006-06-19,2006-07-20,1,7,1.0,53.73969,2000-2009,323865.5234,2504.16531
7226,2006,CA,USF,MILLER DIV W,2006-06-28,2006-07-06,1,2,1.0,53.73069,2000-2009,386264.1875,2915.839935
7227,2006,CA,CDF,HORSESHOE,2006-08-29,2006-08-29,2,1,1.0,53.1609,2000-2009,346574.6055,2875.75914
7228,2006,CA,USF,SAGEBRUSH,2006-08-07,2006-08-09,1,6,,52.08449,2000-2009,380864.4258,2501.856276
7229,2006,CA,CDF,STINSON,2006-11-16,2006-11-17,5,1,1.0,51.52577,2000-2009,337400.6055,3609.289543
7230,2006,CA,CDF,SKUNK,2006-10-24,2006-10-24,10,1,1.0,51.29408,2000-2009,342049.0586,3958.530012
7231,2006,CA,USF,PINNACLE,2006-07-22,2006-08-01,1,6,,50.23081,2000-2009,365620.7813,2431.090504
7232,2006,CA,USF,RUNNING,2006-10-11,2006-10-11,7,8,1.0,49.27953,2000-2009,295563.8906,2723.383901
7233,2006,CA,BLM,BODFISH,2006-08-13,2006-08-13,14,1,1.0,49.06553,2000-2009,301174.3359,3274.977325
7234,2006,CA,CDF,SAND,2006-09-23,2006-09-23,2,1,1.0,48.89091,2000-2009,288867.8125,2755.01472
7235,2006,CA,USF,DEMOCRAT,2006-07-03,2006-07-04,10,6,1.0,48.38108,2000-2009,296245.8008,2389.918778
7236,2006,CA,NPS,VALLEY VIEW,2006-07-05,2006-07-05,1,1,1.0,48.14124,2000-2009,293308.793,3141.883035
7237,2006,CA,CDF,WILLOW,2006-07-23,2006-07-23,1,1,1.0,47.54665,2000-2009,299341.5898,2242.24319
7238,2006,CA,USF,MILLER DIV Y,2006-06-30,2006-07-05,1,1,1.0,46.03123,2000-2009,330614.5898,3071.15674
7239,2006,CA,CDF,51,2006-09-02,2006-09-03,2,1,1.0,43.79433,2000-2009,291626.7266,2719.92775
7240,2006,CA,CDF,67,2006-08-11,2006-08-11,10,6,1.0,43.39457,2000-2009,250012.3555,2136.29458
7241,2006,CA,CDF,ROLLINS,2006-08-19,2006-08-20,8,1,1.0,42.5501,2000-2009,286784.7578,2317.600262
7242,2006,CA,BLM,CAMP 2,2006-09-23,2006-09-25,7,1,1.0,41.66774,2000-2009,245410.082,2157.26745
7243,2006,CA,USF,MURKEN,2006-07-23,2006-07-23,7,1,1.0,41.61071,2000-2009,294398.3711,3263.880593
7244,2006,CA,USF,OLSON,2006-08-16,2006-08-16,2,1,1.0,40.89806,2000-2009,286000.6406,2510.389796
7245,2006,CA,CDF,HUMBUG,2006-07-19,2006-07-21,10,6,1.0,40.78145,2000-2009,296686.4063,2104.988319
7246,2006,CA,CDF,WARNERVILLE,2006-05-15,2006-05-15,2,2,1.0,40.69863,2000-2009,263750.3008,3146.8455
7247,2006,CA,CDF,FORESTHILL,2006-08-20,2006-08-20,14,1,1.0,40.03337,2000-2009,268039.4648,2550.900954
7248,2006,CA,CCO,FIGUEROA,2006-08-25,2006-08-25,14,2,1.0,39.63034,2000-2009,238087.2969,3124.478146
7249,2006,CA,USF,GIBONNEY,2006-07-19,2006-07-20,1,2,,39.41233,2000-2009,242387.5547,2357.157222
7250,2006,CA,USF,RED,2006-07-22,2006-08-01,1,1,,38.61722,2000-2009,281277.5156,3600.804153
7251,2006,CA,USF,FOOT,2006-07-06,2006-07-20,3,6,1.0,36.73726,2000-2009,252227.4492,1855.069905
7252,2006,CA,NPS,GLOBE,2006-07-06,2006-07-07,1,2,2.0,36.63218,2000-2009,221515.832,2304.727838
7253,2006,CA,CCO,LATIGO,2006-02-08,2006-02-09,10,1,1.0,36.62501,2000-2009,216606.5234,4464.855476
7254,2006,CA,BLM,BONNY,2006-06-01,2006-06-03,14,1,1.0,35.43719,2000-2009,206623.9492,2699.686686
7255,2006,CA,USF,MILLER DIV X,2006-06-26,2006-07-06,1,2,1.0,35.22613,2000-2009,253039.9766,2150.583921
7256,2006,CA,USF,DARK,2006-06-17,2006-06-19,9,4,1.0,34.99053,2000-2009,207801.5234,1876.935515
7257,2006,CA,USF,STEELE,2006-08-06,2006-08-23,1,1,,34.9265,2000-2009,254911.4336,3419.711937
7258,2006,CA,USF,WILLOW,2006-10-14,2006-10-16,4,1,1.0,34.58405,2000-2009,252993.5234,2842.009204
7259,2006,CA,BLM,KESWICK,2006-09-17,2006-09-26,9,6,1.0,33.97814,2000-2009,239068.1289,1952.406457
7260,2006,CA,CDF,CASTERLIN,2006-08-18,2006-08-20,11,7,1.0,33.94157,2000-2009,235834.1992,3156.668755
7261,2006,CA,NPS,WESTLAKE,2006-07-08,2007-07-09,2,2,1.0,33.9155,2000-2009,200861.043,2889.264083
7262,2006,CA,USF,BOULDER COMPLEX,2006-06-25,2006-07-12,1,1,1.0,33.88801,2000-2009,235280.3203,5703.344204
7263,2006,CA,USF,BOCA RESERVOIR,2006-09-19,2006-09-23,9,1,1.0,33.73855,2000-2009,229104.6914,2845.618832
7264,2006,CA,USF,CRAWFORD,2006-07-24,2006-08-06,1,1,1.0,33.55811,2000-2009,240919.1133,2586.372802
7265,2006,CA,BLM,FAY,2006-05-18,2006-05-18,9,1,1.0,32.9278,2000-2009,202486.3047,2901.083536
7266,2006,CA,USF,BUTTES,2006-06-27,2006-06-27,1,8,,30.99133,2000-2009,212836.1602,1849.836943
7267,2006,CA,CDF,ANGEL,2006-02-08,2006-02-12,7,6,1.0,30.62128,2000-2009,176994.5742,2453.459675
7268,2006,CA,USF,FRIEND,2006-08-18,2006-08-24,9,8,1.0,29.9705,2000-2009,209912.0078,2698.509627
7269,2006,CA,USF,CANYON,2006-06-25,2006-06-25,1,4,,28.63343,2000-2009,172232.7852,1630.159082
7270,2006,CA,USF,FITCH,2006-08-13,2006-08-15,1,8,,27.43702,2000-2009,190356.3438,1775.770371
7271,2006,CA,NPS,CRACK WFU,2006-08-05,2006-08-25,1,1,2.0,27.35833,2000-2009,199035.8047,2290.783125
7272,2006,CA,USF,SPILLWAY,2006-07-07,2006-07-08,9,8,1.0,27.18463,2000-2009,161749.2109,3133.32746
7273,2006,CA,NPS,FALLS,2006-06-28,2006-07-31,1,1,2.0,26.91507,2000-2009,175599.7461,2171.801563
7274,2006,CA,BLM,MULE,2006-09-19,2006-09-20,6,6,,26.80366,2000-2009,178705.0703,2160.317023
7275,2006,CA,CDF,PANOCHE INN,2006-07-23,2006-07-23,1,1,1.0,26.7354,2000-2009,168327.5664,1789.299591
7276,2006,CA,USF,BASS,2006-08-07,2006-08-13,1,8,,26.02439,2000-2009,183640.1758,2732.820813
7277,2006,NV,BLM,DOYLE,2006-07-15,2006-07-16,1,1,1.0,25.46643,2000-2009,175938.1758,1952.901483
7278,2006,CA,USF,BLUE 2,2006-07-25,2006-08-04,1,6,,25.37292,2000-2009,184820.3086,2816.232358
7279,2006,CA,USF,STONE,2006-09-24,2006-09-25,7,1,1.0,25.01275,2000-2009,162275.8359,2035.101305
7280,2006,CA,CDF,COTTONWOOD,2006-05-03,2006-05-04,5,1,1.0,24.63931,2000-2009,141527.3789,2032.195325
7281,2006,CA,BLM,KINGSTON 4,2006-07-06,2006-07-08,1,2,1.0,24.5622,2000-2009,151180.2305,1790.197975
7282,2006,CA,USF,PHILBROOK,2006-08-29,2006-08-30,4,1,1.0,24.14681,2000-2009,166894.9531,2282.876899
7283,2006,CA,USF,BIG BUCK,2006-07-24,2006-07-26,1,7,,23.25977,2000-2009,169667.2969,1877.405282
7284,2006,CA,USF,CLEAR,2006-08-07,2006-08-15,1,7,,23.15024,2000-2009,168326.9375,1774.955396
7285,2006,CA,USF,DONNELL,2006-08-30,2006-09-04,2,6,1.0,22.74347,2000-2009,149795.5742,1444.230178
7286,2006,CA,USF,CATHEDRAL,2006-09-04,2006-09-06,7,1,1.0,22.70428,2000-2009,151968.3555,2109.382293
7287,2006,CA,CDF,HAYFORK,2006-09-22,2006-09-22,7,6,1.0,22.64723,2000-2009,158936.5664,1627.913551
7288,2006,CA,CDF,HUMBUG#3,2006-07-19,2006-07-19,8,1,1.0,22.54613,2000-2009,164033.3633,2151.723183
7289,2006,CA,BLM,JACK,2006-09-24,2006-09-24,9,1,,22.41481,2000-2009,132046.1094,2208.952452
7290,2006,CA,USF,CLYDE,2006-08-09,2006-12-04,1,8,2.0,21.47836,2000-2009,136976.6211,3791.161311
7291,2006,CA,CDF,SCHRODER,2006-06-24,2006-06-26,1,6,,20.26276,2000-2009,143288.9688,1556.550007
7292,2006,CA,BLM,VALLEY,2006-06-07,2006-06-07,1,1,1.0,20.25356,2000-2009,123830.5156,1742.185652
7293,2006,CA,CDF,BUTTE,2006-08-27,2006-08-27,11,1,1.0,20.18813,2000-2009,147696.293,1887.14875
7294,2006,CA,USF,VISTA,2006-06-15,2006-06-15,9,8,1.0,20.0035,2000-2009,119856.7852,1573.743997
7295,2006,CA,CDF,BORDER 15,2006-07-15,2006-07-15,19,1,1.0,19.73611,2000-2009,112801.4258,1647.1552
7296,2006,CA,USF,FENDER,2006-08-21,2006-08-22,2,6,1.0,19.66903,2000-2009,139349.4961,1686.940757
7297,2006,CA,USF,BRIGHT,2006-07-23,2006-07-25,1,1,,19.33333,2000-2009,118337.9922,1656.347882
7298,2006,CA,USF,SHOOTING,2006-07-15,2006-07-17,9,1,1.0,18.33277,2000-2009,118573.7305,2723.760074
7299,2006,CA,USF,SPRINGS,2006-07-18,2006-07-18,7,8,1.0,18.1694,2000-2009,106939.4727,1275.499091
7300,2006,CA,USF,GRIDER,2006-07-23,2006-07-26,1,7,,17.35491,2000-2009,126142.5313,1370.282126
7301,2006,CA,CDF,LONG VALLEY,2006-07-05,2006-07-05,5,6,1.0,17.05786,2000-2009,107925.8398,1413.432181
7302,2006,CA,USF,SAGE,2006-06-25,2006-07-03,1,1,1.0,16.78787,2000-2009,116434.2969,1349.435103
7303,2006,CA,USF,INDIAN,2006-06-25,2006-06-30,1,1,1.0,16.31597,2000-2009,113160.9258,1764.672828
7304,2006,CA,USF,FLOURNOY,2006-06-27,2006-07-02,1,6,,15.68468,2000-2009,108446.9844,1670.814256
7305,2006,CA,CDF,LILAC,2006-06-19,2006-06-19,9,6,1.0,15.36526,2000-2009,89363.875,1256.509418
7306,2006,CA,USF,BROKE,2006-08-17,2006-08-17,9,1,1.0,15.32834,2000-2009,94126.46094,2039.061224
7308,2006,CA,BLM,HUNTER,2006-09-02,2006-09-02,9,6,,14.33735,2000-2009,92641.25391,1222.307795
7309,2006,CA,USF,YOUNG 1,2006-08-05,2006-08-10,1,1,,14.01786,2000-2009,101775.9297,1767.058385
7310,2006,CA,USF,SOLDIER,2006-07-24,2006-07-26,1,7,1.0,13.89276,2000-2009,95967.19141,1647.236466
7311,2006,CA,CDF,CLEAR CREEK,2006-12-30,2006-12-30,5,6,1.0,13.17995,2000-2009,82411.42188,1399.20249
7312,2006,CA,CDF,SHEEPY,2006-02-07,2006-02-07,1,1,1.0,12.38428,2000-2009,90636.19922,1650.571967
7313,2006,CA,NPS,POND WFU,2006-10-13,2006-11-08,1,1,1.0,12.05002,2000-2009,76053.28516,1352.437269
7314,2006,CA,NPS,GOLIATH,2006-05-16,2006-07-03,1,7,1.0,11.97978,2000-2009,75556.08203,1171.20942
7315,2006,CA,BLM,FOREST,2006-08-20,2006-08-20,5,6,,11.92228,2000-2009,79811.75781,1541.275838
7316,2006,CA,USF,DOG,2006-07-24,2006-07-30,1,8,,11.89361,2000-2009,83697.1875,1674.567712
7317,2006,CA,USF,CRAB,2006-07-16,2006-07-16,1,8,,11.69397,2000-2009,69494.76563,1056.985902
7318,2006,CA,USF,LUMSDEN,2006-08-11,2006-08-12,3,1,1.0,11.63748,2000-2009,75657.38672,1250.1953
7319,2006,CA,CDF,SAN JUAN,2006-08-01,2006-08-01,11,6,1.0,11.35209,2000-2009,71828.40234,1254.434834
7320,2006,CA,CDF,CAMPO,2006-12-02,2006-12-02,14,1,1.0,11.34105,2000-2009,64888.01953,1082.0003
7321,2006,CA,CDF,PIT,2006-05-14,2006-05-14,5,6,1.0,11.21892,2000-2009,79585.26953,1185.764235
7322,2006,CA,CDF,SARGEANTS CYN,2006-07-23,2006-07-23,11,1,1.0,11.19933,2000-2009,69292.08203,1339.059694
7323,2006,CA,CDF,DELUZ,2006-11-06,2006-11-07,14,6,1.0,11.08289,2000-2009,64604.27344,1089.768814
7324,2006,CA,USF,PARKS2,2006-07-25,2006-07-27,1,6,,10.77919,2000-2009,77291.99219,1258.788552
7325,2006,CA,USF,CORTEZ,2006-07-21,2006-07-22,1,1,,10.77139,2000-2009,66002.91797,1848.383033
7326,2006,CA,NPS,CHESEBRO,2006-05-24,2006-05-24,2,1,1.0,10.63332,2000-2009,63014.85547,1169.483288
7327,2006,CA,NPS,CRUZ,2006-11-10,2006-11-10,10,1,1.0,10.47074,2000-2009,61799.0,1345.619556
7328,2006,CA,CDF,NOCE,2006-10-26,2006-10-26,4,6,1.0,10.4346,2000-2009,69498.57813,1080.99218
7329,2006,CA,CDF,PROCTOR,2006-08-06,2006-08-07,14,1,1.0,9.092045,2000-2009,52089.53125,1282.721279
7330,2006,CA,CDF,PALA,2006-08-26,2006-08-26,14,6,1.0,8.21899,2000-2009,47786.36719,951.3682129
7331,2006,CA,NPS,BENEDICT CYN,2006-07-27,2006-07-27,14,2,1.0,7.994131,2000-2009,47303.45703,988.5803186
7332,2006,CA,CDF,PURDON,2006-09-07,2006-09-07,14,6,1.0,7.193327,2000-2009,48717.68359,956.8203065
7333,2006,CA,CDF,GUNN 2,2006-03-05,2006-03-05,9,1,1.0,6.948447,2000-2009,39749.40625,947.2303256
7334,2006,CA,USF,OAK,2006-07-16,2006-07-16,2,8,1.0,6.345342,2000-2009,37767.51563,982.0556565
7335,2006,CA,USF,MINNIE,2006-07-25,2006-07-27,1,6,1.0,4.801444,2000-2009,33183.24609,697.8172987
7336,2006,CA,CDF,CREEK,2006-06-26,2006-06-26,8,1,1.0,3.295757,2000-2009,23900.40234,656.0276907
7337,2006,CA,CDF,WEED,2006-05-31,2006-05-31,5,1,1.0,2.887855,2000-2009,20811.91797,701.347033
7338,2006,CA,CDF,CAMINO,2006-02-09,2006-02-09,14,6,1.0,2.787562,2000-2009,16180.27734,553.8356344
7339,2006,CA,CDF,SAGE,2006-07-27,2006-07-27,14,6,1.0,2.579984,2000-2009,17064.96875,650.3624165
7340,2006,CA,NPS,EAGLE,2006-07-22,2006-07-24,1,1,1.0,1.868484,2000-2009,11740.9375,621.011897
7341,2006,CA,CDF,RIO,2006-07-17,2006-07-17,8,5,1.0,1.349618,2000-2009,9457.734375,599.3377022
7342,2006,CA,CDF,BROWN,2006-09-06,2006-09-06,7,1,1.0,0.7857848,2000-2009,4897.246094,279.9970062
7343,2005,CA,NPS,WILDHORSE,2005-06-22,2005-07-07,1,8,1.0,63771.41,2000-2009,386564775.1,183958.0922
7344,2005,CA,CCO,TOPANGA,2005-09-28,2005-10-10,14,8,1.0,23396.39,2000-2009,138815034.4,168301.3688
7345,2005,CA,BLM,CHINA LAKE,2005-07-18,2005-07-24,16,2,1.0,10357.57,2000-2009,64054324.71,47317.38285
7346,2005,CA,NPS,COMB,2005-07-22,2005-12-01,1,2,2.0,9756.467,2000-2009,61730955.86,68042.11222
7347,2005,CA,NPS,HACKBERRY,2005-06-22,2005-07-07,1,8,1.0,7157.852,2000-2009,43330573.79,44018.90173
7348,2005,CA,CDF,WOODHOUSE,2005-10-05,2005-10-07,6,2,1.0,6532.973,2000-2009,38524675.38,32174.27543
7349,2005,CA,CDF,TESLA,2005-07-19,2005-07-20,7,2,1.0,6440.356,2000-2009,41658928.07,50941.35896
7350,2005,CA,USF,BLAISDELL,2005-08-31,2005-08-31,4,7,1.0,5491.788,2000-2009,32318015.62,30958.7494
7351,2005,CA,CDF,COWPIE,2005-08-01,2005-08-01,9,6,1.0,4983.383,2000-2009,31524398.78,34865.61696
7352,2005,CA,CCO,SCHOOL INCIDENT,2005-11-18,2005-11-21,11,2,1.0,3892.234,2000-2009,23141776.31,24957.75141
7353,2005,CA,CDF,BORDER#50,2005-10-05,2005-10-05,9,1,1.0,3862.903,2000-2009,22076590.06,32141.48072
7354,2005,CA,NPS,KINGSTON,2005-07-22,2005-07-24,1,2,1.0,3334.858,2000-2009,20564097.68,33587.13007
7355,2005,CA,USF,WOOLEY,2005-09-20,2005-09-21,1,7,1.0,3224.143,2000-2009,23272082.27,32578.19128
7356,2005,CA,CDF,PARADISE,2005-06-22,2005-06-25,14,1,1.0,3081.726,2000-2009,18212327.11,40194.45071
7357,2005,CA,CDF,MILLWOOD,2005-07-07,2005-07-07,14,8,1.0,2901.62,2000-2009,18215480.78,17609.62847
7358,2005,CA,CDF,36,2005-08-10,2005-08-11,4,7,1.0,2875.871,2000-2009,20033991.02,24694.19417
7359,2005,CA,CCO,GORMAN,2005-09-03,2005-09-06,14,8,1.0,2515.941,2000-2009,15139227.95,25755.71114
7360,2005,CA,CDF,FIVE,2005-06-04,2005-06-05,1,8,1.0,2371.546,2000-2009,14875927.95,19475.25635
7361,2005,CA,USF,HARDING,2005-08-24,2005-08-27,9,2,1.0,2265.666,2000-2009,15478708.27,23433.02762
7362,2005,CA,BIA,SOBOBA,2005-06-22,2005-06-24,9,2,1.0,2076.458,2000-2009,12205233.85,20389.9532
7363,2005,CA,CDF,PIONEER,2005-06-19,2005-06-20,14,2,1.0,1877.539,2000-2009,11128952.59,18247.74557
7364,2005,CA,CDF,MANTON,2005-08-26,2005-08-29,5,3,1.0,1822.23,2000-2009,12747049.32,22577.32386
7365,2005,CA,CCO,PINE,2005-09-21,2005-09-21,1,7,1.0,1814.477,2000-2009,11114043.26,22009.19495
7366,2005,CA,USF,DEER,2005-08-09,2005-08-18,2,2,1.0,1719.767,2000-2009,11661987.89,23325.54409
7367,2005,CA,NPS,HORSESHOE,2005-09-09,2005-11-29,1,1,2.0,1526.73,2000-2009,10691812.5,18570.49116
7368,2005,CA,CDF,JOHNSON,2005-09-04,2005-09-04,2,2,1.0,1383.122,2000-2009,8687953.426,19972.52958
7369,2005,CA,USF,CRAG,2005-07-24,2005-10-15,1,1,1.0,1185.201,2000-2009,7363465.41,31210.57766
7370,2005,CA,CCO,MUNZ,2005-06-27,2005-06-28,7,8,1.0,1183.535,2000-2009,7101765.727,22936.36756
7371,2005,CA,USF,NINE,2005-07-09,2005-07-10,9,1,1.0,1149.692,2000-2009,7068933.594,18620.48935
7372,2005,CA,CCO,YORBA LINDA,2005-07-05,2005-07-08,8,1,1.0,1078.504,2000-2009,6354590.141,18434.91994
7373,2005,CA,NPS,WAPAMA WFU,2005-09-26,2005-11-04,1,2,2.0,1057.319,2000-2009,6897572.754,13819.7696
7374,2005,CA,CDF,BAILEY,2005-07-02,2005-07-02,14,1,1.0,1024.539,2000-2009,6561777.609,12730.06915
7375,2005,CA,CDF,SAN TIMOTEO,2005-09-28,2005-09-28,2,2,1.0,1014.641,2000-2009,5985910.871,12615.73164
7376,2005,CA,NPS,TOWNES,2005-07-28,2005-07-29,1,1,1.0,1004.886,2000-2009,6297600.777,9495.505062
7377,2005,CA,CCO,TOVEY,2005-07-05,2005-07-08,14,1,1.0,983.473,2000-2009,5879855.313,17471.37433
7378,2005,CA,NPS,HALLORAN,2005-08-03,2005-08-03,1,2,1.0,981.3163,2000-2009,5989030.68,11848.03239
7379,2005,CA,CDF,LOS BANOS,2005-09-20,2005-09-20,1,6,1.0,942.1179,2000-2009,5966491.5,9971.856951
7380,2005,CA,CCO,HIGH,2005-07-09,2005-07-10,7,7,1.0,941.8231,2000-2009,5706062.109,16225.2637
7381,2005,CA,USF,THURMAN,2005-10-05,2005-10-06,10,7,1.0,938.6616,2000-2009,5555970.371,14315.81683
7382,2005,CA,CCO,SPRING,2005-07-08,2005-07-10,10,7,1.0,828.3778,2000-2009,4993452.871,11352.95613
7383,2005,CA,CCO,BLUE,2005-07-26,2005-07-26,14,7,1.0,774.8641,2000-2009,4771467.277,12398.76401
7384,2005,CA,CDF,CLOVER,2005-09-16,2005-09-19,14,2,1.0,771.6003,2000-2009,5201161.098,18618.90344
7385,2005,CA,CDF,RED,2005-07-27,2005-07-28,14,8,1.0,764.7642,2000-2009,4719300.695,10152.71516
7386,2005,CA,CCO,LEHIGH,2005-06-02,2005-06-02,14,7,1.0,764.6736,2000-2009,4636482.262,15748.02756
7387,2005,CA,CDF,LA PALOMA,2005-09-20,2005-09-20,1,1,1.0,751.3079,2000-2009,4833437.398,12261.71777
7388,2005,CA,CDF,LICHENS,2005-09-17,2005-09-18,18,1,1.0,746.627,2000-2009,5433163.762,14591.11206
7389,2005,CA,CDF,DOS AMIGOS,2005-06-03,2005-06-03,10,6,1.0,746.0347,2000-2009,4730643.855,12764.51513
7390,2005,CA,CDF,APRICOT,2005-05-17,2005-05-18,4,1,1.0,667.1227,2000-2009,4201922.637,9225.773301
7391,2005,CA,NPS,BUTTE VALLEY,2005-07-29,2005-07-30,1,4,1.0,665.1121,2000-2009,4112763.527,9578.101403
7392,2005,CA,CCO,RIDGE,2005-11-27,2005-11-28,7,7,1.0,659.1056,2000-2009,4025406.781,14735.3868
7393,2005,CA,USF,HOGBACK,2005-07-22,2005-08-05,1,2,1.0,655.0291,2000-2009,4153256.52,12066.71616
7394,2005,CA,CCO,CARO,2005-07-03,2005-07-03,3,7,1.0,639.0505,2000-2009,3912686.352,9460.033355
7395,2005,CA,CDF,VOLCAN,2005-09-06,2005-09-09,7,1,1.0,617.5821,2000-2009,3574121.766,9785.598405
7396,2005,CA,NPS,KINGSTON 3,2005-09-11,2005-09-14,1,2,1.0,609.9161,2000-2009,3757758.914,12351.78468
7397,2005,CA,NPS,KINGSTON 2,2005-07-29,2005-08-01,1,2,1.0,590.6748,2000-2009,3634552.238,10834.56985
7398,2005,CA,CDF,QUARTZ,2005-07-25,2005-07-27,14,1,1.0,547.3606,2000-2009,3495714.715,9037.749527
7399,2005,CA,CDF,LAGUNA 2,2005-07-30,2005-07-30,10,6,1.0,545.0051,2000-2009,3452329.586,8775.850123
7401,2005,CA,NPS,LAUEREL WFU,2005-09-26,2005-11-04,1,2,2.0,477.191,2000-2009,3116954.012,11252.16709
7402,2005,CA,CCO,HWY 65,2005-05-24,2005-05-24,14,7,1.0,450.4506,2000-2009,2761346.152,6796.077736
7403,2005,CA,CCO,SODA,2005-06-04,2005-06-04,2,7,1.0,449.4977,2000-2009,2713642.691,10798.40489
7404,2005,CA,CDF,BRUNS,2005-07-19,2005-07-19,14,1,1.0,445.196,2000-2009,2889232.836,10289.97401
7405,2005,CA,CDF,HORSESHOE,2005-09-06,2005-09-06,14,6,1.0,439.6098,2000-2009,2848094.402,8240.048654
7406,2005,CA,USF,BAGLEY,2005-11-07,2005-11-27,1,6,1.0,433.0985,2000-2009,3079781.758,8309.110097
7407,2005,CA,CDF,RANCH,2005-07-25,2005-07-25,4,2,1.0,427.4213,2000-2009,2973638.406,7639.3097
7408,2005,CA,CDF,URROTIA,2005-09-15,2005-09-15,14,1,1.0,420.4244,2000-2009,2673836.688,12363.00026
7409,2005,CA,CCO,CRANE,2005-09-25,2005-09-26,11,7,1.0,412.8019,2000-2009,2484264.535,8791.202028
7410,2005,CA,CCO,AQUEDUCT,2005-08-13,2005-08-13,9,7,1.0,410.6077,2000-2009,2505026.297,7128.958752
7411,2005,CA,CDF,KOOPMAN,2005-07-26,2005-07-26,7,1,1.0,395.2462,2000-2009,2553179.184,9800.968065
7412,2005,CA,CDF,RUMSEY 2,2005-10-12,2005-10-13,9,2,1.0,392.0704,2000-2009,2624599.703,7211.186713
7413,2005,CA,CDF,WENTZEL,2005-08-01,2005-08-01,2,2,1.0,387.1849,2000-2009,2534999.961,12637.52975
7415,2005,CA,NPS,KERN,2005-10-27,2005-12-03,1,1,2.0,361.3871,2000-2009,2260019.969,10812.62067
7416,2005,CA,CCO,ELK,2005-07-17,2005-07-17,9,7,1.0,358.684,2000-2009,2179477.227,9260.188574
7417,2005,CA,CDF,AIRPORT_VASCO,2005-06-04,2005-06-05,10,1,1.0,347.8554,2000-2009,2260339.184,9346.376114
7418,2005,CA,CDF,BORDER#44,2005-09-02,2005-09-03,19,6,1.0,340.4808,2000-2009,1946721.145,5686.06476
7419,2005,CA,CDF,SAN LUIS,2005-07-11,2005-07-11,10,6,1.0,332.2597,2000-2009,2116414.094,7712.895808
7420,2005,CA,CDF,FOLEY,2005-08-25,2005-08-25,4,7,1.0,324.6967,2000-2009,2216203.125,6067.944016
7421,2005,CA,CDF,BRAGDON,2005-07-01,2005-07-03,14,1,1.0,311.3625,2000-2009,2027186.129,10810.02962
7422,2005,CA,CDF,ELM,2005-06-02,2005-06-04,14,2,1.0,271.6541,2000-2009,1599621.172,6366.106942
7423,2005,CA,CDF,PLEASURE,2005-09-16,2005-09-17,4,6,1.0,261.4779,2000-2009,1730601.242,6404.30417
7424,2005,CA,CDF,LAGUNA,2005-09-26,2005-09-26,14,6,1.0,260.2891,2000-2009,1649590.824,5663.533769
7425,2005,CA,CDF,BORDER#48,2005-09-30,2005-10-01,19,6,1.0,257.1609,2000-2009,1470258.715,4938.796954
7427,2005,CA,CDF,WARM SPRINGS,2005-04-07,2005-04-07,7,6,1.0,249.2337,2000-2009,1599110.699,5793.719245
7428,2005,CA,BLM,SIERRA,2005-06-30,2005-06-30,1,1,1.0,249.0065,2000-2009,1493229.117,5789.800962
7429,2005,CA,CDF,MEAT_TRUCK,2005-08-27,2005-08-27,10,1,1.0,248.8138,2000-2009,1603282.945,6166.786665
7430,2005,CA,CDF,ENGINEERS,2005-08-29,2005-08-29,2,6,1.0,239.4,2000-2009,1533610.91,9214.526819
7431,2005,CA,CCO,RANGE,2005-07-19,2005-07-19,7,8,1.0,238.9379,2000-2009,1432929.797,6491.056785
7432,2005,CA,USF,SKYE,2005-10-06,2005-10-10,19,1,1.0,230.2006,2000-2009,1319794.648,8477.376057
7433,2005,CA,CCO,SHERWOOD,2005-05-27,2005-05-27,14,7,1.0,230.1306,2000-2009,1413791.633,5775.555958
7434,2005,CA,CDF,CRESTON,2005-07-23,2005-07-23,2,1,1.0,230.0945,2000-2009,1409015.898,5610.422521
7435,2005,CA,CDF,HIGHWAY 128,2005-09-13,2005-09-13,14,2,1.0,227.1998,2000-2009,1504410.305,5164.542362
7436,2005,CA,CDF,HIGHWAY,2005-09-15,2005-09-17,10,8,1.0,225.8012,2000-2009,1541928.227,6649.32924
7437,2005,CA,NPS,CLARK,2005-07-20,2005-07-21,1,8,1.0,221.3639,2000-2009,1356382.625,5876.586168
7438,2005,CA,CDF,POPPET,2005-06-16,2005-06-21,18,2,1.0,220.77,2000-2009,1298896.27,7106.293071
7439,2005,CA,CCO,STATION,2005-07-15,2005-07-15,10,7,1.0,208.3003,2000-2009,1278583.168,5764.167285
7440,2005,CA,USF,BUCK,2005-08-08,2005-08-10,2,1,1.0,204.4056,2000-2009,1495461.367,7856.933904
7441,2005,CA,CDF,BYRON,2005-06-29,2005-06-29,14,1,1.0,202.8287,2000-2009,1316419.5,6164.997464
7442,2005,CA,CDF,HATCHERY,2005-09-28,2005-09-28,2,6,1.0,200.118,2000-2009,1183583.457,4664.776388
7443,2005,CA,CDF,BELLA,2005-09-05,2005-09-07,2,1,1.0,198.5372,2000-2009,1160431.48,6151.879431
7444,2005,CA,CDF,GORDON,2005-10-02,2005-10-02,9,6,1.0,193.768,2000-2009,1275618.914,5307.080008
7445,2005,CA,CDF,152,2005-06-14,2005-06-14,14,7,1.0,193.6126,2000-2009,1232937.852,8082.803626
7446,2005,CA,BLM,SEGS,2005-07-19,2005-07-19,1,1,1.0,191.7701,2000-2009,1155729.918,5790.58169
7447,2005,CA,CDF,INDIAN 2,2005-09-09,2005-09-09,4,2,1.0,188.7452,2000-2009,1114126.883,5593.664214
7448,2005,CA,CDF,LEWIS CREEK,2005-07-24,2005-07-24,11,6,1.0,182.4092,2000-2009,1138343.02,4157.336365
7449,2005,CA,BLM,GRASSHOPPER,2005-06-12,2005-06-12,2,1,1.0,180.5607,2000-2009,1093503.242,4998.777202
7450,2005,CA,CCO,SAN CLEMENTE,2005-07-13,2005-07-13,14,8,1.0,179.3562,2000-2009,1052707.66,7377.707275
7451,2005,CA,USF,GEARY,2005-09-04,2005-09-08,7,1,1.0,175.4118,2000-2009,1262002.219,4938.470301
7452,2005,CA,LRA,CON ASST 13_DIAMOND,2005-07-06,2005-07-06,7,1,1.0,162.6663,2000-2009,1060473.148,6946.709376
7453,2005,CA,CDF,BROWN,2005-08-23,2005-08-24,14,7,1.0,162.5525,2000-2009,1157541.195,4855.159625
7454,2005,CA,CDF,BLUE,2005-08-05,2005-08-05,2,6,1.0,157.1962,2000-2009,960466.3359,4452.481228
7455,2005,CA,CDF,NOBLE,2005-07-21,2005-07-21,1,1,1.0,155.5704,2000-2009,992531.8984,5152.382003
7456,2005,CA,USF,PINYON,2005-07-22,2005-08-24,1,2,1.0,154.7571,2000-2009,980144.5781,4623.191931
7457,2005,CA,CDF,SPRUCE,2005-08-21,2005-08-21,2,2,1.0,153.7199,2000-2009,1026983.527,4027.527898
7458,2005,CA,CDF,COTTONWOOD,2005-09-01,2005-09-01,10,6,1.0,152.1135,2000-2009,969213.5234,4256.821581
7459,2005,CA,CCO,D,2005-06-27,2005-06-28,14,8,1.0,147.3097,2000-2009,885478.8789,7899.665959
7460,2005,CA,CDF,PG&E #15,2005-11-08,2005-11-08,11,2,1.0,146.2431,2000-2009,955074.0898,5737.421241
7461,2005,CA,CDF,GENESEO,2005-08-18,2005-08-18,14,1,1.0,141.1954,2000-2009,866375.582,5265.936372
7462,2005,CA,CCO,PALMDALE,2005-07-01,2005-07-01,7,8,1.0,140.4415,2000-2009,840639.7031,4439.386166
7463,2005,CA,CDF,GRUNDER,2005-09-12,2005-09-12,10,1,1.0,136.6231,2000-2009,887488.6523,4731.908631
7464,2005,CA,CCO,QUINN,2005-08-01,2005-08-01,2,8,1.0,135.9906,2000-2009,811177.4805,5069.698341
7465,2005,CA,CCO,OAK,2005-06-25,2005-06-25,2,8,1.0,133.6879,2000-2009,798078.8203,6832.665099
7466,2005,CA,NPS,ECHO WFU,2005-07-21,2005-09-27,1,2,2.0,133.1618,2000-2009,864024.7383,5365.727182
7467,2005,CA,BLM,OPAL,2005-05-29,2005-05-29,14,1,1.0,131.0814,2000-2009,793862.082,6318.532398
7468,2005,CA,CCO,QUARTZ,2005-07-06,2005-07-06,14,8,1.0,127.2757,2000-2009,763276.2109,4892.639966
7469,2005,CA,USF,HAUSER,2005-07-14,2005-07-16,4,6,1.0,123.6037,2000-2009,708003.0977,3864.080635
7470,2005,CA,CDF,OAK HILL,2005-05-21,2005-05-21,2,6,1.0,121.7351,2000-2009,725030.5117,4207.190305
7471,2005,CA,NPS,BUENA VISTA WFU,2005-07-21,2005-09-27,1,2,2.0,120.9778,2000-2009,782402.5977,4327.085909
7472,2005,CA,BLM,WELLS,2005-08-27,2005-08-28,1,2,1.0,120.2063,2000-2009,734068.0469,4045.932848
7473,2005,CA,CDF,BORDER#31,2005-07-29,2005-07-31,19,6,1.0,115.3146,2000-2009,658936.4219,3997.401373
7474,2005,CA,USF,COUGAR,2005-08-05,2005-08-25,9,1,1.0,114.8449,2000-2009,834991.8594,9088.16306
7475,2005,CA,CDF,PROCTOR,2005-07-23,2005-07-23,1,1,1.0,112.7554,2000-2009,645823.8633,6004.046688
7476,2005,CA,CDF,GARDEN,2005-09-24,2005-09-24,10,6,1.0,110.1062,2000-2009,739188.0234,3725.268637
7477,2005,CA,CDF,BNSF,2005-06-13,2005-06-14,6,1,1.0,109.911,2000-2009,717700.8945,4497.454753
7478,2005,CA,NPS,CRYSTAL WFU,2005-07-21,2005-09-27,1,2,2.0,104.7096,2000-2009,679327.6563,5574.505071
7479,2005,CA,CDF,BOREL,2005-08-27,2005-08-27,2,6,1.0,104.5349,2000-2009,611032.8633,3801.186731
7480,2005,CA,CDF,TWIN,2005-09-26,2005-09-26,10,5,1.0,103.5365,2000-2009,682632.2656,5015.885788
7481,2005,CA,USF,CHIMINEAS,2005-07-01,2005-07-03,9,1,1.0,100.317,2000-2009,608607.1992,4064.487435
7482,2005,CA,CDF,ROCK,2005-07-26,2005-07-27,1,6,1.0,99.37663,2000-2009,579033.543,3220.667198
7483,2005,CA,CDF,FISHER,2005-08-28,2005-08-30,14,2,1.0,98.78827,2000-2009,659373.8047,3216.600497
7484,2005,CA,NPS,PROSPECT PEAK,2005-07-17,2005-09-30,18,7,1.0,97.99862,2000-2009,687750.3789,4811.812051
7485,2005,CA,CDF,MYERS,2005-06-26,2005-06-26,10,6,1.0,91.91931,2000-2009,592686.5664,4016.35866
7486,2005,CA,CDF,RIVER,2005-03-30,2005-03-31,14,6,1.0,86.45296,2000-2009,555268.0742,3291.076895
7487,2005,CA,NPS,HARDEN WFU,2005-09-26,2005-11-04,1,2,2.0,83.65078,2000-2009,544573.8984,4318.155338
7488,2005,CA,CDF,BORDER#33,2005-07-31,2005-07-31,19,6,1.0,81.55564,2000-2009,466017.4063,3464.047956
7489,2005,CA,NPS,BACKDOOR,2005-08-25,2005-08-26,14,1,1.0,81.27315,2000-2009,527695.9141,3748.859801
7490,2005,CA,BLM,BENT,2005-06-22,2005-06-22,1,1,1.0,78.83522,2000-2009,474237.7813,3773.91634
7491,2005,CA,CDF,CONVERSE,2005-09-17,2005-09-17,14,7,1.0,78.25121,2000-2009,507766.7969,4575.585046
7492,2005,CA,LRA,CON ASSIST 11_DOLAN,2005-07-05,2005-07-05,7,1,1.0,77.58133,2000-2009,506269.5742,3554.807841
7493,2005,CA,BLM,MARSHES,2005-07-01,2005-07-01,11,1,1.0,76.2979,2000-2009,498151.7383,3989.198089
7494,2005,CA,BLM,CLAY RIVER,2005-07-08,2005-07-08,1,1,1.0,75.49233,2000-2009,455127.6602,3360.422521
7495,2005,CA,CDF,PRESTON,2005-09-25,2005-09-25,14,1,1.0,75.32965,2000-2009,482030.0,3826.464196
7496,2005,CA,BLM,GOLDEN,2005-08-05,2005-08-05,2,2,1.0,74.7608,2000-2009,453521.2578,2786.706741
7497,2005,CA,USF,BRECK,2005-07-29,2005-07-29,9,1,1.0,74.45398,2000-2009,454365.0664,3940.914597
7498,2005,CA,BLM,SIXTH,2005-07-12,2005-07-12,14,1,1.0,73.53339,2000-2009,453909.4727,3875.887576
7499,2005,CA,CDF,WARREN,2005-07-01,2005-07-01,2,6,1.0,72.73019,2000-2009,427188.5703,2911.083336
7500,2005,CA,NPS,BARBER,2005-07-31,2005-07-31,1,2,1.0,71.39038,2000-2009,432041.6484,3298.877198
7501,2005,CA,CDF,BRANDT,2005-06-01,2005-06-01,2,1,1.0,71.00386,2000-2009,465111.3203,3756.331219
7502,2005,CA,USF,KOA,2005-07-05,2005-07-05,9,1,1.0,70.52538,2000-2009,433195.2891,4484.599221
7503,2005,CA,USF,BARTON,2005-07-05,2005-07-07,1,2,1.0,69.78516,2000-2009,413560.5156,3286.283589
7504,2005,CA,BLM,EAGLE,2005-08-23,2005-08-24,1,1,1.0,69.65049,2000-2009,426723.1367,4460.463726
7505,2005,CA,CDF,RANCHO SAN CARLOS,2005-08-11,2005-08-11,2,1,1.0,66.83495,2000-2009,418880.0117,4306.899604
7506,2005,CA,CDF,PAUMA,2005-07-05,2005-07-05,14,1,1.0,65.13988,2000-2009,378750.0,3256.914686
7507,2005,CA,BLM,CECIL 2,2005-06-28,2005-06-28,14,2,1.0,65.12801,2000-2009,384028.6602,4005.553912
7508,2005,CA,CDF,COTTONWOOD,2005-08-02,2005-08-18,10,1,1.0,64.27149,2000-2009,396019.4727,3192.161181
7509,2005,CA,USF,PORTAL,2005-07-21,2005-07-23,1,2,1.0,62.61414,2000-2009,393952.3438,2587.951748
7510,2005,CA,CDF,HWY 4 #3,2005-06-21,2005-06-21,10,1,1.0,62.59212,2000-2009,407921.2695,4283.890238
7511,2005,CA,CDF,RUMSEY,2005-07-03,2005-07-03,9,6,1.0,61.74451,2000-2009,413502.6445,2908.948616
7512,2005,CA,BLM,PENN,2005-06-25,2005-06-25,11,6,1.0,60.77123,2000-2009,399163.4922,2335.939461
7513,2005,CA,CDF,MAGEE,2005-09-28,2005-09-28,14,6,1.0,58.89873,2000-2009,342888.5117,3951.86842
7514,2005,CA,CDF,PG&E #7,2005-06-25,2005-06-25,11,1,1.0,58.80748,2000-2009,386286.4219,3462.180423
7515,2005,CA,BLM,CLIPPER2,2005-07-02,2005-07-02,14,1,1.0,57.5164,2000-2009,345961.2891,5455.050041
7516,2005,CA,CDF,LOWES CYN,2005-06-16,2005-06-16,11,1,1.0,54.63295,2000-2009,336846.9375,3563.26411
7517,2005,CA,CDF,ARROW IC,2005-06-21,2005-06-21,2,6,1.0,54.39982,2000-2009,331168.0547,2315.074068
7518,2005,CA,BLM,HUSKY,2005-06-04,2005-06-05,9,6,1.0,53.66596,2000-2009,326054.2148,2696.503717
7519,2005,CA,CDF,MARKLEY,2005-07-06,2005-07-06,4,6,1.0,52.54495,2000-2009,347793.2773,2738.863512
7520,2005,CA,CDF,810,2005-07-01,2005-07-01,2,6,1.0,52.07279,2000-2009,333951.3047,2578.320201
7521,2005,CA,CDF,CHURCH,2005-07-05,2005-07-05,14,1,1.0,50.89993,2000-2009,291366.1875,2630.639768
7522,2005,CA,BLM,PENO BLANC,2005-08-07,2005-08-07,2,6,1.0,49.64883,2000-2009,321693.8789,3282.099501
7523,2005,CA,CDF,600,2005-06-01,2005-06-01,14,6,1.0,48.67229,2000-2009,309986.9805,3453.442214
7524,2005,CA,BLM,MOJAVE,2005-08-08,2005-08-11,1,1,1.0,48.65248,2000-2009,293674.4336,3302.908464
7525,2005,CA,CDF,HIGHWAY,2005-05-22,2005-05-23,3,6,1.0,48.30418,2000-2009,284631.7773,3460.599056
7526,2005,CA,CDF,DINOSAUR,2005-07-31,2005-07-31,14,6,1.0,45.7179,2000-2009,291184.2461,2800.034765
7527,2005,CA,CDF,BORDER#26,2005-07-19,2005-07-19,8,6,1.0,45.34185,2000-2009,259136.7383,3202.172061
7528,2005,CA,USF,BEACH,2005-07-20,2005-07-20,1,6,1.0,45.31911,2000-2009,295584.6797,2151.264256
7529,2005,CA,CDF,IDYLLWILD,2005-09-04,2005-09-04,14,6,1.0,45.28365,2000-2009,266712.2031,2754.378079
7530,2005,CA,CDF,RINCON#15,2005-09-29,2005-09-29,7,6,1.0,44.80779,2000-2009,260178.5977,2661.864371
7531,2005,CA,CDF,800,2005-06-30,2005-06-30,14,6,1.0,44.35051,2000-2009,283976.7695,2200.475819
7532,2005,CA,CDF,BEAUTY,2005-07-21,2005-07-21,1,2,1.0,43.76506,2000-2009,254778.2266,2833.765264
7533,2005,CA,CDF,ALTMAN,2005-07-31,2005-07-31,2,6,1.0,43.66135,2000-2009,282384.4805,2178.446853
7535,2005,CA,USF,WALKER,2005-08-07,2005-08-07,1,1,1.0,41.0536,2000-2009,252195.832,1974.080406
7536,2005,CA,BLM,I-40,2005-06-30,2005-06-30,14,1,1.0,40.82243,2000-2009,245781.9492,2386.959673
7537,2005,CA,CDF,RAILROAD,2005-06-11,2005-06-11,6,1,1.0,40.28241,2000-2009,230532.4453,2073.679389
7538,2005,CA,BLM,INTERSTATE,2005-07-02,2005-07-02,1,1,1.0,39.89291,2000-2009,235043.6133,3037.221103
7539,2005,CA,USF,WISHON,2005-07-27,2005-07-27,9,1,1.0,39.15746,2000-2009,243595.0625,1969.293523
7540,2005,CA,CDF,SHOSHONI,2005-08-24,2005-08-24,5,6,1.0,37.79728,2000-2009,268482.793,2108.906172
7541,2005,CA,CDF,GILARDI 1,2005-08-19,2005-08-19,2,1,1.0,37.72938,2000-2009,229970.8164,2321.498753
7542,2005,CA,CDF,RIBBONWOOD,2005-06-26,2005-06-26,8,1,1.0,35.56261,2000-2009,203749.1445,2289.487948
7543,2005,CA,BLM,EL MIRAGE,2005-08-27,2005-08-27,1,1,1.0,34.75328,2000-2009,208495.7539,3561.885334
7544,2005,CA,CDF,BORDER#6,2005-05-15,2005-05-15,19,1,1.0,34.67287,2000-2009,198369.4219,2156.142343
7545,2005,CA,USF,MCGEE,2005-07-03,2005-07-13,7,6,1.0,34.12565,2000-2009,221625.0859,2850.74024
7546,2005,CA,USF,BLACK ROCK,2005-08-09,2005-08-10,9,6,1.0,33.07837,2000-2009,209810.1563,2906.608582
7547,2005,CA,BLM,KESWICK,2005-08-01,2005-08-01,10,1,1.0,32.32959,2000-2009,227330.5234,2156.12514
7548,2005,CA,CDF,DONOVAN,2005-07-24,2005-07-24,10,6,1.0,32.0484,2000-2009,196287.2539,1961.101415
7549,2005,CA,USF,MUDD,2005-09-23,2005-09-23,9,1,1.0,31.79669,2000-2009,204123.2227,6808.517893
7550,2005,CA,USF,BELL,2005-09-22,2005-09-22,6,1,1.0,30.99305,2000-2009,213164.3164,2267.386677
7551,2005,CA,USF,FORK,2005-09-22,2005-09-25,4,2,1.0,29.69156,2000-2009,200360.5078,2548.316239
7552,2005,CA,CDF,WRIGHT,2005-06-08,2005-06-08,14,1,1.0,29.49736,2000-2009,188752.582,2207.05032
7553,2005,CA,CDF,MILLERTON,2005-11-26,2005-11-26,1,6,1.0,29.19608,2000-2009,185727.3438,1977.419348
7554,2005,CA,CDF,MUSTANG,2005-08-09,2005-08-09,5,1,1.0,29.15005,2000-2009,181302.375,1899.517694
7555,2005,CA,CDF,COTTON C,2005-08-25,2005-08-25,10,1,1.0,28.31183,2000-2009,174387.8516,1886.246876
7556,2005,CA,USF,FAIRWAY,2005-08-06,2005-08-08,8,6,1.0,26.50044,2000-2009,158446.9688,2764.250828
7557,2005,CA,CDF,VALLEY,2005-09-14,2005-09-14,7,1,1.0,26.0955,2000-2009,163021.7773,2070.600982
7558,2005,CA,USF,MOUNTAIN,2005-11-19,2005-11-21,5,6,1.0,25.80359,2000-2009,171158.4883,4630.598026
7559,2005,CA,CDF,SPICE,2005-10-13,2005-10-13,14,1,1.0,25.27591,2000-2009,144788.5078,1993.441455
7560,2005,CA,CDF,BRADLEY,2005-05-20,2005-05-20,11,1,1.0,24.20928,2000-2009,149617.5977,2785.383611
7561,2005,CA,USF,ROCKY,2005-09-15,2005-09-16,9,1,1.0,24.1305,2000-2009,171362.1172,2289.527691
7562,2005,CA,CDF,SERENITY,2005-09-16,2005-09-16,7,8,1.0,23.81597,2000-2009,157952.043,1867.012871
7563,2005,CA,CDF,RATTLESNAKE,2005-09-26,2005-09-26,1,1,1.0,23.40448,2000-2009,149171.9727,1928.376328
7564,2005,CA,CDF,CREEKSIDE,2005-08-12,2005-08-12,8,6,1.0,23.28835,2000-2009,146585.418,1622.834272
7565,2005,CA,CDF,BATES,2005-09-26,2005-09-26,1,6,1.0,23.16283,2000-2009,147714.0938,1539.777499
7566,2005,CA,BLM,CREEKSIDE,2005-08-12,2005-08-12,8,1,1.0,23.03329,2000-2009,144989.7656,1725.404053
7567,2005,CA,USF,DUMP,2005-08-01,2005-08-01,9,6,1.0,22.9763,2000-2009,146987.6094,2652.687992
7568,2005,CA,USF,NORTH,2005-07-24,2005-09-25,1,6,1.0,21.96268,2000-2009,136180.5859,1637.249124
7569,2005,CA,CDF,BORDER#49,2005-10-05,2005-10-05,19,6,1.0,21.9096,2000-2009,125274.0742,1934.07283
7570,2005,CA,CDF,MYSTERY,2005-05-25,2005-05-25,14,6,1.0,21.7425,2000-2009,138341.9844,1692.018178
7571,2005,CA,CDF,LIGHTNING,2005-09-26,2005-09-26,1,1,1.0,21.31586,2000-2009,136350.4609,2225.532979
7572,2005,CA,CDF,JACKSON,2005-07-26,2005-07-26,10,5,1.0,21.23567,2000-2009,139931.2422,1594.624518
7573,2005,CA,CDF,CROSS,2005-10-14,2005-10-14,2,1,1.0,21.13117,2000-2009,143103.7031,1985.83268
7574,2005,CA,USF,RINCON,2005-09-05,2005-09-05,10,1,1.0,20.66898,2000-2009,122655.7344,1474.814381
7575,2005,CA,CDF,REST STOP,2005-10-06,2005-10-06,2,6,1.0,20.66887,2000-2009,127031.8477,2267.37423
7576,2005,CA,CDF,BUCKEYE,2005-11-12,2005-11-12,18,6,1.0,20.03816,2000-2009,128816.0195,1503.929901
7577,2005,CA,CDF,INDIAN,2005-05-04,2005-05-04,7,6,1.0,20.01006,2000-2009,117963.207,2725.22014
7578,2005,CA,CDF,CATTLEMAN,2005-05-27,2005-05-27,9,1,1.0,19.87103,2000-2009,123516.9063,1694.412851
7579,2005,CA,NPS,ROCKLIN L,2005-07-20,2005-07-21,1,1,1.0,19.82979,2000-2009,120087.8438,1717.638721
7580,2005,CA,CDF,BLANCO,2005-08-07,2005-08-07,2,6,1.0,19.71451,2000-2009,127729.9141,1645.479826
7581,2005,CA,CDF,MILLER,2005-07-03,2005-07-03,11,1,1.0,19.70536,2000-2009,112935.9414,1559.911937
7582,2005,CA,CDF,KNOLL,2005-04-20,2005-04-20,2,6,1.0,19.57455,2000-2009,115203.3555,1441.893537
7583,2005,CA,CDF,LAKE,2005-05-14,2005-05-14,2,1,1.0,19.51171,2000-2009,120163.4141,1423.724302
7584,2005,CA,CCO,FAYE,2005-06-23,2005-06-24,14,1,1.0,19.14384,2000-2009,117654.5859,1647.24948
7585,2005,CA,CDF,MISSION,2005-08-01,2005-08-01,14,6,1.0,18.93933,2000-2009,110003.832,1371.277805
7586,2005,CA,CDF,HENSLEY,2005-06-20,2005-06-20,7,6,1.0,18.78492,2000-2009,119797.0,1402.409593
7587,2005,CA,USF,GLASS,2005-09-02,2005-09-05,7,1,1.0,18.7588,2000-2009,121648.9219,3014.307067
7588,2005,CA,CDF,BORDER#20,2005-06-29,2005-06-29,19,1,1.0,18.67156,2000-2009,106674.2148,1989.506153
7589,2005,CA,BLM,SANDRIDGE,2005-08-04,2005-08-04,14,6,1.0,18.63073,2000-2009,123485.5391,1457.483458
7590,2005,CA,USF,NUGGET,2005-03-15,2005-03-16,5,1,1.0,17.67499,2000-2009,122049.2891,1531.846555
7591,2005,CA,CDF,SAN JUAN,2005-08-01,2005-08-01,2,1,1.0,17.54987,2000-2009,107731.418,2377.246176
7592,2005,CA,USF,RIDGE,2005-07-31,2005-07-31,1,6,1.0,17.04495,2000-2009,98585.59375,1490.57756
7593,2005,CA,CDF,OLI FIELDS,2005-06-16,2005-06-16,2,1,1.0,16.37958,2000-2009,101384.6133,1967.914768
7594,2005,CA,CDF,FOX,2005-07-01,2005-07-01,8,6,1.0,16.03467,2000-2009,94363.03906,1676.071358
7595,2005,CA,CDF,156,2005-11-19,2005-11-19,11,1,1.0,15.62453,2000-2009,98967.83984,1757.229201
7596,2005,CA,USF,ALAMOS,2005-09-04,2005-09-04,9,6,1.0,14.92147,2000-2009,89554.58203,2555.58668
7597,2005,CA,CDF,PARKFIELD,2005-05-29,2005-05-29,5,1,1.0,14.87495,2000-2009,91848.43359,1328.899915
7598,2005,CA,LRA,FREEWAY,2005-06-29,2005-06-29,10,1,1.0,14.8587,2000-2009,88062.72266,2377.683217
7599,2005,CA,NPS,KERN,2005-10-27,2005-12-03,1,1,2.0,14.83072,2000-2009,92734.5625,1545.507283
7600,2005,CA,NPS,CABIN,2005-10-24,2005-12-10,1,1,2.0,14.60134,2000-2009,91995.37891,1927.64521
7601,2005,CA,CDF,REDLANDS,2005-05-21,2005-05-21,9,6,1.0,13.54572,2000-2009,79916.83984,1367.715466
7602,2005,CA,CDF,BRADEN,2005-09-30,2005-09-30,1,8,1.0,13.29541,2000-2009,88542.42578,1167.032473
7603,2005,CA,CDF,SLOPE,2005-04-09,2005-04-09,14,6,1.0,12.99544,2000-2009,76438.70313,1291.446
7604,2005,CA,CDF,UPRR_FIRE8_,2005-07-13,2005-07-13,6,1,1.0,12.72615,2000-2009,82410.74219,1743.112005
7605,2005,CA,BLM,PAINTED HILLS,2005-09-27,2005-09-28,1,1,1.0,12.70424,2000-2009,74866.65234,1128.34706
7606,2005,CA,CDF,GILARDI 2,2005-10-13,2005-10-13,11,1,1.0,12.55692,2000-2009,76540.57422,1562.356769
7607,2005,CA,USF,TOLLHOUSE,2005-09-08,2005-09-10,1,6,1.0,12.52681,2000-2009,88891.21094,1137.522167
7608,2005,CA,USF,BARRETT,2005-08-24,2005-08-26,4,6,1.0,12.18256,2000-2009,69788.41016,1934.93697
7609,2005,CA,BLM,CARSON,2005-09-10,2005-09-10,2,6,1.0,12.13924,2000-2009,79283.35547,1243.862874
7610,2005,CA,CDF,MINA,2005-08-26,2005-08-27,14,1,1.0,12.04709,2000-2009,82976.78906,1395.869598
7611,2005,CA,USF,BSFMU 2,2005-08-05,2005-08-11,1,6,1.0,11.96217,2000-2009,86749.89844,1543.151669
7612,2005,CA,CDF,BORDER#40,2005-08-20,2005-08-20,4,6,1.0,11.70351,2000-2009,66910.49219,1009.070099
7613,2005,CA,USF,ROCK,2005-08-05,2005-08-05,9,1,1.0,11.67198,2000-2009,75291.39844,1307.069857
7614,2005,CA,USF,RIVER,2005-07-20,2005-07-20,9,1,1.0,11.64448,2000-2009,72440.03125,1274.849175
7615,2005,CA,CDF,HOMESTEAD,2005-08-25,2005-08-25,2,1,1.0,11.56866,2000-2009,70827.39453,1230.14995
7616,2005,CA,CDF,HWY 94,2005-10-30,2005-10-30,10,6,1.0,11.49922,2000-2009,65783.16797,1042.918758
7617,2005,CA,CDF,STUMPFIELD,2005-09-04,2005-09-04,4,6,1.0,11.457,2000-2009,73575.99219,1339.568324
7618,2005,CA,BLM,IRON,2005-08-27,2005-08-28,14,1,1.0,10.98877,2000-2009,77320.88281,1436.815508
7619,2005,CA,USF,PILE,2005-11-20,2005-11-21,7,6,1.0,10.98737,2000-2009,76431.60156,1409.325593
7620,2005,CA,CDF,SAND,2005-07-23,2005-07-23,1,1,1.0,10.63322,2000-2009,60914.13281,1106.091728
7621,2005,CA,CDF,LOPEZ,2005-09-06,2005-09-06,2,6,1.0,10.5062,2000-2009,63941.33594,1035.291342
7622,2005,CA,CDF,UPRR_FIRE_,2005-07-13,2005-07-13,6,1,1.0,10.22459,2000-2009,66235.83984,1259.592487
7623,2005,CA,BLM,AERA,2005-08-16,2005-08-16,11,6,1.0,10.18142,2000-2009,62556.16016,1134.481015
7624,2005,CA,BLM,FLUME,2005-07-03,2005-07-03,8,1,1.0,10.17534,2000-2009,62422.09375,1166.53175
7625,2005,CA,BLM,ROUND UP,2005-07-02,2005-07-02,1,1,1.0,9.899969,2000-2009,58956.94531,1690.577295
7626,2005,CA,CDF,MERVEL,2005-07-09,2005-07-09,14,6,1.0,9.237262,2000-2009,58678.14063,1154.61418
7627,2005,CA,BLM,RECHE,2005-06-29,2005-06-29,14,1,1.0,9.165632,2000-2009,54437.88281,1391.992298
7628,2005,CA,CDF,UPRR_FIRE4_,2005-07-13,2005-07-13,6,1,1.0,9.075856,2000-2009,58780.80859,948.7395659
7629,2005,CA,CDF,BISHOP A,2005-10-31,2005-10-31,2,1,1.0,8.704258,2000-2009,52997.41797,1091.27534
7630,2005,CA,CDF,BORDER#7,2005-05-21,2005-05-21,19,6,1.0,8.427102,2000-2009,48154.63672,849.8416446
7631,2005,CA,CDF,MAZZETTI,2005-07-15,2005-07-15,7,8,1.0,8.239795,2000-2009,47841.23438,966.0595925
7632,2005,CA,CDF,UPRR_FIRE5_,2005-07-13,2005-07-13,6,1,1.0,7.931038,2000-2009,51364.53906,1011.942914
7633,2005,CA,CDF,ZIEBRIGHT,2005-11-18,2005-11-19,5,1,1.0,7.658942,2000-2009,51820.94531,1081.27283
7634,2005,CA,USF,FREDS,2005-10-16,2005-10-18,9,6,1.0,7.196554,2000-2009,44858.00391,782.213768
7635,2005,CA,CDF,SUMMITT,2005-07-23,2005-07-23,14,6,1.0,6.045441,2000-2009,34641.3125,834.7145982
7636,2005,CA,CDF,RINCON#11,2005-09-12,2005-09-12,7,6,1.0,5.672654,2000-2009,32935.49219,899.4844809
7637,2005,CA,CDF,SAND RIDGE,2005-08-04,2005-08-04,7,8,1.0,5.670745,2000-2009,37616.59766,981.2972651
7638,2005,CA,CDF,UPRR_FIRE3_,2005-07-13,2005-07-13,6,1,1.0,5.444999,2000-2009,35266.4375,781.5163857
7639,2005,CA,CDF,ALMOND,2005-06-30,2005-06-30,2,6,1.0,5.197406,2000-2009,31822.83594,841.807325
7640,2005,CA,CDF,UPRR_FIRE2_,2005-07-13,2005-07-13,6,1,1.0,4.555234,2000-2009,29504.4375,906.8540456
7641,2005,CA,CDF,BISHOP B,2005-10-31,2005-10-31,2,1,1.0,2.891174,2000-2009,17603.76172,584.9963423
7642,2005,CA,NPS,EAST CREEK,2005-07-30,2005-10-22,1,1,2.0,2.401912,2000-2009,15169.62891,628.0093015
7643,2005,CA,CDF,SANTA,2005-05-18,2005-05-18,9,6,1.0,2.331652,2000-2009,13693.56641,571.311132
7644,2005,CA,CDF,UPRR_FIRE6,2005-07-13,2005-07-13,6,1,1.0,0.6352376,2000-2009,4113.746094,492.2370396
7645,2005,CA,CDF,UPRR_FIRE7_,2005-07-13,2005-07-13,6,1,1.0,0.4773929,2000-2009,3091.632813,374.8007025
7646,2005,CA,CDF,BORDER#1,2005-05-04,2005-05-04,19,8,1.0,0.4661476,2000-2009,2662.640625,216.3140233
7647,2004,CA,CDF,RUMSEY,2004-10-10,2004-10-17,7,7,1.0,38763.02,2000-2009,258341947.7,131221.3278
7648,2004,CA,USF,POWER,2004-10-06,2004-10-21,2,2,1.0,16983.07,2000-2009,112390413.8,83759.31156
7649,2004,CA,CDF,CERRITO,2004-05-03,2004-05-07,8,8,1.0,16447.4,2000-2009,96549302.94,86449.63943
7650,2004,CA,CCO,PINE,2004-07-12,2004-07-23,9,6,1.0,16271.65,2000-2009,97749222.65,111607.951
7651,2004,CA,CDF,FRENCH,2004-08-14,2004-08-16,14,7,1.0,12675.35,2000-2009,89364505.21,57865.59524
7652,2004,CA,CDF,GEYSERS,2004-09-03,2004-09-15,2,2,1.0,12244.4,2000-2009,81535204.27,56090.07763
7653,2004,CA,USF,CROWN,2004-07-21,2004-07-25,2,8,1.0,11754.27,2000-2009,70129064.51,70154.73867
7654,2004,CA,CDF,BEAR,2004-08-11,2004-09-05,2,7,1.0,10441.72,2000-2009,73631029.69,77943.22839
7655,2004,CA,CDF,EAGLE,2004-05-02,2004-05-07,14,8,1.0,8946.074,2000-2009,52179524.92,61593.23214
7657,2004,CA,CDF,MATAGUAY,2004-07-13,2004-07-15,7,5,1.0,8762.283,2000-2009,50803804.07,39170.46351
7658,2004,CA,USF,FREDS,2004-10-13,2004-10-17,2,2,1.0,7557.607,2000-2009,50410483.21,46266.7234
7659,2004,CA,CCO,GAVIOTA,2004-06-05,2004-06-12,1,6,1.0,7197.67,2000-2009,42975152.28,38604.14018
7660,2004,CA,CCO,FOOTHILL,2004-07-17,2004-07-25,7,6,1.0,5969.518,2000-2009,35544462.13,48433.96439
7661,2004,CA,NPS,MEADOW WFU,2004-06-30,2004-07-30,1,7,2.0,5031.157,2000-2009,32556446.59,39567.10717
7662,2004,CA,USF,SIMS,2004-07-27,2004-08-15,2,2,1.0,4035.917,2000-2009,28447570.04,30815.39604
7663,2004,CA,CDF,VERBENIA,2004-07-11,2004-07-16,14,8,1.0,3831.371,2000-2009,22551929.57,23281.51529
7664,2004,CA,CDF,MELTON,2004-07-17,2004-07-20,1,7,1.0,3693.234,2000-2009,21603870.31,26739.11401
7665,2004,CA,CDF,COOPER,2004-08-06,2004-08-09,10,2,1.0,3445.314,2000-2009,22439578.11,35270.15243
7666,2004,CA,NPS,BLUFF,2004-06-28,2004-10-20,1,7,2.0,3414.027,2000-2009,23924770.2,28965.24666
7667,2004,CA,CDF,STRAYLOR,2004-07-22,2004-07-29,7,8,1.0,3292.83,2000-2009,23295358.75,38750.61245
7668,2004,CA,BLM,DANA,2004-06-25,2004-07-01,1,7,1.0,3161.477,2000-2009,20976931.35,27955.90759
7669,2004,CA,USF,DEEP,2004-08-12,2004-08-17,9,2,1.0,3143.901,2000-2009,19564946.96,25777.05443
7670,2004,CA,CDF,PATTISON,2004-09-03,2004-09-05,10,2,1.0,2483.137,2000-2009,16285696.3,44804.9326
7671,2004,CA,CDF,PLEASURE,2004-04-25,2004-04-26,14,8,1.0,2456.282,2000-2009,14332722.71,17752.73743
7672,2004,CA,CDF,IRONGATE,2004-07-24,2004-07-28,1,2,1.0,2241.977,2000-2009,16415040.79,23331.80087
7673,2004,CA,CDF,OREGON,2004-08-11,2004-08-15,12,2,1.0,1954.706,2000-2009,13339967.53,18086.51598
7674,2004,CA,NPS,HETCHY,2004-10-15,2004-10-18,7,4,1.0,1936.11,2000-2009,12626861.55,25379.76987
7675,2004,CA,CDF,COTTONWOOD,2004-05-12,2004-05-15,3,8,1.0,1819.376,2000-2009,10737144.88,15058.33242
7676,2004,CA,USF,EARLY,2004-08-09,2004-10-26,9,2,1.0,1724.758,2000-2009,11224188.41,15413.0524
7678,2004,CA,FWS,PELICAN,2004-07-19,2004-07-28,7,4,,1459.002,2000-2009,9428547.008,18848.87542
7679,2004,CA,USF,EAST,2004-08-07,2004-08-11,2,8,1.0,1336.938,2000-2009,8003584.188,16153.96634
7680,2004,CA,CDF,OLD HWY/MPUD 149,2004-09-12,2004-09-15,7,7,1.0,1334.791,2000-2009,8593991.668,18580.50655
7681,2004,CA,CDF,KINCAID,2004-08-08,2004-08-15,9,1,1.0,1224.859,2000-2009,7872115.289,14971.35419
7683,2004,CA,CDF,GATOS,2004-07-11,2004-07-13,11,6,1.0,1144.838,2000-2009,7136634.762,11201.19933
7684,2004,CA,CCO,CACHUMA,2004-05-03,2004-05-12,1,6,1.0,1115.115,2000-2009,6696180.281,12107.61306
7685,2004,CA,CDF,CEMENT,2004-09-04,2004-09-04,14,6,1.0,1006.852,2000-2009,6626744.82,13039.50607
7686,2004,CA,BLM,STONEY,2004-08-13,2004-08-15,1,7,1.0,954.4639,2000-2009,6699246.375,21735.89297
7687,2004,CA,CDF,STEVENS,2004-08-08,2004-08-12,15,2,1.0,934.3998,2000-2009,6289990.367,14481.77226
7688,2004,CA,CDF,MINERAL,2004-08-06,2004-08-14,7,2,1.0,879.1735,2000-2009,5768398.199,15334.0062
7689,2004,CA,CDF,CORRAL_HOLLOW,2004-07-10,2004-07-10,11,1,1.0,875.4987,2000-2009,5664020.301,10860.36993
7690,2004,CA,USF,CRAG,2004-06-16,2004-07-02,1,2,1.0,870.4851,2000-2009,5414527.102,10599.79705
7691,2004,CA,CDF,BORDER #16,2004-09-13,2004-09-13,9,1,1.0,828.2405,2000-2009,4735209.391,18637.91251
7692,2004,CA,USF,TUOLUMNE,2004-09-12,2004-09-17,9,2,1.0,721.4598,2000-2009,4689845.664,12786.0156
7693,2004,CA,BLM,CAMP,2004-07-22,2004-07-23,6,8,1.0,691.6987,2000-2009,4253351.75,12939.8883
7694,2004,CA,CDF,CITRUS,2004-07-22,2004-07-29,14,8,1.0,682.6089,2000-2009,4002187.352,13337.74363
7695,2004,CA,CDF,HIGHWAY,2004-06-25,2004-06-28,2,1,1.0,624.9357,2000-2009,4080266.574,10317.77891
7696,2004,CA,CDF,SCOTT,2004-04-04,2004-04-04,14,1,1.0,609.0591,2000-2009,4031483.262,11032.74494
7697,2004,CA,CDF,LIGHT #37,2004-07-24,2004-07-25,1,6,1.0,591.6899,2000-2009,4317597.883,9483.818048
7699,2004,CA,CDF,WARNER,2004-07-01,2004-07-01,2,8,1.0,569.9861,2000-2009,3316907.09,8340.543507
7700,2004,CA,USF,COTTONWOOD,2004-05-04,2004-05-10,5,2,1.0,566.9303,2000-2009,3934471.152,10325.03897
7701,2004,CA,CCO,WEST,2004-06-18,2004-06-19,7,8,1.0,566.6521,2000-2009,3430292.027,11804.09491
7703,2004,CA,CDF,HUNT,2004-08-10,2004-08-12,2,2,1.0,490.2116,2000-2009,3206958.41,8277.259628
7704,2004,CA,LRA,SILVER,2004-07-15,2004-07-18,7,1,1.0,479.2772,2000-2009,3066355.941,10136.93067
7705,2004,CA,BLM,SNAKE,2004-08-13,2004-08-14,1,7,1.0,471.3913,2000-2009,3371165.469,12795.69711
7706,2004,CA,CCO,ROCKY,2004-07-14,2004-07-15,10,8,1.0,466.6801,2000-2009,2827182.324,16339.70577
7707,2004,CA,CDF,BEAR,2004-09-02,2004-09-04,14,6,1.0,456.0668,2000-2009,2932887.844,7524.908959
7708,2004,CA,BLM,BELFAST,2004-08-13,2004-08-16,1,7,1.0,447.0768,2000-2009,3127525.742,11037.54348
7709,2004,CA,CDF,BEALE,2004-06-03,2004-06-03,11,1,1.0,433.5482,2000-2009,2921400.367,13759.15663
7710,2004,CA,CDF,BASALT,2004-05-21,2004-05-21,10,6,1.0,410.184,2000-2009,2611665.465,10853.61216
7711,2004,CA,CDF,GAFFORD,2004-05-02,2004-05-03,14,8,1.0,406.0063,2000-2009,2377149.188,8052.216934
7712,2004,CA,USF,SOURCE,2004-06-16,2004-06-22,9,8,1.0,384.4879,2000-2009,2458436.871,7497.812026
7713,2004,CA,USF,INTERSTATE,2004-06-25,2004-06-26,2,8,1.0,374.0269,2000-2009,2240258.254,6295.858277
7714,2004,CA,BLM,SKEDADDLE,2004-06-22,2004-06-25,1,7,1.0,367.4536,2000-2009,2567445.41,10660.16697
7715,2004,CA,CDF,DOLCINI,2004-09-07,2004-09-09,14,1,1.0,364.554,2000-2009,2390125.996,9140.336473
7716,2004,CA,CDF,LAKEVIEW,2004-07-13,2004-07-13,14,8,1.0,360.9065,2000-2009,2112611.699,7287.828812
7717,2004,CA,CDF,SCHOOL,2004-05-03,2004-05-03,14,8,1.0,359.1083,2000-2009,2094230.07,7105.403217
7718,2004,CA,USF,MOKE,2004-06-17,2004-06-22,4,2,1.0,354.3122,2000-2009,2345269.934,9296.768135
7719,2004,CA,BLM,CCD BORDER,2004-08-11,2004-08-15,1,7,1.0,350.5814,2000-2009,2399727.387,6534.886202
7720,2004,CA,CDF,CHUALAR,2004-06-30,2004-06-30,11,2,1.0,343.1886,2000-2009,2158900.02,8810.305211
7721,2004,CA,CCO,JALAMA,2004-07-19,2004-07-19,9,6,1.0,333.0409,2000-2009,1989686.23,9504.725228
7722,2004,CA,NPS,HOTSPRINGS,2004-08-12,2004-10-18,1,2,2.0,331.7918,2000-2009,2080432.984,9982.239081
7723,2004,CA,CDF,CREEK,2004-08-08,2004-08-11,7,7,1.0,323.7161,2000-2009,2213730.699,7821.594338
7725,2004,CA,CDF,MIX,2004-08-18,2004-08-20,7,2,1.0,296.383,2000-2009,1956697.664,6183.14056
7726,2004,CA,USF,CHINA,2004-09-11,2004-09-12,9,6,1.0,290.0282,2000-2009,1775874.508,6604.999308
7727,2004,CA,USF,HAMILTON,2004-04-07,2004-04-13,5,8,1.0,289.7699,2000-2009,2008086.043,7231.098676
7728,2004,CA,CDF,PILOT,2004-10-06,2004-10-08,8,2,1.0,282.8737,2000-2009,1986360.559,8942.191984
7729,2004,CA,CDF,LONG,2004-08-26,2004-08-28,7,2,1.0,271.4596,2000-2009,1823308.426,8152.426351
7730,2004,CA,CCO,MUNZ,2004-09-05,2004-09-06,7,6,1.0,267.4607,2000-2009,1603892.961,8611.718093
7731,2004,CA,USF,NEHOUSE,2004-09-11,2004-09-15,9,8,1.0,254.4179,2000-2009,1634368.668,6672.114168
7732,2004,CA,CDF,ROSASCO,2004-07-14,2004-07-14,2,1,1.0,244.837,2000-2009,1594900.5,7381.789769
7733,2004,CA,CDF,SAN_ANTONE,2004-08-12,2004-08-20,2,1,1.0,211.6076,2000-2009,1357703.105,7332.653076
7735,2004,CA,USF,FLAT,2004-08-06,2004-08-06,9,8,1.0,201.547,2000-2009,1422650.313,5285.972905
7736,2004,CA,CDF,HAZEN,2004-09-05,2004-09-05,4,7,1.0,196.5969,2000-2009,1374516.883,7100.639431
7737,2004,CA,CDF,PG&E #11,2004-09-03,2004-09-04,11,2,1.0,192.8287,2000-2009,1265547.832,6991.855504
7738,2004,CA,USF,CRATER MOUNTAIN,2004-05-25,2004-06-20,1,2,1.0,189.8896,2000-2009,1235259.605,6899.42557
7739,2004,CA,CDF,MORALES,2004-09-02,2004-09-02,14,8,1.0,184.0792,2000-2009,1072976.488,5057.966524
7740,2004,CA,CDF,DUMP,2004-07-27,2004-07-29,9,6,1.0,181.5451,2000-2009,1318624.879,5284.266793
7742,2004,CA,CDF,GEYSERS,2004-10-12,2004-10-13,7,6,1.0,169.7082,2000-2009,1131492.23,4753.035777
7743,2004,CA,USF,MILL,2004-09-27,2004-09-29,9,8,1.0,164.0517,2000-2009,1168278.199,5340.692995
7744,2004,CA,CDF,PINE,2004-10-10,2004-10-11,14,6,1.0,162.1315,2000-2009,1080906.348,4930.259314
7746,2004,CA,CDF,GUADELUPE/MPUD 127,2004-08-14,2004-08-14,10,6,1.0,141.7793,2000-2009,912399.9688,4620.608371
7747,2004,CA,CDF,LAGUNA,2004-08-09,2004-08-09,5,6,1.0,134.6843,2000-2009,841348.0742,3699.576178
7748,2004,CA,USF,MARTIN,2004-11-02,2004-11-02,5,2,1.0,130.8606,2000-2009,897439.9023,6589.324228
7749,2004,CA,CDF,AIRCRAFT,2004-05-01,2004-05-01,2,6,1.0,126.6547,2000-2009,780419.3125,3802.266272
7750,2004,CA,CCO,WENDY INCIDENT,2004-08-24,2004-08-24,10,2,1.0,120.9402,2000-2009,717189.6758,5060.720953
7751,2004,CA,USF,VISITOR,2004-09-16,2004-09-16,2,8,1.0,120.7702,2000-2009,724429.6602,3907.237575
7752,2004,CA,CDF,ANTLER,2004-09-03,2004-09-03,14,7,1.0,120.6013,2000-2009,844896.9922,4765.103496
7753,2004,CA,CDF,EDGEWOOD,2004-06-23,2004-06-23,5,6,1.0,120.1702,2000-2009,866306.0469,5154.181392
7754,2004,CA,CDF,LAKE,2004-08-14,2004-08-14,7,7,1.0,119.4651,2000-2009,841521.4375,6405.657416
7755,2004,CA,CDF,SCOTT,2004-08-26,2004-08-26,2,1,1.0,119.2404,2000-2009,806025.5625,5182.592784
7756,2004,CA,BLM,LMU DIXIE,2004-07-07,2004-07-09,1,7,1.0,118.6239,2000-2009,841059.7266,7567.639673
7757,2004,CA,CDF,RHONDA,2004-09-02,2004-09-02,14,7,1.0,116.6485,2000-2009,815502.3203,3966.626092
7758,2004,CA,CDF,POWERHOUSE,2004-09-05,2004-09-19,11,1,1.0,113.4258,2000-2009,749254.6406,4288.292821
7759,2004,CA,CDF,BRIGHT,2004-07-16,2004-07-16,10,1,1.0,109.6647,2000-2009,712857.8594,5462.922627
7760,2004,CA,CDF,LOST,2004-08-19,2004-08-19,2,6,1.0,102.6656,2000-2009,596651.7422,3248.204685
7761,2004,CA,CDF,CAMINO,2004-08-06,2004-08-07,2,1,1.0,101.1126,2000-2009,584163.8828,4198.858129
7762,2004,CA,USF,LITTLE,2004-09-17,2004-09-18,2,2,1.0,95.8085,2000-2009,629533.8008,5378.871641
7763,2004,CA,CDF,MASONIC,2004-08-06,2004-08-06,7,6,1.0,93.79269,2000-2009,604032.1016,3312.43132
7764,2004,CA,USF,STONY,2004-04-27,2004-04-29,5,2,1.0,91.00238,2000-2009,631688.918,4273.598523
7765,2004,CA,CCO,WAYSIDE,2004-05-03,2004-05-04,9,6,1.0,90.6327,2000-2009,540784.4531,5679.53093
7766,2004,CA,CDF,RD 400,2004-06-19,2004-06-19,2,6,1.0,90.17339,2000-2009,575519.7227,3051.930984
7767,2004,CA,CDF,BORDER #10,2004-07-18,2004-07-18,19,1,1.0,88.98218,2000-2009,509753.9609,4608.663131
7768,2004,CA,CDF,MCMILLAN,2004-07-30,2004-07-30,2,6,1.0,87.68444,2000-2009,539549.5273,4040.525514
7769,2004,CA,CDF,ARMSTRONG,2004-08-06,2004-08-07,7,2,1.0,86.90013,2000-2009,570493.8477,3673.357418
7770,2004,CA,CDF,PILITAS,2004-05-20,2004-05-20,10,6,1.0,85.45794,2000-2009,521177.8711,3996.632664
7771,2004,CA,CDF,WALKER,2004-07-17,2004-07-18,14,6,1.0,84.26554,2000-2009,538323.75,3484.283891
7772,2004,CA,CDF,NIPOMO,2004-05-05,2004-05-05,14,6,1.0,83.9148,2000-2009,508540.2461,3321.911038
7773,2004,CA,CDF,JUNIPER,2004-06-24,2004-06-28,5,1,1.0,82.37961,2000-2009,596843.8203,5235.056801
7774,2004,CA,CDF,RANKIN,2004-07-11,2004-07-11,2,1,1.0,80.92747,2000-2009,525425.8789,3200.819095
7775,2004,CA,CDF,SPRING/MPUD 133,2004-08-18,2004-08-18,14,6,1.0,79.87824,2000-2009,513936.4922,3851.946047
7776,2004,CA,CDF,JASPER,2004-06-12,2004-06-12,9,6,1.0,79.15559,2000-2009,502970.7031,3143.641447
7777,2004,CA,CDF,HIGHWAY 108 #2,2004-06-16,2004-06-16,10,1,1.0,77.13163,2000-2009,501659.8281,3962.509357
7778,2004,CA,CDF,MELONES #2,2004-08-14,2004-08-14,14,1,1.0,76.29717,2000-2009,498146.5781,3989.14941
7779,2004,CA,USF,CAL,2004-05-04,2004-05-05,5,2,1.0,73.06966,2000-2009,514761.7539,4610.100846
7780,2004,CA,CDF,VACA,2004-08-18,2004-08-19,10,2,1.0,72.49718,2000-2009,479010.4727,2984.184466
7781,2004,CA,CDF,CREEK,2004-05-07,2004-05-07,5,1,1.0,71.23759,2000-2009,462977.4688,3807.396071
7782,2004,CA,CDF,CREEK,2004-06-13,2004-06-13,7,6,1.0,71.09406,2000-2009,451792.5938,4120.570832
7783,2004,CA,USF,SPRING,2004-08-09,2004-08-09,2,8,1.0,70.40874,2000-2009,419440.2617,2901.923212
7784,2004,CA,CDF,DOUBLE,2004-05-29,2004-05-29,7,1,1.0,68.81973,2000-2009,451846.5859,2937.789721
7786,2004,CA,CDF,MARIPOSA/MPUD 137,2004-08-20,2004-08-20,14,6,1.0,66.35651,2000-2009,427202.8516,2832.203434
7787,2004,CA,BLM,NORTH MTN,2004-11-08,2004-11-09,2,7,1.0,65.38384,2000-2009,384549.1211,10500.38301
7788,2004,CA,CCO,HWY166,2004-05-30,2004-05-30,10,6,1.0,65.16033,2000-2009,392899.6328,2540.656853
7789,2004,CA,CDF,WINTERS,2004-03-18,2004-03-18,18,1,1.0,63.3854,2000-2009,458076.3633,4686.216798
7790,2004,CA,CDF,FISH,2004-05-07,2004-05-07,14,8,1.0,63.07527,2000-2009,372534.9844,2913.912109
7791,2004,CA,CDF,LOS CERRITOS,2004-05-30,2004-05-30,10,6,1.0,63.02847,2000-2009,406604.3594,2664.483675
7792,2004,CA,USF,PRICE,2004-06-29,2004-07-01,1,8,1.0,63.00127,2000-2009,444284.3477,2569.754973
7793,2004,CA,CDF,HIGHWAY,2004-07-02,2004-07-02,5,1,1.0,62.75925,2000-2009,411612.7578,4292.169989
7794,2004,CA,CDF,OLIVIA,2004-05-22,2004-05-22,2,6,1.0,60.58247,2000-2009,386327.4023,2400.535138
7795,2004,CA,BLM,SNOW,2004-05-22,2004-05-23,2,7,1.0,60.17913,2000-2009,354309.5313,4196.425996
7796,2004,CA,BLM,SIERRA,2004-05-20,2004-05-20,2,7,1.0,60.05212,2000-2009,369451.6289,2803.928622
7797,2004,CA,CDF,210,2004-04-30,2004-04-30,10,6,1.0,56.48629,2000-2009,359731.875,2990.698511
7798,2004,CA,CDF,DITCH,2004-05-25,2004-05-25,2,7,1.0,54.61713,2000-2009,381358.8164,4160.771703
7799,2004,CA,CDF,152,2004-05-01,2004-05-01,2,6,1.0,54.56896,2000-2009,347566.3672,3307.069872
7800,2004,CA,CDF,I-5,2004-05-14,2004-05-15,10,6,1.0,54.28338,2000-2009,344356.3008,3375.590135
7801,2004,CA,CCO,IRVINE,2004-06-06,2004-06-09,7,8,1.0,52.98566,2000-2009,311379.8281,4221.78424
7802,2004,CA,NPS,MCCLURE,2004-08-27,2004-10-18,1,2,2.0,52.53833,2000-2009,335622.2539,4433.620889
7803,2004,CA,USF,MOUNTAIN,2004-11-21,2004-11-24,4,8,1.0,50.45284,2000-2009,357462.4883,2586.545616
7804,2004,CA,CDF,CLARK,2004-05-29,2004-05-29,11,6,1.0,49.80434,2000-2009,324610.1875,2542.210655
7805,2004,CA,CDF,PINECYN,2004-04-10,2004-04-10,11,6,1.0,49.67436,2000-2009,309251.7031,2764.245468
7806,2004,CA,USF,MINTO,2004-08-14,2004-08-14,1,6,1.0,47.71521,2000-2009,279356.375,1934.071133
7807,2004,CA,USF,WILDER,2004-09-05,2004-09-10,9,6,1.0,47.35424,2000-2009,339697.1328,2607.112294
7808,2004,CA,CDF,400,2004-05-11,2004-05-11,7,6,1.0,44.58846,2000-2009,284492.5156,2215.872572
7809,2004,CA,CDF,ROCK/MPUD 98,2004-06-28,2004-06-28,7,6,1.0,43.74898,2000-2009,281078.543,2176.005728
7810,2004,CA,CDF,RIMS,2004-04-26,2004-04-27,14,6,1.0,43.39124,2000-2009,275701.2344,3741.59889
7811,2004,CA,CDF,132,2004-07-23,2004-07-23,7,6,1.0,42.74137,2000-2009,276807.5195,2427.844565
7812,2004,CA,CCO,KOENIGSTEIN INCIDENT,2004-04-26,2004-04-26,14,8,1.0,40.23289,2000-2009,239999.2891,2346.794285
7813,2004,CA,USF,MARTIN,2004-07-21,2004-07-23,9,6,1.0,39.19806,2000-2009,229391.6719,2011.905541
7814,2004,CA,CDF,DAM,2004-04-29,2004-04-29,2,6,1.0,38.81792,2000-2009,247391.8984,2212.000965
7815,2004,CA,CDF,SIEBER,2004-07-19,2004-07-20,7,6,1.0,38.7828,2000-2009,255936.3672,2126.254387
7816,2004,CA,CDF,CREEK,2004-06-21,2004-06-21,9,7,1.0,38.09119,2000-2009,266740.3164,2345.679239
7817,2004,CA,USF,PARADISE,2004-08-28,2004-08-28,9,8,1.0,36.90485,2000-2009,220780.2813,2205.98741
7818,2004,CA,CDF,GAS POINT #1,2004-06-11,2004-06-11,2,7,1.0,35.50055,2000-2009,248613.8398,2763.719322
7819,2004,CA,CDF,FLORISTON,2004-07-09,2004-07-10,14,6,1.0,35.36984,2000-2009,239969.4492,2423.994917
7820,2004,CA,CCO,BLACKSTAR,2004-08-09,2004-08-09,7,6,1.0,35.22298,2000-2009,206781.7578,2074.601664
7821,2004,CA,BLM,GOLD,2004-07-11,2004-07-11,2,7,1.0,34.93005,2000-2009,231517.6953,1876.847282
7822,2004,CA,BLM,UNION,2004-09-12,2004-09-12,2,7,1.0,34.92723,2000-2009,232129.3672,2016.03721
7823,2004,CA,CDF,ANANDA,2004-08-28,2004-08-29,14,1,1.0,34.47136,2000-2009,233698.2031,2527.166336
7824,2004,CA,CDF,BEN HUR,2004-06-26,2004-06-26,15,1,1.0,34.14139,2000-2009,218476.0,2771.847435
7825,2004,CA,CCO,ORTEGA,2004-06-20,2004-06-23,10,8,1.0,34.12667,2000-2009,199340.9414,2406.717677
7826,2004,CA,CDF,DAMET,2004-04-30,2004-04-30,14,6,1.0,33.48191,2000-2009,213428.1484,1844.766476
7827,2004,CA,CDF,BUTCHER,2004-07-28,2004-07-28,14,7,1.0,31.90529,2000-2009,213866.5977,2321.038281
7828,2004,CA,CDF,PLACER,2004-06-13,2004-06-13,8,7,1.0,31.8837,2000-2009,223442.0156,2595.07824
7829,2004,CA,CDF,LA POSTA,2004-05-06,2004-05-06,14,1,1.0,27.88739,2000-2009,159660.7188,2345.767638
7830,2004,CA,USF,DECHAMBEAU,2004-06-23,2004-06-26,1,2,1.0,27.4703,2000-2009,179558.6563,2207.165259
7831,2004,CA,CDF,COLEMAN,2004-07-18,2004-07-18,9,7,1.0,27.33476,2000-2009,190982.2617,2394.402694
7832,2004,CA,CDF,BUTTS,2004-04-28,2004-04-28,2,6,1.0,27.24448,2000-2009,173900.5156,1711.510962
7833,2004,CA,NPS,SMOKEY WFU,2004-06-27,2004-08-08,1,1,2.0,26.8156,2000-2009,174273.6992,2460.88062
7834,2004,CA,CDF,CASSEL,2004-09-08,2004-09-08,3,7,1.0,26.30577,2000-2009,186872.0625,3259.656355
7835,2004,CA,BLM,TGU BEND,2004-06-25,2004-06-25,9,7,1.0,26.29048,2000-2009,183009.3945,1830.873196
7836,2004,CA,CDF,KESWICK,2004-06-14,2004-06-14,2,7,1.0,26.04814,2000-2009,183137.0195,1808.672723
7837,2004,CA,CDF,SCISSORS,2004-08-13,2004-08-13,1,8,1.0,25.79008,2000-2009,149128.8711,1835.207143
7838,2004,CA,USF,HYAMPOM,2004-08-14,2004-08-16,7,8,1.0,24.63834,2000-2009,173227.3594,1616.44748
7839,2004,CA,USF,POD,2004-08-07,2004-08-08,9,6,1.0,24.05375,2000-2009,140709.0508,1700.621803
7840,2004,CA,CDF,HI PASS,2004-09-10,2004-09-10,1,1,1.0,23.47614,2000-2009,134543.1445,2752.598756
7841,2004,CA,CDF,DETENTION,2004-05-07,2004-05-07,14,6,1.0,23.37385,2000-2009,148539.8477,1770.379588
7842,2004,CA,BLM,BORDER 14,2004-08-16,2004-08-16,2,7,1.0,22.16918,2000-2009,126644.0352,1923.454786
7843,2004,CA,CDF,OLD,2004-08-14,2004-08-14,7,6,1.0,21.90606,2000-2009,141090.3047,1705.37351
7844,2004,CA,CDF,BORDER #7,2004-06-16,2004-06-16,19,1,1.0,21.10738,2000-2009,120716.3242,1723.683169
7845,2004,CA,CDF,OAK,2004-07-16,2004-07-16,9,7,1.0,21.04706,2000-2009,148260.2734,2043.84737
7846,2004,CA,USF,CRANSTON,2004-06-27,2004-06-27,9,6,1.0,20.48602,2000-2009,120192.0664,1369.580053
7847,2004,CA,CDF,PEORIA,2004-07-05,2004-07-05,10,1,1.0,20.35824,2000-2009,137593.0469,1617.52354
7848,2004,CA,CDF,LOCUST,2004-07-17,2004-07-17,7,7,1.0,20.05917,2000-2009,140158.1563,1801.427366
7849,2004,CA,CDF,OCEGUERA,2004-09-11,2004-09-11,14,1,1.0,19.60407,2000-2009,129844.2383,2027.155742
7850,2004,CA,CDF,LA PALOMA,2004-05-03,2004-05-03,9,6,1.0,18.92175,2000-2009,121755.125,1391.495949
7851,2004,CA,CDF,TIERRA,2004-08-31,2004-08-31,14,7,1.0,18.38979,2000-2009,129527.0117,1908.943048
7852,2004,CA,CDF,RIVER RD,2004-07-03,2004-07-03,10,1,1.0,18.11634,2000-2009,113921.3516,2550.26745
7853,2004,CA,CDF,MELONES #1,2004-08-01,2004-08-01,9,1,1.0,18.05131,2000-2009,117723.668,1637.344984
7854,2004,CA,CCO,CARBON CANYON,2004-09-25,2004-09-25,7,8,1.0,17.69472,2000-2009,104263.7266,2865.372995
7855,2004,CA,USF,LOWELL,2004-11-21,2004-11-24,5,6,1.0,16.96921,2000-2009,114754.8438,1310.203512
7856,2004,CA,CDF,ROMERO,2004-07-28,2004-07-28,14,6,1.0,16.95196,2000-2009,108003.082,1527.251745
7857,2004,CA,CDF,JASPER 2,2004-07-08,2004-07-08,2,6,1.0,16.71579,2000-2009,106226.2266,1436.05361
7858,2004,CA,USF,SHEEPHEAD,2004-07-06,2004-07-06,9,2,1.0,16.30308,2000-2009,93579.01172,1656.860254
7860,2004,CA,USF,GREEN,2004-07-24,2004-07-24,2,6,1.0,16.06479,2000-2009,94541.46875,1420.715481
7861,2004,CA,USF,MISSION,2004-11-19,2004-11-19,5,6,1.0,15.72393,2000-2009,109018.0391,1720.122513
7862,2004,CA,USF,PERKINS,2004-08-02,2004-08-04,1,6,1.0,15.52825,2000-2009,113008.9063,1338.440932
7863,2004,CA,BLM,COLORADO,2004-08-06,2004-08-13,2,7,1.0,15.42765,2000-2009,99506.1875,1212.494157
7864,2004,CA,USF,BEND,2004-05-23,2004-05-23,1,2,1.0,15.06398,2000-2009,108943.0391,1755.749289
7865,2004,CA,USF,HANGING,2004-06-27,2004-06-30,1,2,1.0,14.97853,2000-2009,107790.6797,1470.537632
7866,2004,CA,USF,BSFMU10,2004-07-25,2004-08-07,1,2,1.0,14.61055,2000-2009,106488.9102,2060.745321
7867,2004,CA,USF,MORENA,2004-06-05,2004-06-05,2,2,1.0,14.48212,2000-2009,82932.78516,1298.407244
7868,2004,CA,USF,BAKE,2004-05-23,2004-05-23,1,6,1.0,14.41792,2000-2009,96900.31641,1182.741282
7869,2004,CA,USF,BUTTE,2004-08-14,2004-08-15,1,2,1.0,14.38688,2000-2009,102600.4883,1483.167077
7870,2004,CA,USF,ELIZABETH,2004-08-10,2004-08-10,9,8,1.0,14.31682,2000-2009,85742.07813,1149.774141
7871,2004,CA,CDF,LIGHT #82,2004-08-20,2004-08-23,1,6,1.0,13.95816,2000-2009,100521.0078,1263.822758
7872,2004,CA,USF,FISHER,2004-08-30,2004-08-30,9,8,1.0,13.47634,2000-2009,80667.01563,1515.072162
7873,2004,CA,CDF,GROVER,2004-08-21,2004-08-21,7,7,1.0,12.93166,2000-2009,90366.80469,1310.394625
7874,2004,CA,CDF,152,2004-05-01,2004-05-01,2,6,1.0,12.81754,2000-2009,81650.00781,1652.849737
7875,2004,CA,CCO,SANTIAGO,2004-09-25,2004-09-25,10,8,1.0,12.41436,2000-2009,72811.64844,1394.364952
7876,2004,CA,BLM,PIUTE,2004-07-27,2004-07-27,14,7,1.0,12.31225,2000-2009,75265.74219,1234.558184
7877,2004,CA,CDF,HILT,2004-09-06,2004-09-06,3,1,1.0,12.18709,2000-2009,89347.91406,1475.543477
7878,2004,CA,CDF,MODESTO IRG DISTRICT,2004-07-10,2004-07-10,11,1,1.0,12.00241,2000-2009,77758.15625,1169.749085
7879,2004,CA,USF,HASLEY,2004-06-16,2004-06-16,7,8,1.0,11.88105,2000-2009,70889.57813,1068.393887
7880,2004,CA,NPS,TAM,2004-05-09,2004-05-18,14,1,1.0,11.79136,2000-2009,76728.32031,2311.579521
7881,2004,CA,CDF,EMERALD,2004-02-13,2004-02-13,2,6,1.0,11.67706,2000-2009,67614.23047,1114.4216
7882,2004,CA,CDF,WILD,2004-07-08,2004-07-08,3,7,1.0,11.523,2000-2009,80616.46094,1249.293403
7883,2004,CA,USF,KETTLE,2004-07-28,2004-07-28,2,6,1.0,11.27117,2000-2009,78107.81641,1227.908466
7885,2004,CA,BLM,HUNTER,2004-09-05,2004-09-05,2,7,1.0,11.19639,2000-2009,72345.60547,991.593724
7886,2004,CA,CDF,FRIANT/PG&E 9,2004-05-06,2004-05-06,2,6,1.0,11.1576,2000-2009,70935.14453,1274.202721
7887,2004,CA,NPS,PIUTE,2004-09-04,2004-09-06,1,8,1.0,10.80987,2000-2009,65523.4375,4136.459086
7888,2004,CA,USF,RED ROCK,2004-08-12,2004-08-12,1,6,1.0,10.34606,2000-2009,71210.17188,1145.506883
7890,2004,CA,BLM,SCHILLING,2004-07-08,2004-07-08,2,7,1.0,10.14339,2000-2009,65614.76953,1007.248432
7891,2004,CA,CDF,PG&E 11,2004-05-15,2004-05-15,2,6,1.0,9.66333,2000-2009,61609.51953,981.559287
7892,2004,CA,BLM,SUNFLOWER FLAT,2004-06-28,2004-06-28,14,7,1.0,9.577882,2000-2009,67933.21484,2020.264395
7893,2004,CA,CDF,LUCKY,2004-09-05,2004-09-05,14,8,1.0,9.325874,2000-2009,53777.14453,1258.845401
7894,2004,CA,CDF,DIESTEL,2004-07-22,2004-07-22,2,1,1.0,8.739549,2000-2009,57091.10938,1519.580464
7895,2004,CA,CDF,BANDY,2004-09-06,2004-09-06,8,8,1.0,8.407926,2000-2009,48585.45313,962.6435107
7896,2004,CA,CDF,LAKE MORENA,2004-06-05,2004-06-05,14,8,1.0,8.351069,2000-2009,47810.01172,1041.522126
7897,2004,CA,CDF,COLE GRADE,2004-03-28,2004-03-28,5,6,1.0,8.136972,2000-2009,47273.17578,903.4380363
7898,2004,CA,CDF,KARDAS,2004-04-11,2004-04-11,5,1,1.0,7.65092,2000-2009,50281.67969,1005.166765
7899,2004,CA,NPS,DOG,2004-08-12,2004-10-18,1,2,2.0,7.141037,2000-2009,45357.86328,1238.86462
7900,2004,CA,CDF,ORNALES,2004-05-14,2004-05-14,2,8,1.0,6.278606,2000-2009,36449.07031,898.4850597
7901,2004,CA,CDF,HWY 145,2004-05-15,2004-05-15,14,6,1.0,5.922452,2000-2009,37677.00391,816.0838807
7902,2004,CA,USF,MITCHELL,2004-11-20,2004-11-20,5,2,1.0,5.630929,2000-2009,37898.85547,1219.867286
7903,2004,CA,NPS,DORST,2004-05-30,2004-06-01,1,1,1.0,5.234492,2000-2009,32980.16406,961.427833
7904,2004,CA,CDF,LA GRANGE #1,2004-07-16,2004-07-16,10,1,1.0,5.08854,2000-2009,32924.39453,873.3165366
7905,2004,CA,USF,CARY,2004-05-15,2004-05-15,9,6,1.0,4.793622,2000-2009,28014.08984,688.2949202
7906,2004,CA,CCO,EL MORO,2004-02-11,2004-02-11,11,8,1.0,4.767303,2000-2009,27868.65234,833.4443781
7907,2004,CA,CDF,BORDER #14,2004-08-16,2004-08-16,19,8,1.0,4.000417,2000-2009,22852.60547,693.2939061
7908,2004,CA,CDF,LOCUST,2004-07-25,2004-07-25,7,7,1.0,3.773415,2000-2009,26363.31641,625.0360024
7909,2004,CA,USF,CANYON,2004-08-01,2004-08-05,1,6,1.0,3.219711,2000-2009,23546.48438,590.419518
7910,2004,CA,DOD,TOD,2004-08-18,2004-08-18,14,1,1.0,3.129925,2000-2009,18825.14063,656.7333537
7911,2004,CA,CCO,ANTONIO,2004-08-04,2004-08-04,7,8,1.0,2.498186,2000-2009,14604.23828,786.4734312
7912,2004,CA,NPS,FERGUSON,2004-07-07,2004-09-18,1,1,2.0,2.227161,2000-2009,14058.07813,636.4031491
7913,2004,CA,CDF,GAS POINT #3,2004-06-11,2004-06-11,2,7,1.0,2.164307,2000-2009,15151.37891,607.3949457
7914,2004,CA,CDF,VANTAGE,2004-05-29,2004-05-29,7,7,1.0,1.855538,2000-2009,12966.61719,499.01468
7915,2004,CA,DOD,FIREFIGHTER,2004-06-24,2004-06-24,2,1,1.0,1.032974,2000-2009,6209.429688,363.293724
7916,2004,CA,CDF,PAUMA,2004-05-25,2004-05-25,14,8,1.0,0.7474008,2000-2009,4345.308594,287.84085
7917,2004,CA,NPS,HOSPITAL,2004-06-27,2004-06-27,10,1,1.0,0.7321771,2000-2009,4598.46875,400.7959022
7918,2004,CA,CDF,VALLEY,2004-09-08,2004-09-08,7,7,1.0,0.6727278,2000-2009,4701.386719,260.8237152
7919,2004,CA,CDF,LOCUST,2004-09-15,2004-09-15,7,7,1.0,0.25277,2000-2009,1765.949219,243.8662324
7920,2004,CA,DOD,UMBRA,2004-08-17,2004-08-17,14,1,1.0,0.2444814,2000-2009,1470.265625,168.8880803
7921,2004,CA,CDF,GAS POINT #2,2004-06-11,2004-06-11,2,7,1.0,0.2295481,2000-2009,1606.929688,292.7235066
7922,2004,CA,CDF,GAS POINT #4,2004-06-11,2004-06-11,2,7,1.0,0.1199284,2000-2009,839.53125,137.1323527
7923,2003,CA,USF,CEDAR,2003-10-25,2003-11-05,2,8,1.0,270686.0,2000-2009,1559594418.0,431692.8011
7925,2003,CA,USF,OLD,2003-10-25,2003-11-15,7,8,1.0,91428.0,2000-2009,542604557.9,218778.1778
7926,2003,CA,USF,PIRU,2003-10-23,2003-10-31,2,8,1.0,63726.41,2000-2009,380445241.0,121405.9107
7927,2003,CA,USF,PARADISE,2003-10-26,2003-11-04,7,8,1.0,56545.7,2000-2009,327740954.8,150346.169
7928,2003,CA,USF,GRAND PRIX,2003-10-21,2003-11-14,7,8,1.0,50617.94,2000-2009,300200267.2,147701.0212
7929,2003,CA,BLM,MINE/OTAY,2003-10-26,2003-10-30,9,8,1.0,44734.13,2000-2009,255905420.9,83971.4434
7930,2003,CA,USF,COYOTE,2003-07-16,2003-07-23,1,8,1.0,18704.78,2000-2009,108866890.2,68679.70458
7931,2003,CA,CDF,ANNIE,2003-08-27,2003-09-18,1,1,1.0,18210.4,2000-2009,116454730.0,70055.44295
7932,2003,CA,CDF,HONEYDEW,2003-09-04,2003-10-07,1,2,1.0,11794.33,2000-2009,81805515.78,48519.6366
7933,2003,CA,CDF,CANOE,2003-09-03,2003-10-06,1,7,1.0,11043.56,2000-2009,76868006.63,43306.66217
7934,2003,CA,USF,PADUA,2003-10-25,2003-11-03,7,8,1.0,10457.86,2000-2009,61982217.57,56039.93573
7935,2003,CA,CDF,MOUNTAIN,2003-10-26,2003-11-08,14,8,1.0,10331.39,2000-2009,60428056.92,42803.38179
7936,2003,CA,USF,ACKLEY,2003-07-26,2003-07-30,1,8,1.0,9599.021,2000-2009,69834940.85,52434.07644
7937,2003,CA,CCO,VERDALE,2003-10-24,2003-10-28,16,7,1.0,8474.283,2000-2009,50526532.93,50843.34486
7938,2003,CA,NPS,WEST KERN,2003-08-21,2003-12-15,1,2,2.0,7971.402,2000-2009,49810465.38,52924.26346
7939,2003,CA,CDF,BIRD_1,2003-06-01,2003-06-03,2,1,1.0,7876.473,2000-2009,50799099.77,39033.60177
7940,2003,CA,BLM,SMOKE,2003-07-21,2003-07-28,1,8,1.0,7784.184,2000-2009,54863335.91,54569.77463
7941,2003,CA,BLM,ROBLAR 2,2003-10-21,2003-10-28,2,8,1.0,6892.213,2000-2009,40142718.2,38014.94622
7942,2003,CA,USF,SPANISH,2003-09-27,2003-09-28,4,1,1.0,6049.687,2000-2009,41330463.1,31767.37328
7943,2003,CA,CDF,DEL_PUERTO_2,2003-07-20,2003-07-25,1,1,1.0,5909.038,2000-2009,37990970.7,33952.09167
7944,2003,CA,USF,CHILCOOT,2003-07-20,2003-07-21,1,8,1.0,5641.614,2000-2009,38674171.33,42939.34063
7945,2003,CA,NPS,KIBBIE CMPLX WFU,2003-07-29,2003-11-07,1,7,2.0,5570.187,2000-2009,36415899.41,52453.83456
7946,2003,CA,CDF,DEVIL,2003-08-27,2003-09-18,1,1,1.0,5444.272,2000-2009,35056577.49,30696.46436
7947,2003,CA,CDF,JUMP,2003-08-27,2003-09-18,1,1,1.0,4893.527,2000-2009,31424684.62,27700.96968
7948,2003,CA,USF,DEAFY,2003-09-03,2003-09-12,1,2,1.0,4782.021,2000-2009,32548617.13,32766.91461
7949,2003,CA,USF,SUMMIT,2003-08-25,2003-12-31,1,2,1.0,4761.22,2000-2009,29667120.19,40921.58098
7950,2003,CA,USF,MUDD,2003-08-31,2003-10-27,1,2,2.0,4336.844,2000-2009,28654113.04,39833.98799
7951,2003,CA,CDF,CANYON,2003-07-25,2003-07-29,14,8,2.0,4302.1,2000-2009,25277949.99,29834.32542
7952,2003,CA,USF,LOMA,2003-09-14,2003-09-22,9,8,1.0,3739.199,2000-2009,26423364.87,31149.86677
7953,2003,CA,NPS,WILLIAMS,2003-07-28,2003-12-31,1,7,2.0,3472.12,2000-2009,21905755.03,30586.54357
7955,2003,CA,USF,MOUNTAIN,2003-07-20,2003-12-31,1,2,2.0,2632.773,2000-2009,17255944.37,44344.69343
7956,2003,CA,USF,DEXTER,2003-09-02,2003-10-13,1,2,1.0,2459.745,2000-2009,15979012.09,27134.19393
7957,2003,CA,CDF,PASS,2003-10-21,2003-10-25,7,8,1.0,2455.806,2000-2009,14495162.39,26159.8445
7958,2003,CA,USF,HOOKER,2003-09-03,2003-11-25,1,6,1.0,2375.668,2000-2009,14761410.45,28997.49595
7959,2003,CA,USF,ALBANITA,2003-09-03,2003-11-25,1,6,1.0,2222.646,2000-2009,13814303.73,30618.42663
7960,2003,CA,CCO,HAUSER,2003-07-24,2003-07-27,11,7,1.0,2038.864,2000-2009,12196543.04,23554.67518
7961,2003,CA,BLM,COOPRSTOWN,2003-08-26,2003-08-27,14,8,1.0,2010.39,2000-2009,13039610.52,17842.56989
7962,2003,CA,USF,COONEY,2003-07-31,2003-12-15,1,6,1.0,1928.406,2000-2009,12053988.69,18647.9987
7963,2003,CA,CDF,LOCUST,2003-08-18,2003-08-22,14,8,1.0,1898.781,2000-2009,11203726.0,19089.70028
7964,2003,CA,CCO,GRAPEVINE,2003-07-20,2003-07-20,10,8,1.0,1830.501,2000-2009,11038969.98,20614.96199
7965,2003,CA,NPS,TUOLUMNE WFU,2003-08-31,2003-11-07,1,7,1.0,1826.036,2000-2009,11870833.29,17543.35586
7966,2003,CA,NPS,TUOLUMNE WF,2003-08-31,2003-11-07,1,7,1.0,1762.79,2000-2009,11459857.54,30908.66533
7967,2003,CA,CDF,STAGE,2003-07-04,2003-07-06,2,8,1.0,1570.543,2000-2009,9194288.727,16428.03096
7968,2003,CA,USF,BOX,2003-07-19,2003-12-31,1,2,2.0,1569.071,2000-2009,10281571.95,28088.03547
7969,2003,CA,CDF,152,2003-06-16,2003-06-16,9,6,1.0,1507.272,2000-2009,9605252.395,20248.65822
7970,2003,CA,USF,HAPPY CAMP,2003-09-03,2003-09-15,1,2,1.0,1482.127,2000-2009,10097265.55,19684.14006
7971,2003,CA,NPS,PARADISE 2,2003-09-27,2003-12-15,1,7,1.0,1297.062,2000-2009,8136340.645,14931.16902
7972,2003,CA,BLM,BARBER,2003-07-31,2003-08-04,1,8,1.0,1266.971,2000-2009,9079611.656,36668.91333
7973,2003,CA,CCO,CALIENTE,2003-06-17,2003-06-17,1,8,1.0,1223.017,2000-2009,7449200.387,13068.39045
7974,2003,CA,CCO,TEJON,2003-06-30,2003-06-30,2,8,1.0,1198.594,2000-2009,7219566.008,16892.02452
7975,2003,CA,CDF,PARKHILL,2003-07-20,2003-07-22,10,7,1.0,1196.853,2000-2009,7308808.469,15496.17878
7976,2003,CA,BLM,SECRET,2003-10-15,2003-10-19,2,8,1.0,1195.115,2000-2009,8405270.953,18880.26679
7977,2003,CA,USF,BRIDGE,2003-09-05,2003-09-14,9,8,1.0,1157.075,2000-2009,6858345.277,18519.02428
7978,2003,CA,CDF,I5,2003-06-30,2003-06-30,18,2,1.0,1120.83,2000-2009,7102007.289,14338.61673
7979,2003,CA,CDF,CHIMNEY,2003-08-10,2003-08-12,10,7,1.0,1109.835,2000-2009,6716206.094,12418.32929
7980,2003,CA,CDF,40,2003-09-03,2003-09-03,7,2,1.0,1057.115,2000-2009,7076608.648,15264.46307
7981,2003,CA,CDF,A-3,2003-07-02,2003-07-04,2,2,1.0,1050.844,2000-2009,7327172.586,17986.38238
7982,2003,CA,NPS,WHISKEY,2003-07-31,2003-11-07,1,8,1.0,1041.117,2000-2009,6769498.715,24719.07419
7983,2003,CA,CDF,WHITMORE,2003-10-27,2003-10-28,5,7,1.0,1004.413,2000-2009,7064563.129,16634.69784
7984,2003,CA,USF,WHIT,2003-08-31,2003-10-27,1,2,2.0,1003.49,2000-2009,6619018.32,14139.79723
7985,2003,CA,USF,BASIN,2003-07-23,2003-07-28,9,8,1.0,940.867,2000-2009,5747549.594,18986.04752
7986,2003,CA,CDF,KINCAID,2003-08-26,2003-09-18,1,1,1.0,917.4308,2000-2009,5900216.793,11093.73788
7987,2003,CA,USF,CODFISH,2003-08-31,2003-09-10,1,8,1.0,841.4244,2000-2009,5660344.535,13724.08814
7988,2003,CA,USF,LYTLE,2003-10-01,2003-10-01,14,1,1.0,840.1028,2000-2009,4991830.512,16379.81511
7989,2003,CA,CCO,HILLSIDE,2003-07-15,2003-07-15,2,8,1.0,834.3141,2000-2009,5065133.035,11149.5827
7990,2003,CA,USF,SNAKE/CARGYLE2,2003-09-03,2003-11-20,1,8,1.0,825.676,2000-2009,5329052.438,13380.33392
7991,2003,CA,CDF,EUCALYPTUS,2003-07-17,2003-07-18,9,2,1.0,819.6969,2000-2009,5158701.934,13648.92041
7992,2003,CA,CCO,PACIFIC,2003-01-06,2003-01-10,13,1,1.0,805.6346,2000-2009,4760533.168,35569.19181
7993,2003,CA,NPS,KIBBIE CMPLX WF,2003-07-29,2003-11-07,1,7,1.0,790.4635,2000-2009,5161983.195,12255.95163
7994,2003,CA,CDF,LIGHTNING #23,2003-08-26,2003-08-26,2,1,1.0,777.7275,2000-2009,5041945.18,14892.626
7995,2003,CA,CCO,PUMP,2003-07-07,2003-07-07,2,8,1.0,747.2743,2000-2009,4511453.879,10574.17916
7996,2003,CA,BLM,LUNDY,2003-04-24,2003-04-26,14,8,1.0,739.7399,2000-2009,4834959.125,23182.66567
7997,2003,CA,DOD,DEL VENTURI,2003-08-11,2003-08-13,9,8,1.0,705.3404,2000-2009,4378384.809,9247.808215
7999,2003,CA,CDF,NEW IDRIA,2003-05-18,2003-05-19,9,2,1.0,632.0136,2000-2009,3969398.949,11551.19587
8000,2003,CA,CDF,HAMILTON,2003-08-26,2003-09-18,1,1,1.0,631.9925,2000-2009,4068378.691,9850.396928
8001,2003,CA,CDF,DELL_PUERTO_1,2003-05-28,2003-06-02,5,1,1.0,629.5229,2000-2009,4046440.012,9597.95929
8002,2003,CA,CDF,NATURE,2003-06-23,2003-06-23,1,8,1.0,617.3187,2000-2009,4249005.145,15935.80481
8003,2003,CA,CDF,SEVENTY,2003-06-24,2003-06-24,10,2,1.0,608.4294,2000-2009,4134760.773,10128.51315
8004,2003,CA,BLM,SHINN,2003-07-22,2003-07-25,1,8,1.0,594.584,2000-2009,4176914.008,12376.79129
8005,2003,CA,CCO,SCHALLOCK,2003-06-06,2003-06-06,7,8,1.0,563.957,2000-2009,3406513.984,9840.465812
8006,2003,CA,USF,YELLOW,2003-09-05,2003-09-07,1,8,1.0,554.8458,2000-2009,4038443.922,11838.44279
8007,2003,CA,BLM,SAWMILL,2003-06-26,2003-06-29,15,8,1.0,537.2274,2000-2009,3300999.352,11112.38659
8008,2003,CA,CDF,RD_26,2003-06-23,2003-06-23,9,6,1.0,525.5991,2000-2009,3351417.445,11253.79524
8009,2003,CA,USF,FELKNER,2003-09-03,2003-09-07,1,2,1.0,516.473,2000-2009,3516654.367,11122.87075
8010,2003,CA,USF,BOARDMAN,2003-09-03,2003-09-08,1,2,1.0,511.3503,2000-2009,3479693.227,10813.48215
8011,2003,CA,USF,CHINA,2003-07-30,2003-08-01,1,6,1.0,509.4702,2000-2009,3121849.387,17672.47896
8012,2003,CA,NPS,WOODLOT,2003-07-08,2003-11-07,7,7,1.0,480.7464,2000-2009,3111308.766,8479.02955
8013,2003,CA,CDF,HUNTER,2003-07-03,2003-07-04,2,1,1.0,476.1554,2000-2009,3076785.43,9109.494559
8014,2003,CA,CDF,NORTHFORK,2003-07-08,2003-07-10,2,6,1.0,471.7984,2000-2009,3017738.52,8362.229056
8015,2003,CA,CDF,WHITEROCK,2003-08-26,2003-08-26,1,6,1.0,465.4741,2000-2009,2985510.875,10155.28498
8016,2003,CA,CCO,155,2003-07-11,2003-07-12,7,8,1.0,457.1922,2000-2009,2812771.336,8864.736623
8017,2003,CA,CCO,BACKUS,2003-06-03,2003-06-03,1,8,1.0,443.5152,2000-2009,2678359.414,8527.670119
8018,2003,CA,CDF,CAPAY,2003-06-29,2003-06-29,7,6,1.0,425.4226,2000-2009,2832974.836,8251.610098
8019,2003,CA,CDF,GREIG,2003-07-13,2003-07-13,10,1,1.0,419.2588,2000-2009,2707134.445,11443.43223
8020,2003,CA,CDF,COOPERSTOWN #2,2003-07-12,2003-07-12,2,1,1.0,407.2738,2000-2009,2636543.559,7358.958635
8021,2003,CA,USF,BEAR,2003-09-03,2003-09-09,1,2,1.0,403.3303,2000-2009,2751250.332,8864.411357
8022,2003,CA,CDF,SITES,2003-09-03,2003-09-04,1,2,1.0,389.7805,2000-2009,2631456.801,9480.995429
8023,2003,CA,USF,FRIDAY,2003-06-29,2003-07-03,2,8,1.0,388.8525,2000-2009,2756256.242,10424.78199
8024,2003,CA,BLM,MICHAELS,2003-09-15,2003-09-18,14,8,1.0,388.8308,2000-2009,2403578.109,7939.634819
8025,2003,CA,CDF,SYCAMORE,2003-06-17,2003-06-18,2,6,1.0,375.3218,2000-2009,2161352.145,7066.415535
8026,2003,CA,CCO,AQUEDUCT,2003-10-13,2003-10-13,2,7,1.0,356.0853,2000-2009,2140447.262,9435.831925
8027,2003,CA,CCO,MERCURY,2003-07-20,2003-07-20,2,8,1.0,344.6724,2000-2009,2092995.531,9205.466926
8028,2003,CA,USF,ROYAL,2003-11-17,2003-11-29,5,6,1.0,338.8016,2000-2009,2290127.945,9038.899825
8029,2003,CA,USF,SAND,2003-11-28,2003-11-29,5,8,1.0,333.0275,2000-2009,2416780.582,17374.89304
8030,2003,CA,USF,MIDDLE,2003-08-07,2003-08-08,2,8,1.0,329.0013,2000-2009,1956053.41,6565.406063
8031,2003,CA,USF,TIMBER,2003-09-05,2003-09-09,1,8,1.0,313.6276,2000-2009,2268468.895,8647.505824
8032,2003,CA,CDF,4-2,2003-09-03,2003-09-05,2,8,1.0,304.0031,2000-2009,2062430.25,7711.491716
8033,2003,CA,CCO,LOS ALAMOS,2003-08-23,2003-08-23,16,6,1.0,302.7944,2000-2009,1817456.563,8178.177615
8034,2003,CA,CDF,PALERMO,2003-09-13,2003-09-14,9,2,1.0,298.7748,2000-2009,2023889.301,6696.270243
8035,2003,CA,CDF,PITTSBURG,2003-08-26,2003-08-26,1,1,1.0,298.2266,2000-2009,1946242.367,8237.355676
8036,2003,CA,CDF,PANOCHE,2003-04-30,2003-04-30,5,1,1.0,290.8282,2000-2009,1838007.582,6903.10868
8037,2003,CA,USF,ANDERSON,2003-09-03,2003-09-03,1,6,1.0,290.6202,2000-2009,1976870.191,7961.782439
8038,2003,CA,BLM,SKEDADDLE,2003-07-23,2003-07-28,1,8,1.0,285.8354,2000-2009,1998111.922,8871.116498
8039,2003,CA,USF,HAPPY,2003-10-24,2003-10-25,9,2,1.0,285.5646,2000-2009,1713256.77,6459.860876
8040,2003,CA,NPS,TUK,2003-10-26,2003-11-01,18,1,1.0,278.7794,2000-2009,1995999.32,9892.271881
8041,2003,CA,NPS,GIANT,2003-07-29,2003-12-13,1,1,2.0,275.4718,2000-2009,1731401.695,7194.110913
8042,2003,CA,USF,OLANCHA,2003-09-04,2003-09-15,1,2,1.0,271.6833,2000-2009,1696434.41,6465.178701
8043,2003,CA,CDF,BARRANCA,2003-06-30,2003-07-01,14,8,1.0,259.7687,2000-2009,1520443.004,6180.287577
8044,2003,CA,USF,97,2003-06-29,2003-07-01,5,6,1.0,251.1966,2000-2009,1817144.777,5948.725521
8045,2003,CA,CDF,MOUSE TWO,2003-09-22,2003-09-23,1,2,1.0,246.5859,2000-2009,1661284.906,8398.377047
8046,2003,CA,CDF,ELEPHANT,2003-08-06,2003-08-06,14,8,1.0,243.4415,2000-2009,1516494.633,6670.233356
8047,2003,CA,USF,TALIAFERRO,2003-09-03,2003-09-19,1,2,1.0,241.7343,2000-2009,1664927.156,6968.427141
8048,2003,CA,CDF,CUESTA,2003-11-28,2003-11-29,10,7,1.0,237.9146,2000-2009,1450050.762,5405.953207
8049,2003,CA,CDF,MATHEWS,2003-08-23,2003-08-24,9,8,1.0,234.61,2000-2009,1378260.441,5456.062293
8050,2003,CA,USF,ESTELL CREEK,2003-09-03,2003-09-12,1,2,1.0,221.5509,2000-2009,1512267.125,6843.149254
8051,2003,CA,CDF,DIANE,2003-09-07,2003-09-12,7,2,1.0,220.6193,2000-2009,1539362.141,8502.725949
8052,2003,CA,CCO,ALAMO,2003-07-26,2003-07-26,14,2,1.0,220.4149,2000-2009,1323687.309,10454.49803
8053,2003,CA,CDF,SALT,2003-07-18,2003-07-18,4,7,1.0,216.4392,2000-2009,1431263.77,5207.815435
8054,2003,CA,USF,BOWMAN,2003-09-03,2003-09-09,1,2,1.0,213.1618,2000-2009,1455294.008,5520.146768
8055,2003,CA,CDF,"""10""",2003-09-03,2003-09-10,1,2,1.0,212.8838,2000-2009,1475484.332,5834.456088
8056,2003,CA,CDF,DINELEY,2003-07-05,2003-07-06,11,7,1.0,205.5308,2000-2009,1289102.91,5776.03255
8057,2003,CA,NPS,HMRS NOS2,2003-09-05,2003-11-17,1,6,1.0,205.2301,2000-2009,1283602.617,6668.396299
8058,2003,CA,CDF,OBYRNES,2003-07-17,2003-07-17,9,1,1.0,204.1493,2000-2009,1328405.5,5158.360115
8059,2003,CA,USF,RAY,2003-09-04,2003-09-30,1,8,1.0,202.7475,2000-2009,1428030.348,6993.197674
8060,2003,CA,USF,LOGAN (LEE LOGAN),2003-09-03,2003-09-10,1,2,1.0,200.2145,2000-2009,1366948.66,5005.742971
8061,2003,CA,CDF,BRUSHY,2003-09-03,2003-09-03,1,1,1.0,198.6972,2000-2009,1330299.922,6850.914232
8062,2003,CA,CDF,SACKET,2003-06-30,2003-06-30,2,2,1.0,192.4163,2000-2009,1273654.969,4426.075713
8063,2003,CA,BLM,ROYCE,2003-06-29,2003-07-07,2,8,1.0,187.9791,2000-2009,1157357.961,8270.635247
8064,2003,CA,BLM,RAM,2003-07-20,2003-07-24,1,8,1.0,182.7516,2000-2009,1288170.203,7667.998276
8065,2003,CA,BLM,POINT,2003-07-08,2003-07-08,9,8,1.0,177.5443,2000-2009,1090459.449,4052.763745
8066,2003,CA,CDF,PINE,2003-08-27,2003-09-18,1,1,1.0,175.8898,2000-2009,1133204.84,4636.128762
8067,2003,CA,CCO,GORMAN,2003-09-27,2003-09-27,16,6,1.0,175.1584,2000-2009,1053417.195,6074.023411
8068,2003,CA,CDF,HOOVER,2003-08-04,2003-08-11,1,6,1.0,168.9027,2000-2009,1079835.938,5349.718831
8069,2003,CA,CDF,FOURTY,2003-07-01,2003-07-01,7,2,1.0,167.2532,2000-2009,1119622.711,4238.566548
8070,2003,CA,NPS,SNOW,2003-07-19,2003-11-07,1,1,1.0,166.8107,2000-2009,1083345.352,5565.812318
8071,2003,CA,CDF,RATTLESNAKE,2003-07-29,2003-08-08,7,2,1.0,164.2367,2000-2009,1126806.461,5978.617327
8072,2003,CA,CDF,OREGON,2003-09-10,2003-09-11,6,2,1.0,163.4828,2000-2009,1114232.238,4687.843887
8073,2003,CA,USF,TEMPLIN,2003-07-07,2003-07-07,2,8,1.0,156.4982,2000-2009,936712.3398,4482.958811
8074,2003,CA,CDF,CASTLE,2003-07-12,2003-07-12,14,8,1.0,156.1365,2000-2009,977985.3555,5117.336611
8075,2003,CA,CCO,DULCE,2003-07-05,2003-07-05,8,1,1.0,151.5897,2000-2009,904821.3438,5365.406353
8076,2003,CA,CDF,MORGAN,2003-08-05,2003-08-05,1,2,1.0,144.2492,2000-2009,964906.7383,4970.427382
8077,2003,CA,CCO,AIRPORT,2003-01-06,2003-01-06,13,7,1.0,142.8408,2000-2009,831471.8242,7375.82561
8078,2003,CA,NPS,STARR LAKE,2003-09-03,2003-11-07,1,6,1.0,142.5522,2000-2009,923504.3867,5650.759046
8079,2003,CA,CDF,HIGHWAY,2003-07-12,2003-07-12,10,1,1.0,142.2236,2000-2009,934017.168,4107.965996
8080,2003,CA,USF,ICE,2003-09-03,2003-09-06,1,2,1.0,139.8961,2000-2009,957951.0898,4586.091534
8081,2003,CA,BLM,TURTLE,2003-06-11,2003-06-12,14,8,1.0,137.0851,2000-2009,948920.293,7937.050903
8082,2003,CA,BLM,VALLEY,2003-07-22,2003-07-24,1,8,1.0,135.2002,2000-2009,964386.8086,6237.861279
8083,2003,CA,CDF,GEORGE,2003-07-11,2003-07-11,9,1,1.0,131.9135,2000-2009,831698.2461,4085.95649
8084,2003,CA,USF,WHITES,2003-09-03,2003-09-08,1,6,1.0,131.598,2000-2009,943662.0859,4193.340875
8085,2003,CA,USF,WEST CROCKETT,2003-09-03,2003-09-09,1,2,1.0,131.5727,2000-2009,893565.6523,4380.295641
8087,2003,CA,CDF,MARSHAL,2003-09-04,2003-09-04,10,1,1.0,126.8676,2000-2009,847343.6758,4945.95906
8088,2003,CA,CDF,ROCK,2003-07-05,2003-07-05,9,1,1.0,126.2086,2000-2009,818285.3477,4437.475807
8089,2003,CA,USF,HARDIN,2003-09-03,2003-09-09,1,2,1.0,123.2896,2000-2009,844454.0859,4632.385863
8091,2003,CA,CDF,MINE,2003-07-05,2003-07-05,9,8,1.0,114.6291,2000-2009,673108.1484,4512.144765
8092,2003,CA,CDF,LIGHTNING #64,2003-09-03,2003-09-04,1,1,1.0,112.8616,2000-2009,760262.3633,3483.373016
8093,2003,CA,CDF,BORDER#2,2003-08-13,2003-08-13,4,6,1.0,112.7066,2000-2009,644501.6484,5164.990779
8094,2003,CA,CCO,WEST,2003-06-06,2003-06-06,11,6,1.0,110.5337,2000-2009,663503.0273,5689.498809
8095,2003,CA,CDF,LOS GATOS,2003-08-26,2003-08-26,1,1,1.0,107.663,2000-2009,670854.3398,4308.290347
8096,2003,CA,CDF,SHELLY,2003-06-13,2003-06-13,10,2,1.0,106.9997,2000-2009,699988.9336,4138.867765
8097,2003,CA,CDF,HOLLAND,2003-09-30,2003-09-30,7,8,1.0,106.8073,2000-2009,625733.0234,3140.719241
8098,2003,CA,CDF,BIRD_2,2003-07-30,2003-07-30,1,1,1.0,105.9245,2000-2009,682881.207,3892.154561
8099,2003,CA,USF,HORSE (HULL),2003-09-03,2003-09-09,1,2,1.0,102.3731,2000-2009,697060.3398,4275.399084
8100,2003,CA,CDF,BELL,2003-08-18,2003-08-19,7,1,1.0,102.2319,2000-2009,702334.6211,3970.888818
8101,2003,CA,CDF,CUTTER,2003-07-25,2003-07-25,10,1,1.0,102.0732,2000-2009,682445.3906,4066.746529
8102,2003,CA,CDF,HWY26 #2,2003-08-31,2003-09-01,2,2,1.0,101.4241,2000-2009,666539.8008,4645.086614
8103,2003,CA,CDF,MCEWEN,2003-08-12,2003-08-13,2,1,1.0,100.3893,2000-2009,655545.5391,3723.928163
8104,2003,CA,CDF,TONZI,2003-08-18,2003-08-18,10,1,1.0,99.11134,2000-2009,654121.1328,3506.678987
8105,2003,CA,NPS,TAMARACK,2003-07-19,2003-11-07,1,1,1.0,96.88058,2000-2009,628229.6445,4703.6459
8106,2003,CA,CDF,TECTAH,2003-09-04,2003-09-06,1,2,1.0,96.65542,2000-2009,694460.3867,3990.362091
8107,2003,CA,CDF,CENTERVILLE,2003-10-26,2003-10-27,4,2,1.0,91.45284,2000-2009,626648.6289,4083.227699
8108,2003,CA,CDF,STRIKE,2003-07-30,2003-07-30,1,1,1.0,88.62248,2000-2009,571673.4883,3545.310902
8109,2003,CA,CDF,LIGHTNING #28,2003-08-26,2003-08-26,2,1,1.0,87.01574,2000-2009,563272.7266,3915.814471
8110,2003,CA,CDF,CALPINE,2003-10-29,2003-10-30,11,6,1.0,85.58295,2000-2009,570551.8672,3607.045339
8111,2003,CA,CDF,DONNER,2003-10-18,2003-10-23,7,1,1.0,85.22264,2000-2009,577258.1836,3809.730701
8112,2003,CA,USF,CAMP2,2003-06-28,2003-06-28,7,6,1.0,84.71707,2000-2009,607841.4414,3276.193707
8113,2003,CA,CDF,PANOCHE,2003-08-02,2003-08-02,1,1,1.0,84.03262,2000-2009,528785.7305,3492.763379
8114,2003,CA,CDF,CHUCKWAGON,2003-06-25,2003-06-26,2,1,1.0,82.05084,2000-2009,535463.668,4718.926281
8115,2003,CA,CDF,WEST,2003-10-24,2003-10-24,3,7,1.0,80.03024,2000-2009,558766.8086,4040.520972
8116,2003,CA,NPS,COFFEEPOT2,2003-09-03,2003-09-20,1,1,1.0,79.95559,2000-2009,500431.2344,3886.788293
8117,2003,CA,USF,CINDER,2003-09-25,2003-10-03,9,8,1.0,79.2459,2000-2009,554328.3516,4383.705665
8118,2003,CA,CCO,SYCAMORE INCIDENT,2003-03-28,2003-03-28,11,6,1.0,77.31881,2000-2009,457831.2422,3326.210064
8119,2003,CA,USF,WALKER CABIN,2003-09-03,2003-09-09,1,2,1.0,75.27887,2000-2009,515443.082,3725.572882
8120,2003,CA,CDF,LIGHTNING #26,2003-08-26,2003-08-26,2,1,1.0,73.61822,2000-2009,476485.1602,3525.109036
8121,2003,CA,CDF,200FIRE,2003-08-26,2003-08-26,1,6,1.0,72.3,2000-2009,461386.2539,2778.822993
8122,2003,CA,CDF,SILVERADO,2003-10-29,2003-10-30,11,1,1.0,69.32242,2000-2009,458838.0586,3387.872659
8123,2003,CA,USF,ROWHER,2003-08-17,2003-08-17,2,8,1.0,68.42754,2000-2009,409069.3945,3524.322201
8124,2003,CA,CCO,WILDWOOD,2003-10-21,2003-10-21,3,7,1.0,68.41597,2000-2009,405757.8008,3158.037434
8125,2003,CA,CDF,INDIAN SPRINGS,2003-09-09,2003-09-09,2,7,1.0,67.17598,2000-2009,422486.3555,3757.755112
8126,2003,CA,CDF,PITMAN,2003-08-15,2003-08-15,2,2,1.0,66.56636,2000-2009,434306.1328,2939.72654
8127,2003,CA,CDF,GARDEN,2003-09-01,2003-09-01,1,6,1.0,60.7241,2000-2009,407788.7383,2947.350863
8128,2003,CA,BLM,BACCHI,2003-06-25,2003-06-26,10,8,1.0,60.15599,2000-2009,402558.8281,2808.826779
8129,2003,CA,CDF,JACALITOS,2003-07-29,2003-07-29,2,1,1.0,58.6041,2000-2009,363791.0195,2390.718797
8130,2003,CA,CCO,CAT,2003-10-27,2003-10-27,11,1,1.0,58.16185,2000-2009,349787.082,3656.506964
8131,2003,CA,USF,MERCED,2003-07-28,2003-08-30,7,2,1.0,57.42621,2000-2009,372292.6133,3259.285219
8132,2003,CA,CDF,ALVARADO,2003-06-11,2003-06-11,11,1,1.0,57.22686,2000-2009,354117.8867,3590.524455
8133,2003,CA,CDF,OLINDA,2003-10-27,2003-10-27,10,1,1.0,56.5569,2000-2009,395490.3281,3204.595582
8134,2003,CA,BLM,MIDWAY,2003-07-30,2003-07-30,1,8,1.0,54.30684,2000-2009,329754.043,2940.680108
8135,2003,CA,CDF,TURCHET,2003-06-29,2003-07-01,2,1,1.0,52.92731,2000-2009,347321.75,2842.008386
8136,2003,CA,CDF,DEHESA,2003-06-30,2003-06-30,14,6,1.0,52.67769,2000-2009,302452.9063,3436.499109
8137,2003,CA,CDF,VALLEY,2003-06-25,2003-06-25,5,6,1.0,52.14443,2000-2009,349868.4336,2464.441706
8138,2003,CA,CDF,COLONY,2003-07-16,2003-07-16,11,7,1.0,52.12521,2000-2009,317479.0742,2696.719162
8139,2003,CA,USF,CORRECO,2003-07-27,2003-07-27,1,1,1.0,51.63148,2000-2009,353627.043,2997.653918
8140,2003,CA,BLM,MAYWOOD,2003-05-28,2003-05-29,2,8,1.0,50.86303,2000-2009,298712.0352,2662.20785
8141,2003,CA,USF,JUNE,2003-09-30,2003-10-06,9,2,1.0,50.43307,2000-2009,327619.7148,3464.402247
8142,2003,CA,USF,LITTLE,2003-07-30,2003-07-30,1,6,1.0,49.61662,2000-2009,304234.2891,2771.426234
8143,2003,CA,CDF,RIDGE,2003-08-15,2003-08-16,14,1,1.0,48.7096,2000-2009,341011.8164,3173.54841
8144,2003,CA,USF,LOYALTON,2003-07-20,2003-07-20,1,8,1.0,46.48029,2000-2009,317919.8359,3062.873221
8145,2003,CA,CDF,SPEARHEAD,2003-06-17,2003-06-17,5,2,1.0,45.5633,2000-2009,290098.0664,2585.563434
8146,2003,CA,CDF,PLATINA,2003-10-26,2003-10-26,14,7,1.0,44.60995,2000-2009,311344.4844,2522.907142
8147,2003,CA,CDF,DUNBAR,2003-08-29,2003-08-29,14,6,1.0,43.91949,2000-2009,252545.4648,2513.884708
8148,2003,CA,CDF,SINGLETON,2003-07-05,2003-07-05,14,8,1.0,42.78112,2000-2009,265202.3555,2514.115984
8149,2003,CA,CDF,LOFTY,2003-06-28,2003-06-28,8,1,1.0,42.13739,2000-2009,278603.6211,2445.051079
8150,2003,CA,USF,BROCK,2003-09-03,2003-09-08,1,2,1.0,42.08467,2000-2009,288423.3281,2419.087482
8151,2003,CA,CDF,JEWELL,2003-10-28,2003-10-29,4,1,1.0,41.74498,2000-2009,238755.8359,3149.632554
8152,2003,CA,BLM,BRUBECK,2003-07-23,2003-07-24,1,8,1.0,41.54723,2000-2009,292655.6797,2737.385164
8153,2003,CA,USF,VISTA,2003-07-07,2003-07-10,7,2,1.0,41.09523,2000-2009,297121.707,2546.651666
8154,2003,CA,USF,POLLARD,2003-07-06,2003-07-10,9,8,1.0,40.68747,2000-2009,289322.793,3858.602334
8155,2003,CA,BLM,DODGE,2003-07-24,2003-07-24,1,8,1.0,40.16666,2000-2009,285639.5234,3991.141952
8156,2003,CA,CDF,PINES,2003-09-24,2003-09-25,7,1,1.0,38.79679,2000-2009,260452.4063,2196.759393
8157,2003,CA,USF,MANZANITA SPRINGS,2003-09-03,2003-09-07,1,2,1.0,37.86018,2000-2009,259172.125,2265.833727
8159,2003,CA,CDF,SHELL,2003-08-09,2003-08-09,2,1,1.0,37.43691,2000-2009,244005.7266,2191.589953
8160,2003,CA,CDF,BORDER#5,2003-08-17,2003-08-19,4,6,1.0,37.30086,2000-2009,213229.25,2387.78175
8161,2003,CA,USF,POST,2003-07-08,2003-07-08,2,8,1.0,37.28207,2000-2009,224089.25,3025.433801
8162,2003,CA,CDF,OLD STAGE,2003-07-15,2003-07-15,8,1,1.0,36.86267,2000-2009,232727.2344,2299.484991
8163,2003,CA,CDF,BUTTE,2003-08-29,2003-08-29,14,1,1.0,36.24989,2000-2009,253677.2773,2349.644518
8164,2003,CA,NPS,KIBBIE,2003-07-20,2003-11-07,1,7,1.0,35.96737,2000-2009,235135.6289,3288.123338
8165,2003,CA,BLM,SOUTH,2003-08-01,2003-08-02,1,8,1.0,35.50453,2000-2009,214776.2578,4050.740756
8166,2003,CA,USF,HOPPER,2003-07-05,2003-07-06,2,8,1.0,34.57208,2000-2009,206301.0273,2770.833549
8167,2003,CA,USF,HALFWAY,2003-07-30,2003-08-01,1,6,1.0,34.27248,2000-2009,211311.8867,2601.946387
8168,2003,CA,USF,RANCHERIA,2003-07-10,2003-07-11,2,6,1.0,33.99319,2000-2009,208713.8281,1989.742861
8169,2003,CA,USF,RED ROCK,2003-09-03,2003-09-06,1,2,1.0,33.11336,2000-2009,225801.6523,2187.574961
8170,2003,CA,CDF,CREED,2003-07-31,2003-07-31,9,1,1.0,32.96297,2000-2009,213049.7773,2253.221425
8171,2003,CA,NPS,SLIDE BLUF,2003-08-25,2003-12-31,1,7,2.0,32.74517,2000-2009,207772.082,2288.217327
8172,2003,CA,USF,CROCKETT 2,2003-09-03,2003-09-06,1,2,1.0,32.66311,2000-2009,221759.3555,2096.315064
8173,2003,CA,NPS,BUCKEYE,2003-09-04,2003-09-20,1,2,1.0,30.9279,2000-2009,194143.1094,1900.519574
8174,2003,CA,CDF,BENNETT,2003-05-29,2003-05-29,14,8,1.0,30.55611,2000-2009,189434.8086,1978.306858
8175,2003,CA,USF,ROSCOE,2003-12-18,2003-12-18,9,8,1.0,29.67153,2000-2009,177344.375,1756.016839
8176,2003,CA,BLM,PETE,2003-07-25,2003-07-28,1,8,1.0,29.62663,2000-2009,207540.8398,2646.898246
8177,2003,CA,USF,THIMBLEBERRY,2003-09-05,2003-09-06,1,8,1.0,29.57423,2000-2009,212375.582,2174.754093
8178,2003,CA,CDF,RANGE,2003-07-01,2003-07-01,14,6,1.0,28.96182,2000-2009,165678.5938,1822.304134
8179,2003,CA,USF,DOW,2003-09-27,2003-09-27,2,2,1.0,28.79254,2000-2009,203165.582,2561.355027
8180,2003,CA,USF,BAR,2003-08-08,2003-08-08,9,6,1.0,28.70318,2000-2009,175551.5625,1858.497038
8181,2003,CA,BLM,MAIN,2003-07-08,2003-07-08,14,8,1.0,28.03885,2000-2009,172196.2578,2263.373775
8182,2003,CA,USF,DEL,2003-09-21,2003-09-21,2,8,1.0,27.97444,2000-2009,167631.7656,1648.018593
8183,2003,CA,CDF,KILLION,2003-08-12,2003-08-12,9,1,1.0,27.59347,2000-2009,174099.5,2499.030906
8184,2003,CA,CDF,SIERRA,2003-07-09,2003-07-10,10,1,1.0,26.92023,2000-2009,179988.9336,1755.040361
8185,2003,CA,USF,BRAINARD,2003-10-23,2003-10-23,8,8,1.0,26.39773,2000-2009,156849.3125,1724.60938
8187,2003,CA,USF,CHICO,2003-06-29,2003-06-30,9,6,1.0,24.9212,2000-2009,153723.3008,2202.178464
8188,2003,CA,NPS,EAST FORK,2003-09-03,2003-11-12,1,7,2.0,24.76123,2000-2009,155301.8516,2125.46899
8189,2003,CA,BLM,SNOWSTORM,2003-09-04,2003-09-04,1,8,1.0,24.16784,2000-2009,169893.5313,2821.806631
8190,2003,CA,CDF,POWERHOUSE,2003-07-24,2003-07-24,8,1,1.0,24.09627,2000-2009,153537.3047,1680.43395
8191,2003,CA,CDF,HIGHOAK,2003-09-24,2003-09-24,14,1,1.0,23.79488,2000-2009,150082.4375,2781.568947
8192,2003,CA,BLM,SPANISH,2003-07-23,2003-07-23,2,8,1.0,23.42282,2000-2009,141792.8945,1734.890647
8193,2003,CA,BLM,HW 36 / ISHI,2003-08-15,2003-08-15,14,8,1.0,23.0363,2000-2009,160113.1172,2239.595422
8194,2003,CA,USF,CARISSO,2003-07-15,2003-07-16,2,8,1.0,22.97452,2000-2009,142705.3359,1594.685398
8195,2003,CA,CDF,SCOTTS,2003-06-25,2003-06-25,7,6,1.0,22.91416,2000-2009,154346.0156,1819.17852
8196,2003,CA,USF,WOOLEY,2003-08-02,2003-08-07,1,2,1.0,22.72387,2000-2009,164037.6445,2263.836291
8197,2003,CA,USF,SHOOTING,2003-08-03,2003-08-03,9,8,1.0,22.66387,2000-2009,134805.1094,1565.903196
8198,2003,CA,CDF,LIGHTNING #81,2003-09-03,2003-09-03,1,1,1.0,22.03114,2000-2009,148442.2305,1567.408509
8199,2003,CA,CCO,SAGE,2003-09-02,2003-09-02,11,6,1.0,21.87809,2000-2009,130702.5859,2199.149897
8200,2003,CA,CDF,MURPHY,2003-07-05,2003-07-05,10,1,1.0,21.79315,2000-2009,142014.2227,2773.05948
8201,2003,CA,USF,SMOKEHOUSE,2003-09-03,2003-09-06,1,2,1.0,21.05291,2000-2009,143231.418,2045.325561
8202,2003,CA,USF,BURGSON,2003-07-29,2003-08-26,1,6,1.0,19.18328,2000-2009,126539.0273,1630.255467
8203,2003,CA,USF,ROCK,2003-09-05,2003-09-07,1,2,1.0,19.13757,2000-2009,140287.4609,2274.37251
8204,2003,CA,BLM,IRON CANYON,2003-09-03,2003-09-03,14,8,1.0,18.84302,2000-2009,131059.2656,1654.32201
8205,2003,CA,CDF,LIGHTNING 55,2003-07-30,2003-07-31,1,1,2.0,18.37549,2000-2009,130668.7148,2197.548583
8206,2003,CA,DOD,LF-02,2003-07-18,2003-07-18,14,1,1.0,18.19914,2000-2009,109598.7813,1543.439073
8207,2003,CA,CDF,WATTS,2003-06-29,2003-06-29,2,1,1.0,17.59989,2000-2009,111376.2422,1662.814105
8208,2003,CA,USF,SUGAR,2003-09-24,2003-09-26,7,8,1.0,17.13098,2000-2009,121867.3867,1549.063435
8209,2003,CA,BLM,TOOMEY,2003-06-20,2003-08-26,2,8,1.0,17.10704,2000-2009,107692.8516,1354.131228
8210,2003,CA,BLM,HILL,2003-06-10,2003-06-10,2,8,1.0,17.08043,2000-2009,103924.5078,1875.165563
8211,2003,CA,USF,SIGNAL,2003-07-20,2003-07-20,9,2,1.0,16.9174,2000-2009,119286.1172,1625.625935
8212,2003,CA,CDF,WONDER,2003-10-28,2003-10-28,10,7,1.0,15.7122,2000-2009,110888.8828,2603.768237
8213,2003,CA,CDF,RAINBOW,2003-07-06,2003-07-10,14,2,1.0,15.61352,2000-2009,108801.4961,1416.879937
8214,2003,CA,USF,CANYON,2003-08-21,2003-08-21,1,8,1.0,15.38653,2000-2009,92641.27344,1451.992875
8215,2003,CA,NPS,COFFEEPOT,2003-07-24,2003-07-27,1,1,1.0,14.98248,2000-2009,93809.15625,1613.138021
8216,2003,CA,USF,WALSER,2003-10-20,2003-10-20,2,6,1.0,14.81134,2000-2009,90453.64063,1220.135083
8217,2003,CA,CDF,LIGHTNING #24,2003-08-26,2003-08-26,1,2,1.0,14.72549,2000-2009,95659.25391,1310.237161
8218,2003,CA,USF,CHINA #1,2003-09-05,2003-09-05,1,8,1.0,14.6062,2000-2009,102405.6992,2033.325379
8219,2003,CA,CDF,PARKS,2003-07-07,2003-07-08,14,1,1.0,14.60339,2000-2009,98619.93359,1565.073119
8220,2003,CA,BLM,MINE,2003-08-20,2003-08-21,14,8,1.0,14.22727,2000-2009,100174.6797,1414.825486
8221,2003,CA,USF,DARK,2003-08-31,2003-09-01,1,1,1.0,13.60757,2000-2009,92863.80078,1744.826867
8222,2003,CA,USF,GREEN,2003-09-05,2003-09-08,1,8,1.0,13.50682,2000-2009,96054.26953,1434.34231
8223,2003,CA,USF,BUCK RIDGE,2003-09-03,2003-09-07,1,1,1.0,13.43308,2000-2009,91763.32031,1116.741506
8224,2003,CA,CDF,WILDCAT,2003-10-11,2003-10-11,2,1,1.0,13.30417,2000-2009,93052.375,1298.706741
8225,2003,CA,USF,DEL LAGO,2003-09-01,2003-09-01,9,8,1.0,12.48529,2000-2009,74825.16406,1044.140646
8226,2003,CA,CDF,REZZ,2003-07-09,2003-07-09,14,8,1.0,12.35312,2000-2009,76572.31641,1336.684092
8227,2003,CA,USF,MCCLOUD,2003-11-23,2003-11-26,7,8,1.0,11.99447,2000-2009,81337.29297,1383.394378
8228,2003,CA,CDF,TURNER,2003-06-26,2003-06-26,2,1,1.0,11.82376,2000-2009,77368.66797,1196.974424
8229,2003,CA,CDF,GRADE,2003-07-13,2003-07-13,2,6,1.0,11.70157,2000-2009,67786.82422,1137.491794
8230,2003,CA,USF,GIRARD,2003-07-23,2003-07-25,1,8,1.0,11.64283,2000-2009,83138.39453,1384.726137
8231,2003,CA,CDF,WATTS,2003-06-16,2003-06-16,7,1,1.0,11.49994,2000-2009,72900.96484,1625.751279
8232,2003,CA,USF,SHEEP RIDGE,2003-09-03,2003-09-09,1,2,1.0,11.37663,2000-2009,77628.26172,1278.981485
8233,2003,CA,USF,MIDDLE,2003-09-03,2003-09-08,1,2,1.0,11.33622,2000-2009,77335.08203,1007.80706
8234,2003,CA,USF,HEAVEN,2003-06-06,2003-06-07,5,2,1.0,11.12984,2000-2009,81193.22266,1642.015897
8235,2003,CA,USF,NEVADA,2003-07-10,2003-07-10,2,2,1.0,11.12681,2000-2009,74582.57422,2019.144264
8236,2003,CA,CDF,LIGHTNING #13,2003-09-03,2003-09-05,1,1,1.0,10.33334,2000-2009,70093.24609,1136.12905
8237,2003,CA,DOD,GLOBE,2003-07-15,2003-07-15,11,1,1.0,10.28274,2000-2009,61951.36328,1605.852682
8238,2003,CA,USF,DUMP,2003-01-06,2003-01-06,9,8,1.0,9.185514,2000-2009,54589.45313,1137.045823
8239,2003,CA,USF,MCGEE,2003-09-03,2003-09-03,1,2,1.0,8.035213,2000-2009,51900.24219,1191.684169
8240,2003,CA,USF,HAVALON,2003-09-03,2003-09-07,1,6,1.0,7.761516,2000-2009,53284.9375,939.2878192
8241,2003,CA,USF,DOE #2,2003-09-03,2003-09-08,1,2,1.0,6.044219,2000-2009,41621.16016,963.5958626
8242,2003,CA,CDF,KELLY,2003-07-26,2003-07-26,2,6,1.0,5.998993,2000-2009,39676.92969,763.0162472
8243,2003,CA,BLM,STEEP,2003-07-25,2003-07-28,1,8,1.0,5.570854,2000-2009,39010.19141,745.9383154
8244,2003,CA,CDF,JOHNSON,2003-09-04,2003-09-05,10,8,1.0,5.019665,2000-2009,36029.64844,763.408995
8245,2003,CA,CDF,BUCKEYE,2003-07-30,2003-07-30,1,1,1.0,4.56472,2000-2009,29433.57813,694.4231554
8246,2003,CA,NPS,DENNISON,2003-07-31,2003-09-23,1,2,1.0,4.51493,2000-2009,28201.97266,1116.164481
8247,2003,CA,USF,CONKLIN,2003-09-03,2003-09-03,1,6,1.0,4.24912,2000-2009,29169.11719,740.269564
8248,2003,CA,USF,DOE #3,2003-09-03,2003-09-06,1,2,1.0,3.318981,2000-2009,22858.16797,1103.155083
8249,2003,CA,USF,TRIPLETT 2,2003-09-03,2003-09-04,1,6,1.0,2.658751,2000-2009,18092.42578,841.0208251
8250,2003,CA,USF,MARE,2003-09-03,2003-09-05,1,2,1.0,2.241319,2000-2009,15396.97656,447.9154716
8251,2003,CA,USF,ERICSON,2003-09-03,2003-09-05,1,2,1.0,1.688774,2000-2009,11477.51563,411.9330552
8252,2003,CA,USF,TRIPLETT,2003-09-03,2003-09-03,1,6,1.0,1.594769,2000-2009,10852.73047,452.1534115
8253,2003,CA,USF,CEDAR 3,2003-09-03,2003-09-04,1,6,1.0,1.146085,2000-2009,7820.210938,361.3800841
8254,2003,CA,USF,STREETER,2003-09-03,2003-09-04,1,2,1.0,0.5584593,2000-2009,3778.691406,288.5711247
8255,2003,CA,USF,GARRETT,2003-09-03,2003-09-04,1,2,1.0,0.1756178,2000-2009,1189.347656,154.6087385
8256,2003,CA,USF,GRAVELLY,2003-09-03,2003-09-04,1,8,1.0,0.1165791,2000-2009,792.3398438,99.79775122
8257,2003,CA,CDF,MEDINA,2003-10-18,2003-10-18,14,6,1.0,0.1017515,2000-2009,668.6796875,115.7267271
8258,2003,CA,NPS,DEL NORTE,2003-05-25,2003-05-25,4,6,,0.09372396,2000-2009,553.3867188,83.42298053
8259,2003,CA,USF,YOUNG,2003-09-03,2003-09-04,1,2,1.0,0.04278698,2000-2009,289.1484375,67.73182222
8260,2003,CA,USF,DOE #1,2003-09-03,2003-09-03,1,2,1.0,0.03367797,2000-2009,231.8164063,69.44387226
8261,2003,CA,USF,BUCKHORN #2,2003-09-03,2003-09-04,1,6,1.0,0.03343417,2000-2009,228.4804688,90.99115157
8262,2002,OR,USF,BISCUIT,2002-07-13,2002-11-08,1,8,1.0,501082.0,2000-2009,3708702192.0,545191.7425
8263,2002,CA,USF,MCNALLY,2002-07-21,2002-08-28,4,6,1.0,149475.3,2000-2009,927697458.2,351749.0508
8264,2002,CA,CDF,PINES,2002-07-29,2002-08-11,11,2,1.0,61691.24,2000-2009,357037696.9,231239.5303
8265,2002,CA,USF,WILLIAMS,2002-09-22,2002-10-10,7,6,1.0,38118.95,2000-2009,226047287.3,110135.828
8266,2002,CA,USF,CANNON,2002-06-15,2002-07-16,4,8,1.0,26684.13,2000-2009,176504974.7,97533.19776
8267,2002,CA,CCO,WOLF,2002-06-01,2002-06-14,9,2,1.0,21641.14,2000-2009,129547616.2,88006.08958
8268,2002,CA,USF,CURVE,2002-09-01,2002-09-14,9,6,1.0,20870.75,2000-2009,124086326.0,75779.893
8269,2002,CA,CCO,COPPER,2002-06-05,2002-06-12,2,7,1.0,19101.64,2000-2009,114250021.6,97960.45347
8270,2002,CA,DOD,SUDDEN,2002-06-15,2002-06-15,11,1,1.0,7503.215,2000-2009,44869403.82,60121.18701
8271,2002,CA,USF,BLUE CUT,2002-06-16,2002-06-26,7,8,1.0,6821.039,2000-2009,40560181.11,57147.82773
8274,2002,CA,CDF,GAVILAN,2002-02-10,2002-02-13,5,2,1.0,5663.117,2000-2009,32965349.22,50998.77462
8275,2002,CA,USF,LEONA,2002-09-03,2002-09-04,7,6,1.0,4904.465,2000-2009,29352892.43,47998.28992
8276,2002,CA,BLM,RUSH,2002-07-13,2002-07-17,1,8,1.0,4846.337,2000-2009,34088576.63,45528.18456
8277,2002,CA,USF,BOUQUET,2002-05-11,2002-05-13,9,6,1.0,4285.11,2000-2009,25618677.64,32172.223
8278,2002,CA,USF,BOREL,2002-06-15,2002-06-18,9,6,1.0,3417.899,2000-2009,20969854.6,32458.53015
8279,2002,CA,CDF,MUSSOLINI,2002-07-13,2002-07-20,2,2,1.0,3217.744,2000-2009,23207095.47,24162.70977
8281,2002,CA,USF,STANZA,2002-07-22,2002-08-05,1,8,1.0,2820.613,2000-2009,20472073.33,25583.63928
8282,2002,CA,USF,ARROWHEAD,2002-05-31,2002-06-07,9,8,1.0,2579.078,2000-2009,15294128.65,23233.40459
8283,2002,CA,USF,BIRCH,2002-07-01,2002-07-30,1,2,1.0,2549.372,2000-2009,16437212.68,25450.59831
8284,2002,CA,CCO,GREEN,2002-02-09,2002-02-12,11,6,1.0,2234.36,2000-2009,13143623.13,19951.07881
8285,2002,CA,CDF,SKYWAY,2002-06-08,2002-06-10,1,2,1.0,2141.467,2000-2009,14651860.51,20450.29367
8286,2002,CA,CDF,DAVIS,2002-06-09,2002-06-11,14,2,1.0,2117.687,2000-2009,13019307.88,24042.22063
8287,2002,CA,USF,CONE,2002-09-26,2002-09-30,2,8,1.0,2007.335,2000-2009,14169462.18,23358.11985
8288,2002,CA,USF,MATEO,2002-05-13,2002-05-14,9,2,1.0,1882.25,2000-2009,10971478.07,14608.3724
8289,2002,CA,NPS,WOLF,2002-07-11,2002-11-09,1,1,1.0,1875.442,2000-2009,12200393.2,32131.27683
8290,2002,CA,USF,PLUM,2002-11-12,2002-12-20,5,2,1.0,1762.244,2000-2009,11741422.64,20129.55847
8291,2002,CA,USF,TROY,2002-06-19,2002-06-21,4,2,1.0,1557.872,2000-2009,8953324.098,12729.03402
8292,2002,CA,CDF,SIXTEEN,2002-10-01,2002-10-02,7,2,1.0,1513.814,2000-2009,10127873.17,17387.01716
8293,2002,CA,BLM,BLACK,2002-07-12,2002-07-16,1,8,1.0,1511.936,2000-2009,10628872.93,14941.31081
8294,2002,CA,NPS,PALISADE,2002-08-26,2002-11-10,1,2,2.0,1497.774,2000-2009,9534277.133,21042.48201
8295,2002,CA,CCO,ANTONIO,2002-05-13,2002-05-14,9,7,1.0,1480.469,2000-2009,8658982.48,21925.96569
8296,2002,CA,CCO,COPCO,2002-06-18,2002-06-20,14,7,1.0,1404.16,2000-2009,8435124.254,15282.22125
8297,2002,CA,USF,FORKS,2002-06-09,2002-06-10,5,8,1.0,1388.167,2000-2009,9953856.277,15376.97088
8298,2002,CA,CDF,HIGHWAY 58,2002-07-18,2002-07-22,14,2,1.0,1285.466,2000-2009,7853160.688,14688.26492
8299,2002,CA,CDF,STAGE,2002-06-22,2002-06-22,7,1,1.0,1159.797,2000-2009,7173505.254,14855.19378
8300,2002,CA,USF,GARNET,2002-07-13,2002-07-17,9,2,1.0,1155.778,2000-2009,6654711.219,10961.58901
8301,2002,CA,CCO,OASIS,2002-09-14,2002-09-14,7,2,1.0,1151.388,2000-2009,6870329.41,20642.76573
8302,2002,CA,CDF,VIEUX,2002-06-18,2002-06-18,11,8,1.0,1028.645,2000-2009,6659696.613,21063.52374
8303,2002,CA,CCO,FREEWAY II,2002-09-01,2002-09-03,7,6,1.0,1028.471,2000-2009,6148273.656,17099.35138
8304,2002,CA,CDF,PINE,2002-11-25,2002-11-28,5,2,1.0,1024.012,2000-2009,6844662.871,16697.55973
8305,2002,CA,CDF,FIELD,2002-06-09,2002-06-13,11,7,1.0,936.6465,2000-2009,6326316.328,15802.43733
8306,2002,CA,CCO,EVENING,2002-04-21,2002-04-22,8,7,1.0,892.95,2000-2009,5256830.68,13467.921
8307,2002,CA,USF,SHELLY,2002-07-28,2002-08-02,9,8,1.0,843.6793,2000-2009,6164140.102,13334.80412
8308,2002,CA,CDF,HICKOK,2002-08-31,2002-08-31,7,8,1.0,775.8331,2000-2009,5167738.805,13165.64963
8309,2002,CA,CDF,POPE,2002-08-09,2002-08-12,2,2,1.0,753.8942,2000-2009,5011728.336,9316.683141
8310,2002,CA,CCO,MOUNTAIN,2002-09-09,2002-09-11,14,1,1.0,749.0938,2000-2009,4442023.32,10393.02449
8311,2002,CA,USF,BOBCAT,2002-08-24,2002-08-24,9,6,1.0,738.5582,2000-2009,4233069.695,8616.378896
8313,2002,CA,USF,GONDOLA,2002-07-03,2002-07-10,3,2,1.0,642.9952,2000-2009,4308915.457,16526.95999
8314,2002,CA,CDF,"SPI #3 ""SOURGRASS""",2002-11-25,2002-11-30,5,1,1.0,635.0515,2000-2009,4184001.355,15774.82537
8315,2002,CA,CDF,SIERRA,2002-09-18,2002-09-20,10,1,1.0,594.3347,2000-2009,3964415.23,20295.76435
8316,2002,CA,CDF,SQUIRREL,2002-09-03,2002-09-05,3,7,1.0,578.3558,2000-2009,4071891.555,14544.68335
8318,2002,CA,USF,HUNTER,2002-11-25,2002-11-25,5,6,1.0,545.3636,2000-2009,3648533.238,20516.92606
8319,2002,CA,CCO,BLUE GUM,2002-11-20,2002-11-21,9,7,1.0,496.7691,2000-2009,2926238.012,11910.79432
8320,2002,CA,CDF,BURNS,2002-09-19,2002-09-21,14,2,1.0,491.7473,2000-2009,3372909.484,7694.635483
8321,2002,CA,USF,ROCKY,2002-06-02,2002-06-04,9,6,1.0,446.0317,2000-2009,2727598.477,7988.386002
8322,2002,CA,CDF,TIVY,2002-05-09,2002-05-10,11,7,1.0,439.4451,2000-2009,2777958.188,11069.7525
8323,2002,CA,CDF,AERA,2002-06-09,2002-06-09,11,1,1.0,425.3806,2000-2009,2652362.504,11330.66717
8324,2002,CA,CDF,COX,2002-05-18,2002-05-18,14,8,1.0,424.0797,2000-2009,2726841.922,9467.121497
8325,2002,CA,USF,ROCK CREEK 2,2002-11-25,2002-12-01,5,2,1.0,402.495,2000-2009,2577214.172,9694.58745
8327,2002,CA,USF,PIUTE,2002-09-24,2002-10-20,9,1,1.0,391.6247,2000-2009,2523506.863,13555.47802
8328,2002,CA,BLM,36,2002-10-01,2002-10-03,9,8,1.0,379.9122,2000-2009,2640391.883,10020.03371
8329,2002,CA,CCO,PLACERITA,2002-07-08,2002-07-08,7,7,1.0,358.8925,2000-2009,2137673.938,13909.70603
8330,2002,CA,USF,GRANITE II,2002-11-25,2002-11-26,5,8,1.0,355.8457,2000-2009,2418853.504,36328.15707
8331,2002,CA,CDF,LOUIS,2002-07-21,2002-07-21,9,6,1.0,333.9936,2000-2009,2078739.23,5791.296833
8332,2002,CA,CDF,TWIN,2002-06-08,2002-06-08,7,8,1.0,321.5155,2000-2009,2118790.32,6918.464274
8333,2002,CA,USF,ST. PAULI,2002-07-26,2002-07-30,9,2,1.0,321.0155,2000-2009,2140717.574,7354.593953
8334,2002,CA,CCO,SHANNON,2002-05-23,2002-05-23,14,7,1.0,298.9299,2000-2009,1786884.883,6990.025641
8335,2002,CA,BLM,ANNIE,2002-07-12,2002-07-13,1,1,1.0,292.0637,2000-2009,2135929.559,6428.659809
8336,2002,CA,USF,SHOWERS,2002-08-19,2002-08-25,9,2,1.0,288.6087,2000-2009,1924834.668,7380.738429
8337,2002,CA,CDF,GARDEN,2002-06-09,2002-06-11,11,7,1.0,284.2474,2000-2009,1905518.965,6523.290666
8338,2002,CA,CDF,BORDER#4,2002-04-13,2002-04-13,4,7,1.0,271.7073,2000-2009,1553101.895,7456.11509
8339,2002,CA,CDF,SHAMROCK,2002-08-20,2002-08-21,2,2,1.0,271.0761,2000-2009,1850716.445,7152.9962
8340,2002,CA,CDF,BORDER#2,2002-02-26,2002-02-26,4,7,1.0,270.6325,2000-2009,1549041.738,5704.831219
8341,2002,CA,CDF,PG&E#1,2002-06-09,2002-06-09,2,2,1.0,266.093,2000-2009,1741130.836,6524.833854
8342,2002,CA,CDF,COTTONWOOD,2002-07-04,2002-07-05,10,6,1.0,264.7036,2000-2009,1686112.48,7411.455029
8343,2002,CA,USF,PEAK,2002-08-09,2002-08-11,2,6,1.0,245.0083,2000-2009,1412868.023,5597.695704
8344,2002,CA,CDF,WOODLAND,2002-08-27,2002-08-27,7,7,1.0,244.3034,2000-2009,1411859.23,5854.771861
8346,2002,CA,CCO,ZACA,2002-07-24,2002-07-24,10,2,1.0,220.4901,2000-2009,1325282.918,5415.951888
8347,2002,CA,NPS,RANCH,2002-07-19,2002-11-09,1,1,1.0,219.674,2000-2009,1433101.539,7036.052057
8348,2002,CA,CDF,BLACK,2002-09-08,2002-09-10,7,1,1.0,215.8804,2000-2009,1453962.988,5285.326248
8349,2002,CA,CDF,MANZANITA#2,2002-06-24,2002-06-24,14,7,1.0,214.9016,2000-2009,1231662.152,6289.889669
8350,2002,CA,CDF,PG&E#4,2002-08-25,2002-08-25,11,8,1.0,200.1544,2000-2009,1305371.621,5313.720359
8351,2002,CA,USF,INDIAN,2002-03-31,2002-03-31,9,6,1.0,193.1655,2000-2009,1133299.516,4262.964561
8352,2002,CA,CDF,128,2002-09-04,2002-09-05,14,2,1.0,187.9599,2000-2009,1244058.703,5068.197993
8353,2002,CA,CDF,BEAN,2002-11-26,2002-12-01,5,2,1.0,187.2257,2000-2009,1279240.289,5717.24603
8354,2002,CA,USF,EAGLE,2002-07-25,2002-07-29,9,8,1.0,184.2388,2000-2009,1344024.465,5413.2742
8355,2002,CA,CDF,DAGUERRA POINT,2002-09-20,2002-09-20,7,6,1.0,178.6963,2000-2009,1206057.586,6497.872503
8356,2002,CA,CDF,KELLOGG,2002-04-28,2002-04-29,10,2,1.0,174.5144,2000-2009,1274716.289,5030.605758
8357,2002,CA,CDF,WHITE #2,2002-10-10,2002-10-10,14,8,1.0,169.9014,2000-2009,1128497.57,6301.339642
8358,2002,CA,CDF,WILLOW,2002-09-24,2002-09-24,2,7,1.0,165.9398,2000-2009,1088721.793,5265.712693
8359,2002,CA,CCO,CHERRY,2002-08-25,2002-08-25,14,6,1.0,159.3011,2000-2009,953560.4805,5672.707694
8360,2002,CA,CDF,DEL_PUERTO,2002-05-15,2002-05-15,14,8,1.0,154.2972,2000-2009,993024.2188,5291.322367
8361,2002,CA,CDF,ELDERWOOD,2002-05-16,2002-05-16,6,1,1.0,152.55,2000-2009,956800.8008,4002.154194
8362,2002,CA,USF,PIPER,2002-07-12,2002-07-15,1,2,1.0,150.7777,2000-2009,962885.625,4828.941707
8363,2002,CA,CDF,PG&E,2002-06-08,2002-06-08,11,8,1.0,140.607,2000-2009,905147.8633,4468.140164
8364,2002,CA,DOD,CYPRESS,2002-07-08,2002-07-08,11,1,1.0,137.1089,2000-2009,820120.5938,6747.815301
8366,2002,CA,USF,ATMORE,2002-03-30,2002-03-31,9,2,1.0,134.2224,2000-2009,805294.3438,4907.920715
8367,2002,CA,CCO,AVERY,2002-06-11,2002-06-11,9,1,1.0,129.8324,2000-2009,758295.2031,4020.5097
8368,2002,CA,USF,RAINBOW,2002-07-22,2002-07-23,1,8,1.0,126.88,2000-2009,916267.6797,5475.140103
8369,2002,CA,CDF,CHESTNUT,2002-06-08,2002-06-08,3,6,1.0,119.5704,2000-2009,835923.9844,3992.564305
8370,2002,CA,CCO,RIDGE,2002-06-04,2002-06-04,7,6,1.0,118.3375,2000-2009,707068.1445,5796.4494
8371,2002,CA,BLM,TECOPA,2002-03-05,2002-03-08,9,8,1.0,115.9685,2000-2009,715605.3203,7137.293033
8372,2002,CA,USF,WILDWOOD,2002-06-20,2002-06-28,2,6,1.0,112.8126,2000-2009,670473.8672,4901.657629
8373,2002,CA,NPS,WILMER,2002-07-14,2002-11-09,1,1,1.0,112.6442,2000-2009,737278.9219,5259.514084
8374,2002,CA,USF,ELLIS 2,2002-11-15,2002-11-25,5,6,1.0,112.5387,2000-2009,744740.9102,8734.127111
8375,2002,CA,CDF,BEAR,2002-05-18,2002-05-19,18,6,1.0,110.3732,2000-2009,742796.75,3233.8197
8376,2002,CA,CCO,CAMBRIDGE,2002-10-08,2002-10-08,14,6,1.0,108.0377,2000-2009,644749.7656,5426.339138
8377,2002,CA,CDF,BETHANY,2002-06-01,2002-06-01,11,8,1.0,99.33923,2000-2009,644769.7383,4330.759702
8378,2002,CA,CDF,PALM#1,2002-04-15,2002-04-15,14,7,1.0,94.97114,2000-2009,551460.3281,3732.530036
8379,2002,CA,CDF,TEN MILE,2002-11-28,2002-11-30,5,6,1.0,92.62769,2000-2009,631995.3359,3974.750174
8380,2002,CA,NPS,LIBERTY,2002-10-10,2002-10-25,14,1,1.0,91.78304,2000-2009,594821.3945,3422.313633
8381,2002,CA,CDF,CANYON,2002-06-29,2002-06-29,14,6,1.0,91.18798,2000-2009,524941.6328,2847.533697
8382,2002,CA,BLM,HORSE,2002-07-12,2002-07-15,1,8,1.0,91.16408,2000-2009,640804.1797,3826.120805
8383,2002,CA,CCO,LAGUNA,2002-06-26,2002-06-26,2,7,1.0,83.29993,2000-2009,486839.8516,2843.858898
8384,2002,CA,CCO,QUARRY,2002-09-04,2002-09-04,14,6,1.0,81.99478,2000-2009,488971.1836,5284.571469
8385,2002,CA,CDF,WHITE,2002-07-01,2002-07-01,10,8,1.0,80.64008,2000-2009,535387.3555,4014.131585
8386,2002,CA,CDF,HOWELL,2002-08-17,2002-08-17,10,2,1.0,80.33696,2000-2009,524658.4844,3585.774496
8387,2002,CA,CDF,COLGATE,2002-06-09,2002-06-12,11,2,1.0,79.67188,2000-2009,539642.043,4292.897565
8388,2002,CA,CDF,GRANITE,2002-05-14,2002-05-14,6,1,1.0,74.49519,2000-2009,462462.4453,3169.971366
8389,2002,CA,USF,HOLY,2002-01-23,2002-01-27,4,6,1.0,74.32557,2000-2009,435511.8359,2811.174405
8390,2002,CA,USF,SUSANNA,2002-06-03,2002-06-10,4,6,1.0,73.18829,2000-2009,434457.0,3773.895408
8391,2002,CA,USF,MUTTON,2002-11-25,2002-11-25,5,6,1.0,71.98321,2000-2009,481929.1328,3428.387525
8392,2002,CA,CDF,WAVERLY,2002-06-12,2002-06-12,2,2,1.0,71.82471,2000-2009,469233.2305,3608.578098
8393,2002,CA,NPS,DELTOID,2002-07-24,2002-08-05,4,6,1.0,71.19209,2000-2009,461469.5,5886.369275
8394,2002,CA,CDF,FRITZ,2002-08-13,2002-08-13,7,1,1.0,69.63414,2000-2009,435260.1328,3468.23759
8395,2002,CA,CDF,LIGHTNING #1,2002-04-04,2002-04-04,1,1,1.0,69.46049,2000-2009,498584.9844,2945.623314
8396,2002,CA,CDF,STONY,2002-07-03,2002-07-03,2,8,1.0,67.55447,2000-2009,444424.7773,3430.635311
8397,2002,CA,CCO,BURLWOOD,2002-05-22,2002-05-22,7,1,1.0,66.40936,2000-2009,396360.2734,4315.611381
8398,2002,CA,CCO,FREEWAY I,2002-07-09,2002-07-09,7,6,1.0,64.8705,2000-2009,386159.2305,5259.46068
8399,2002,CA,CDF,MCPHEE,2002-08-09,2002-08-09,2,2,1.0,64.12989,2000-2009,416804.4688,3239.381361
8400,2002,CA,CDF,MERRILL,2002-07-11,2002-07-11,2,1,1.0,63.31601,2000-2009,401057.25,2595.868197
8401,2002,CA,NPS,OTTOWAY,2002-07-11,2002-11-09,1,1,1.0,62.59855,2000-2009,404633.0234,2465.249873
8402,2002,CA,USF,KIVA,2002-11-16,2002-11-18,5,2,1.0,62.58101,2000-2009,419201.8633,4244.891376
8403,2002,CA,NPS,SLIDE,2002-08-06,2002-11-10,1,2,2.0,61.93106,2000-2009,392963.832,4480.42943
8404,2002,CA,CDF,BRENNAN,2002-07-09,2002-07-09,2,2,1.0,60.41567,2000-2009,382031.9688,2382.920526
8405,2002,CA,CDF,HAZLETON,2002-06-24,2002-06-24,2,1,1.0,60.11042,2000-2009,380078.6602,3621.509233
8406,2002,CA,CDF,SUCCESS,2002-06-01,2002-06-01,10,6,1.0,59.35616,2000-2009,368544.1211,2792.129826
8407,2002,CA,CDF,KIBBE,2002-10-29,2002-10-29,6,2,1.0,59.21562,2000-2009,399726.832,2666.501164
8408,2002,CA,CDF,UNION,2002-11-27,2002-11-30,5,2,1.0,57.98298,2000-2009,395535.4102,2692.907277
8409,2002,CA,CDF,IRON,2002-09-01,2002-09-05,14,6,1.0,55.11178,2000-2009,392467.7656,2638.616551
8410,2002,CA,NPS,LUKENS,2002-07-13,2002-11-09,1,1,1.0,53.03718,2000-2009,344867.1484,5650.173519
8411,2002,CA,CDF,"SPI #4 ""MILL CREEK #1""",2002-11-25,2002-11-30,5,1,1.0,52.64925,2000-2009,346752.6992,2332.76481
8412,2002,CA,CDF,SILVER,2002-06-10,2002-06-10,4,6,1.0,50.45759,2000-2009,356029.4961,3089.013566
8413,2002,CA,USF,BEAR 2,2002-11-24,2002-11-25,5,2,1.0,48.81709,2000-2009,323185.0547,3578.721168
8414,2002,CA,USF,POPLAR,2002-07-30,2002-07-31,2,8,1.0,47.84096,2000-2009,328718.4141,2726.781911
8415,2002,CA,CDF,PONDEROSA,2002-08-18,2002-08-21,7,7,1.0,46.05534,2000-2009,309056.5,2467.345128
8416,2002,CA,BLM,AMMEN,2002-08-11,2002-08-11,9,8,1.0,42.79679,2000-2009,298851.3008,2258.554349
8417,2002,CA,CDF,VALLEY,2002-06-17,2002-06-17,7,7,1.0,42.79501,2000-2009,270019.5273,2535.52845
8418,2002,CA,CDF,EDMONDSON,2002-08-14,2002-08-14,11,1,1.0,42.51326,2000-2009,269290.9219,2991.772297
8419,2002,CA,CDF,"SPI #5 ""WINTON""",2002-11-25,2002-11-25,5,1,1.0,38.96273,2000-2009,257448.8125,2348.22516
8420,2002,CA,USF,MULDOON,2002-07-12,2002-07-29,1,2,1.0,38.92647,2000-2009,285143.2578,2394.731041
8421,2002,CA,NPS,VIRGINIA,2002-07-13,2002-11-09,1,1,1.0,38.23604,2000-2009,249525.0547,2942.619932
8422,2002,CA,CDF,CARSON,2002-11-26,2002-11-26,18,8,1.0,38.01346,2000-2009,253240.207,3083.201474
8423,2002,CA,CDF,"SPI #12 ""MILL CREEK #2""",2002-11-25,2002-11-30,5,1,1.0,36.49817,2000-2009,240325.7539,2356.864307
8424,2002,CA,USF,BSFMU7,2002-07-23,2002-09-30,1,1,1.0,36.30459,2000-2009,263101.8906,5599.062212
8425,2002,CA,CDF,"SPI #6 ""SPUR 4""",2002-11-27,2002-12-01,5,1,1.0,36.19624,2000-2009,239150.7773,2262.489574
8426,2002,CA,CDF,WENGLER,2002-11-26,2002-11-26,18,6,1.0,36.00298,2000-2009,255331.7266,3246.523676
8427,2002,CA,USF,SEVEN-MILE,2002-09-07,2002-09-09,9,8,1.0,35.58781,2000-2009,256468.4375,2751.746084
8428,2002,CA,CDF,DREDGE,2002-10-08,2002-10-09,14,6,1.0,34.7777,2000-2009,234697.9727,3658.509072
8429,2002,CA,CDF,49ER,2002-09-09,2002-09-09,7,8,1.0,33.55684,2000-2009,222384.4492,2142.854504
8430,2002,CA,USF,HARRISON,2002-10-24,2002-10-25,3,8,1.0,32.8327,2000-2009,194494.1836,1857.231908
8431,2002,CA,BLM,HELENDALE,2002-05-09,2002-05-09,9,8,1.0,32.19297,2000-2009,193415.7305,3333.16211
8432,2002,CA,NPS,T-GROVE,2002-10-10,2002-10-10,14,1,1.0,30.37785,2000-2009,197174.6836,1957.163569
8433,2002,CA,CDF,SWASEY,2002-09-22,2002-09-22,14,6,1.0,30.29846,2000-2009,212793.6445,1958.264354
8434,2002,CA,CDF,CAMELBACK,2002-07-08,2002-07-08,14,1,1.0,29.81462,2000-2009,189881.7148,2451.70446
8435,2002,CA,CDF,GREENWOOD,2002-08-06,2002-08-06,7,8,1.0,28.38487,2000-2009,189947.5352,2757.141611
8436,2002,CA,USF,SANTA ANITA,2002-08-12,2002-08-12,7,6,1.0,27.70605,2000-2009,164218.4922,2017.207214
8438,2002,CA,USF,POWERHOUSE,2002-07-04,2002-07-12,7,6,1.0,26.43615,2000-2009,164478.2148,2818.074628
8439,2002,CA,USF,TELLS 3,2002-11-25,2002-11-25,5,6,1.0,25.33955,2000-2009,169664.082,1933.893852
8440,2002,CA,USF,DEEP CREEK,2002-07-12,2002-07-14,1,2,1.0,24.50612,2000-2009,176999.4297,2044.208745
8441,2002,CA,USF,LASSIC,2002-10-16,2002-10-17,9,8,1.0,23.54101,2000-2009,164062.2813,1770.521848
8442,2002,CA,USF,PIONEER 2,2002-11-07,2002-11-07,9,2,1.0,23.49194,2000-2009,157277.2852,5465.104249
8443,2002,CA,USF,NATE,2002-02-09,2002-02-09,9,6,1.0,23.20061,2000-2009,134849.2969,1845.409829
8444,2002,CA,USF,LOON 4,2002-11-25,2002-11-25,5,6,1.0,23.09802,2000-2009,154780.1992,1822.045477
8445,2002,CA,NPS,MORRISON CREEK,2002-07-11,2002-11-09,1,1,1.0,22.99034,2000-2009,149663.2734,2336.277824
8446,2002,CA,CDF,WILDCAT,2002-10-07,2002-10-07,14,6,1.0,22.48635,2000-2009,129428.5508,1723.339063
8447,2002,CA,BLM,MENDIBOURE,2002-09-15,2002-09-15,14,8,1.0,22.319,2000-2009,158694.3633,1571.592924
8448,2002,CA,USF,ARTESIAN,2002-06-26,2002-06-26,9,6,1.0,21.76321,2000-2009,130206.082,1565.120687
8449,2002,CA,USF,LOON 5,2002-11-25,2002-11-25,5,6,1.0,21.23984,2000-2009,142337.6953,1493.212
8450,2002,CA,CDF,BUENA,2002-08-15,2002-08-15,14,8,1.0,20.76647,2000-2009,136425.5938,1367.922526
8451,2002,CA,CDF,HALCON,2002-07-25,2002-07-26,2,1,1.0,20.13692,2000-2009,135486.8242,1799.926915
8452,2002,CA,BLM,KNOX,2002-07-14,2002-07-20,14,8,1.0,20.08058,2000-2009,143439.4375,2366.797666
8453,2002,CA,CDF,"SPI #13 ""SKULL""",2002-11-25,2002-11-30,5,1,1.0,19.85106,2000-2009,130474.25,2101.396819
8454,2002,CA,CDF,B LINE,2002-11-27,2002-11-27,18,6,1.0,19.79406,2000-2009,139501.5,1621.804763
8455,2002,CA,USF,ROBBS,2002-11-25,2002-11-25,5,6,1.0,18.99898,2000-2009,127257.5586,1508.994953
8456,2002,CA,NPS,LOWER GANNS,2002-10-08,2002-11-18,14,8,1.0,18.95072,2000-2009,135920.0313,2207.853228
8457,2002,CA,USF,BALTIC,2002-11-25,2002-11-25,5,6,1.0,18.76903,2000-2009,124793.4609,1380.138354
8458,2002,CA,CDF,RIFLE,2002-05-04,2002-05-04,9,1,1.0,18.64294,2000-2009,118350.2891,1771.07615
8459,2002,CA,CDF,SPI #14,2002-11-30,2002-11-30,5,1,1.0,18.01762,2000-2009,118677.2617,1376.135599
8460,2002,CA,USF,TELLS 1,2002-11-25,2002-11-25,5,6,1.0,17.77096,2000-2009,119029.8789,1410.5103
8461,2002,CA,CDF,AUCKLAND,2002-05-31,2002-05-31,2,1,1.0,17.7707,2000-2009,111789.082,1922.704965
8462,2002,CA,BLM,SANDY,2002-07-01,2002-07-02,9,8,1.0,17.72243,2000-2009,109200.1172,3503.21265
8463,2002,CA,CDF,PUERTO,2002-09-16,2002-09-16,7,8,1.0,17.45142,2000-2009,115573.1133,1493.451268
8464,2002,CA,USF,GO,2002-09-10,2002-09-10,9,8,1.0,17.35108,2000-2009,124558.7266,1558.415923
8465,2002,CA,CDF,D'AGOSTINI,2002-09-03,2002-09-03,11,8,1.0,16.84442,2000-2009,111748.9844,1310.704533
8466,2002,CA,USF,BSFMU5,2002-07-22,2002-07-28,1,2,1.0,16.53854,2000-2009,120015.4766,3898.248775
8467,2002,CA,CDF,GREENSTONE,2002-08-11,2002-08-11,10,8,1.0,16.24566,2000-2009,108091.2617,1424.837723
8468,2002,CA,USF,TELLS 2,2002-11-25,2002-11-25,5,6,1.0,16.09994,2000-2009,107868.3906,1447.801338
8469,2002,CA,CDF,MILL CREEK,2002-11-09,2002-11-09,11,1,1.0,15.79057,2000-2009,99866.15234,2215.048807
8470,2002,CA,USF,HILL,2002-07-13,2002-07-13,1,2,1.0,15.53913,2000-2009,113713.3164,2010.31715
8472,2002,CA,CDF,BOSWELL,2002-07-11,2002-07-11,2,1,1.0,15.092,2000-2009,94194.64844,1565.405454
8473,2002,CA,CDF,CHIMNEY,2002-06-07,2002-06-07,6,6,1.0,15.05269,2000-2009,93281.28125,1245.984041
8474,2002,CA,CDF,WARTHAN,2002-07-06,2002-07-06,2,1,1.0,14.09987,2000-2009,87632.71094,1343.734368
8475,2002,CA,USF,RALPH,2002-09-12,2002-09-13,3,8,1.0,13.98686,2000-2009,91144.40234,1401.641081
8476,2002,CA,USF,COWBOY,2002-04-06,2002-04-08,7,2,1.0,13.8099,2000-2009,91549.77344,2156.859472
8477,2002,CA,CDF,DUNLAP,2002-10-05,2002-10-05,2,1,1.0,13.27854,2000-2009,83856.94531,1454.487013
8478,2002,CA,USF,VINTON,2002-08-26,2002-08-26,9,8,1.0,12.90569,2000-2009,88587.65234,2164.286867
8479,2002,CA,CDF,CURTIS,2002-07-18,2002-07-18,6,6,1.0,12.75973,2000-2009,80255.07422,1211.015975
8480,2002,CA,USF,PADUA,2002-04-21,2002-04-21,8,6,1.0,12.51119,2000-2009,74111.01953,1615.754166
8481,2002,CA,CDF,VALLEY,2002-09-24,2002-09-24,14,1,1.0,11.80769,2000-2009,77521.375,1305.908769
8482,2002,CA,CDF,GLOBE,2002-06-22,2002-06-22,7,6,1.0,11.32047,2000-2009,70305.51172,1218.496279
8483,2002,CA,USF,COLD,2002-10-13,2002-10-20,9,8,1.0,11.18712,2000-2009,66373.28125,1077.403135
8484,2002,CA,CDF,SPI #9,2002-11-27,2002-12-01,5,1,1.0,11.12693,2000-2009,73415.13672,1434.961957
8485,2002,CA,CDF,TRIMMER,2002-09-21,2002-09-21,2,1,1.0,10.51467,2000-2009,66608.94141,1439.08801
8486,2002,CA,CDF,MANUEL,2002-09-26,2002-09-27,10,1,1.0,9.737571,2000-2009,63989.67188,1480.779011
8487,2002,CA,USF,FERRIS,2002-06-26,2002-06-27,2,8,1.0,9.287744,2000-2009,64274.85156,975.7169613
8488,2002,CA,CDF,HOKANSON,2002-06-26,2002-06-26,10,1,1.0,9.072392,2000-2009,57286.75391,1187.608151
8489,2002,CA,NPS,CIRCLE,2002-06-01,2002-08-08,1,1,2.0,8.625188,2000-2009,54221.93359,2124.56219
8490,2002,CA,CDF,HARRIS,2002-09-11,2002-09-11,11,1,1.0,8.099585,2000-2009,51231.92188,1119.033406
8491,2002,CA,USF,BEAR,2002-07-10,2002-07-10,2,6,1.0,7.982593,2000-2009,47904.44531,1048.495531
8495,2002,CA,DOD,UMBRA,2002-02-21,2002-02-21,11,1,1.0,2.77828,2000-2009,16709.19922,682.0401583
8497,2002,CA,CDF,CHINOOK,2002-05-29,2002-05-29,2,6,1.0,2.002386,2000-2009,13052.27344,419.987061
8498,2002,CA,DOD,HAYBAIL,2002-06-07,2002-06-07,14,1,1.0,1.317139,2000-2009,7908.347656,357.9064945
8499,2002,CA,NPS,RIVER,2002-06-30,2002-07-01,7,1,1.0,1.094599,2000-2009,6919.714844,412.279841
8501,2002,CA,DOD,TREATMENT,2002-02-21,2002-02-21,11,1,1.0,0.8939275,2000-2009,5362.992188,386.1405332
8502,2002,CA,DOD,HIGHWAY_246,2002-09-05,2002-09-05,14,1,1.0,0.5998118,2000-2009,3597.816406,313.8079995
8503,2002,CA,DOD,TRAILER_PARK,2002-06-26,2002-06-26,14,1,1.0,0.07349458,2000-2009,441.3867188,84.59077513
8504,2002,CA,DOD,POWER_PLANT,2002-08-28,2002-08-28,14,1,1.0,0.05372769,2000-2009,322.0,178.6455914
8505,2002,CA,DOD,NEVADA,2002-09-15,2002-09-15,14,1,1.0,0.0113794,2000-2009,68.30859375,35.55539485
8506,2001,CA,USF,BLUE,2001-08-08,2001-08-21,1,8,1.0,34218.85,2000-2009,244702681.0,96010.44566
8507,2001,CA,USF,TROUGH,2001-08-08,2001-08-20,9,8,1.0,24927.34,2000-2009,169156891.8,75204.62871
8508,2001,CA,USF,STAR,2001-08-25,2001-09-22,9,8,1.0,16464.6,2000-2009,110783551.2,86539.05439
8509,2001,CA,CDF,DARBY,2001-09-05,2001-09-24,14,8,1.0,14280.48,2000-2009,93714351.72,58904.13543
8511,2001,CA,CDF,CREEK,2001-08-18,2001-08-24,7,8,1.0,11095.12,2000-2009,71985292.73,55090.04548
8512,2001,CA,USF,VIEJAS,2001-01-03,2001-01-09,3,8,1.0,10438.02,2000-2009,59948166.37,87282.24175
8513,2001,CA,USF,SWILLUP II,2001-09-15,2001-10-30,1,8,1.0,8099.49,2000-2009,58707086.08,36095.5998
8517,2001,CA,USF,CRATER,2001-08-11,2001-08-14,1,8,1.0,5589.926,2000-2009,36408223.44,44042.93721
8519,2001,CA,USF,CLEAR,2001-07-26,2001-07-26,1,8,1.0,4318.892,2000-2009,31523550.28,43667.0511
8521,2001,CA,USF,HIGHWAY,2001-07-03,2001-09-30,7,8,1.0,4151.237,2000-2009,26238674.29,26461.94438
8522,2001,CA,USF,NORTH FORK,2001-08-20,2001-09-03,2,8,1.0,4130.54,2000-2009,26439088.37,27731.33784
8523,2001,CA,USF,STREAM,2001-07-25,2001-08-03,1,8,1.0,3526.331,2000-2009,24473241.11,36066.28506
8524,2001,CA,USF,BELL,2001-08-08,2001-08-19,1,8,1.0,2977.996,2000-2009,21650641.04,22463.33984
8526,2001,CA,USF,MCLAUGHLIN,2001-07-02,2001-07-05,1,8,1.0,2714.432,2000-2009,17610850.93,21486.1016
8527,2001,CA,USF,GAP,2001-08-12,2001-08-20,4,8,1.0,2447.371,2000-2009,16562015.71,20095.6107
8528,2001,CA,NPS,BURNT,2001-07-30,2001-12-17,1,7,2.0,2213.307,2000-2009,14054554.82,28172.01098
8530,2001,CA,FWS,165,2001-06-13,2001-06-14,14,4,,1796.567,2000-2009,11487599.63,27402.83768
8535,2001,CA,USF,JONES,2001-05-09,2001-05-15,5,8,1.0,1546.669,2000-2009,11294919.15,14732.07204
8539,2001,CA,USF,ROCK,2001-08-08,2001-08-17,1,8,1.0,1313.052,2000-2009,9599430.992,30544.85739
8540,2001,CA,USF,HYAMPOM,2001-08-31,2001-09-03,7,4,1.0,1187.508,2000-2009,8339254.453,13811.60311
8541,2001,CA,USF,HEMLOCK,2001-06-13,2001-07-16,9,6,1.0,1074.468,2000-2009,6369230.543,18446.78728
8545,2001,CA,USF,BSFMU31,2001-08-10,2001-08-18,1,8,1.0,712.8585,2000-2009,5180276.672,10193.86828
8554,2001,CA,USF,CANYON,2001-06-18,2001-06-20,9,8,1.0,566.4487,2000-2009,3463179.219,9239.550394
8555,2001,CA,USF,DEMOCRAT,2001-06-23,2001-06-23,9,8,1.0,559.187,2000-2009,3423609.629,8165.294105
8557,2001,CA,USF,SHELBY,2001-07-27,2001-07-29,6,6,1.0,531.4685,2000-2009,3154577.691,8554.575499
8560,2001,CA,NPS,TAR,2001-09-04,2001-11-02,1,8,2.0,508.6396,2000-2009,3185026.227,14318.49681
8563,2001,CA,USF,M-9,2001-05-02,2001-05-03,9,2,1.0,437.3615,2000-2009,3001076.832,16370.75098
8566,2001,CA,USF,ROCK CREEK,2001-05-10,2001-05-14,5,8,1.0,400.9642,2000-2009,2734483.063,10685.63778
8576,2001,CA,USF,TREASURE,2001-09-10,2001-09-14,2,8,1.0,280.1865,2000-2009,1909643.695,10682.19469
8578,2001,CA,USF,CANYON,2001-06-17,2001-06-18,7,6,1.0,262.7522,2000-2009,1539397.035,6521.167626
8579,2001,CA,CDF,LARKIN,2001-10-13,2001-10-14,7,2,1.0,256.8742,2000-2009,1746600.195,6242.662281
8581,2001,CA,USF,CANYON,2001-08-08,2001-08-09,1,8,1.0,225.0233,2000-2009,1626217.082,6968.781447
8583,2001,CA,USF,MUSIC,2001-08-17,2001-08-21,12,8,1.0,210.0657,2000-2009,1341900.199,5840.152751
8588,2001,CA,USF,KELLOGG,2001-08-08,2001-08-17,1,8,1.0,187.7391,2000-2009,1374513.199,5930.283914
8589,2001,CA,USF,WHITE,2001-08-19,2001-08-23,2,8,1.0,184.754,2000-2009,1214448.359,5857.533696
8590,2001,CA,USF,BAUTISTA,2001-10-13,2001-10-14,7,6,1.0,181.6095,2000-2009,1064206.445,5155.205002
8591,2001,CA,USF,SANTA PAULA,2001-09-15,2001-09-15,9,6,1.0,174.3834,2000-2009,1040354.129,4602.739993
8592,2001,CA,USF,SHIELDS SWWA,2001-08-08,2001-08-10,1,8,1.0,173.5963,2000-2009,1249759.426,6918.947342
8593,2001,CA,USF,BALDY,2001-06-19,2001-06-19,2,6,1.0,165.785,2000-2009,985946.1367,4653.635227
8598,2001,CA,USF,BSFMU17,2001-07-18,2001-09-10,1,8,1.0,145.4358,2000-2009,1057750.336,5838.031487
8600,2001,CA,USF,CRAWFORD,2001-09-15,2001-09-29,1,8,1.0,143.3314,2000-2009,1039360.703,4825.709039
8603,2001,CA,USF,DEVILS CANYON,2001-09-23,2001-09-26,9,6,1.0,138.8332,2000-2009,823696.1836,6025.976898
8604,2001,CA,USF,DEER,2001-08-08,2001-08-16,1,8,1.0,136.9612,2000-2009,991599.3125,4979.34578
8605,2001,CA,USF,DUNCAN,2001-09-24,2001-09-26,7,6,1.0,126.3053,2000-2009,748799.793,4424.303426
8606,2001,CA,USF,BSFMU25,2001-08-24,2001-08-24,1,8,1.0,125.9208,2000-2009,911899.2188,5789.165066
8608,2001,CA,USF,TRAM,2001-06-17,2001-06-18,7,6,1.0,123.7714,2000-2009,727982.3477,4298.335586
8610,2001,CA,USF,BSFMU34,2001-08-11,2001-08-26,1,8,1.0,120.7878,2000-2009,880345.8711,4671.857161
8612,2001,CA,USF,BOTTOM,2001-09-15,2001-09-24,1,8,1.0,101.1367,2000-2009,738064.6875,3457.024789
8618,2001,CA,USF,BEAR,2001-08-19,2001-08-26,1,8,1.0,90.09785,2000-2009,605222.7305,4756.012088
8619,2001,CA,USF,FOURMILE,2001-08-08,2001-08-16,1,8,1.0,82.33506,2000-2009,603082.6016,3071.510664
8623,2001,CA,USF,JACKSON,2001-07-22,2001-07-23,7,6,1.0,78.964,2000-2009,468372.918,3286.433347
8624,2001,CA,USF,BEARDSLEY,2001-05-02,2001-05-03,5,8,1.0,78.53421,2000-2009,516058.8359,3130.705445
8625,2001,CA,USF,MIDWAY,2001-08-22,2001-08-23,9,6,1.0,76.104,2000-2009,451279.2578,3224.644
8626,2001,CA,USF,PARSNIP,2001-08-09,2001-08-16,1,8,1.0,72.39548,2000-2009,517270.3398,3819.187314
8633,2001,CA,USF,JUNKYARD,2001-10-25,2001-10-29,9,2,1.0,63.45585,2000-2009,380933.1953,4350.490095
8634,2001,CA,USF,DANCE,2001-09-10,2001-09-11,4,8,1.0,62.42818,2000-2009,447967.457,3213.361434
8636,2001,CA,USF,PRUITT,2001-07-19,2001-08-27,1,8,2.0,57.23128,2000-2009,374747.1602,4201.015946
8647,2001,CA,FWS,JAMACHA,2001-07-20,2001-07-20,8,5,,39.5129,2000-2009,226631.375,2785.911571
8649,2001,CA,USF,REDHILL #2,2001-09-15,2001-09-30,1,8,1.0,36.65469,2000-2009,266605.25,2442.914309
8652,2001,CA,NPS,FORD POINT,2001-06-26,2001-07-03,4,5,,36.21962,2000-2009,213408.3164,2039.037707
8653,2001,CA,BLM,SHU DERSCH,2001-08-16,2001-08-16,14,8,1.0,36.16582,2000-2009,253252.8984,2046.742534
8661,2001,CA,USF,LION,2001-07-09,2001-07-11,1,8,1.0,30.04706,2000-2009,197823.0859,1926.885621
8666,2001,CA,USF,BSFMU48,2001-08-10,2001-08-10,1,8,1.0,26.03437,2000-2009,188297.0859,1809.776488
8670,2001,CA,USF,DOUBLEHEAD,2001-07-10,2001-07-10,1,8,1.0,23.97615,2000-2009,174535.4609,2772.389199
8671,2001,CA,USF,DRY,2001-09-24,2001-09-24,9,6,1.0,21.04172,2000-2009,123370.2031,1687.918427
8676,2001,CA,USF,BSFMU27,2001-08-10,2001-08-10,1,8,1.0,17.05641,2000-2009,124185.3125,1443.72441
8677,2001,CA,USF,FERN,2001-07-14,2001-07-15,1,8,1.0,16.12972,2000-2009,116342.5,1358.473764
8678,2001,CA,USF,HORSE,2001-06-17,2001-06-19,4,6,1.0,16.08825,2000-2009,95675.92188,1683.266714
8685,2001,CA,DOD,SLC-4E,2001-10-05,2001-10-05,9,1,1.0,11.60409,2000-2009,69524.66797,1148.030833
8688,2001,CA,USF,HIGHWAY,2001-08-18,2001-08-18,9,8,1.0,10.47153,2000-2009,68751.51172,1539.911749
8690,2001,CA,USF,STAR,2001-01-07,2001-01-08,5,8,1.0,9.962753,2000-2009,65238.58594,1461.159555
8691,2001,CA,BLM,SHU DUNCAN,2001-03-18,2001-03-20,18,8,1.0,9.843405,2000-2009,68870.10547,970.8566601
8692,2001,CA,USF,SOBOBA #2,2001-08-18,2001-08-18,9,6,1.0,9.820583,2000-2009,57675.85156,1045.222993
8694,2001,CA,NPS,KENNEDY,2001-07-17,2001-12-17,1,2,2.0,9.361344,2000-2009,59404.51953,1039.168961
8697,2001,CA,USF,CLARK,2001-08-07,2001-09-05,1,8,2.0,8.035539,2000-2009,53022.76172,874.5884435
8700,2001,CA,DOD,LF-21,2001-08-31,2001-08-31,11,1,1.0,6.365749,2000-2009,38351.1875,1261.306127
8706,2001,CA,DOD,475,2001-05-23,2001-05-23,11,1,1.0,1.006342,2000-2009,6026.894531,453.431221
8712,2001,CA,DOD,TRANQUILLION,2001-06-19,2001-06-19,3,1,1.0,0.0435366,2000-2009,260.5351563,82.7371882
8713,2000,CA,USF,MANTER,2000-07-22,2000-09-06,9,8,1.0,79223.43,2000-2009,490048813.0,157138.6532
8714,2000,CA,USF,STORRIE,2000-08-17,2000-09-27,6,8,1.0,56076.33,2000-2009,387490420.7,119571.0924
8716,2000,CA,DOD,HARRIS,2000-09-13,2000-09-15,9,1,1.0,9329.917,2000-2009,56101806.98,56309.9227
8719,2000,CA,USF,PLASKETT 2,2000-07-22,2000-08-04,9,8,1.0,5811.851,2000-2009,35941160.29,37093.85039
8721,2000,CA,NPS,HAPPY,2000-07-22,2000-08-05,5,8,1.0,4907.75,2000-2009,30455753.99,32254.67548
8728,2000,CA,USF,BARK,2000-07-21,2000-07-28,9,8,1.0,1719.756,2000-2009,12558436.96,22496.86886
8731,2000,CA,USF,CABBAGE,2000-03-25,2000-04-05,4,8,1.0,1358.238,2000-2009,9231852.727,20437.93276
8734,2000,CA,USF,TOWN,2000-03-31,2000-04-01,9,8,1.0,1110.209,2000-2009,7583161.383,19181.03564
8739,2000,CA,CCO,CALABASAS,2000-06-11,2000-06-12,14,5,1.0,1024.243,2000-2009,6072928.262,12488.24586
8740,2000,CA,USF,JOURNEY,2000-10-07,2000-10-13,7,8,1.0,1010.05,2000-2009,7041927.238,15767.23737
8741,2000,CA,DOD,PEACEKEPPER,2000-09-13,2000-09-15,11,1,1.0,978.645,2000-2009,5887032.613,13594.4954
8746,2000,CA,USF,AZUSA,2000-05-29,2000-06-01,4,8,1.0,700.4916,2000-2009,4565046.547,16180.496
8750,2000,CA,USF,LYONS,2000-09-13,2000-09-15,7,8,1.0,495.3677,2000-2009,2839460.223,10256.94734
8751,2000,CA,CDF,LARKIN,2000-06-13,2000-06-14,6,8,1.0,487.2531,2000-2009,3314694.719,13096.42705
8757,2000,CA,USF,PARADISE,2000-09-14,2000-09-14,9,8,1.0,350.2433,2000-2009,2096171.199,8680.975096
8762,2000,CA,USF,SAWMILL,2000-08-03,2000-08-13,1,8,1.0,321.5998,2000-2009,2038845.688,8459.868364
8768,2000,CA,USF,HAUSER,2000-07-27,2000-07-29,4,8,1.0,275.8629,2000-2009,1580013.781,5841.371562
8772,2000,CA,USF,BUCKMAN,2000-07-22,2000-07-23,7,8,1.0,240.8438,2000-2009,1382398.707,5395.327546
8773,2000,CA,USF,MILLWOOD,2000-09-20,2000-09-22,2,8,1.0,238.2496,2000-2009,1503796.273,5957.673552
8775,2000,CA,USF,ARNOT,2000-06-28,2000-08-02,1,8,2.0,222.2774,2000-2009,1468334.246,6802.075734
8779,2000,CA,USF,MORGAN,2000-07-07,2000-07-08,8,8,1.0,198.6143,2000-2009,1176466.367,6984.85309
8781,2000,CA,USF,OAK,2000-06-29,2000-06-30,7,8,1.0,186.6535,2000-2009,1116948.84,5884.980125
8792,2000,CA,USF,FRANKLIN,2000-04-02,2000-04-04,5,2,1.0,140.6012,2000-2009,971742.8672,7196.346276
8797,2000,CA,USF,MC KINLEY,2000-06-28,2000-06-28,9,8,1.0,117.2701,2000-2009,705166.3164,3312.555345
8800,2000,CA,USF,CAMP,2000-07-27,2000-07-28,9,8,1.0,98.73316,2000-2009,590644.7461,3090.626224
8801,2000,CA,USF,DEADWOOD,2000-08-16,2000-08-17,2,8,1.0,95.81236,2000-2009,645183.9766,3975.407168
8803,2000,CA,USF,SAVAGES,2000-08-24,2000-08-28,9,8,1.0,81.69134,2000-2009,528312.9141,3863.006373
8811,2000,CA,USF,SARGENT,2000-07-03,2000-07-03,2,8,1.0,74.25986,2000-2009,456924.6133,2625.477287
8813,2000,CA,USF,HILLSIDE,2000-06-30,2000-07-01,8,8,1.0,73.02984,2000-2009,449751.8477,2695.392635
8814,2000,CA,USF,WINDY,2000-07-27,2000-08-01,9,8,1.0,70.0899,2000-2009,504141.8086,3156.297884
8822,2000,CA,NPS,ROADS END,2000-07-29,2000-08-01,7,8,1.0,50.56153,2000-2009,319696.3086,2824.502988
8823,2000,CA,USF,EDISON,2000-07-30,2000-08-02,9,8,1.0,50.04016,2000-2009,311309.875,3077.274386
8828,2000,CA,USF,CAMP,2000-01-04,2000-01-11,5,6,1.0,41.4433,2000-2009,270686.5,2709.851831
8829,2000,CA,USF,CACHUMA,2000-08-01,2000-08-01,1,8,1.0,40.26729,2000-2009,241655.6992,2456.15973
8830,2000,CA,USF,ROCK,2000-07-20,2000-07-21,7,8,1.0,39.28888,2000-2009,234109.8789,2166.883578
8831,2000,CA,USF,POISON,2000-07-28,2000-07-31,9,8,1.0,39.2718,2000-2009,251659.5117,2156.385249
8834,2000,CA,USF,SALMON,2000-07-03,2000-07-06,9,8,1.0,35.51439,2000-2009,219552.4141,3387.355581
8841,2000,CA,DOD,SPRING,2000-09-17,2000-09-17,9,4,1.0,23.52024,2000-2009,140917.918,2194.940094
8842,2000,CA,USF,POINT,2000-08-05,2000-08-06,9,8,1.0,22.27248,2000-2009,163105.1602,2057.890692
8849,2000,CA,BLM,SHU BLANCH,2000-06-17,2000-06-17,11,8,1.0,19.4711,2000-2009,136764.2969,1480.700873
8851,2000,CA,USF,CORTE,2000-09-19,2000-09-21,2,8,1.0,18.92369,2000-2009,108609.9414,1591.153116
8854,2000,CA,USF,MAINSTREET,2000-08-20,2000-08-20,9,8,1.0,18.2959,2000-2009,107563.5586,1210.673009
8856,2000,CA,USF,UNNAMED FIRE,2000-08-02,2000-08-02,1,8,1.0,16.69182,2000-2009,113621.6523,1637.531888
8858,2000,CA,DOD,CAMELIA,2000-06-10,2000-06-10,5,4,1.0,14.72474,2000-2009,88426.6875,1573.575353
8860,2000,CA,USF,RUSH,2000-07-25,2000-07-25,8,8,1.0,13.67639,2000-2009,98140.39453,1634.178521
8864,2000,CA,USF,WHITING,2000-06-19,2000-06-19,7,8,1.0,11.41293,2000-2009,66886.67578,1098.508556
8866,2000,CA,NPS,PT BONITA,2000-10-22,2000-11-01,8,6,1.0,11.03891,2000-2009,71718.63672,1224.646739
8873,2000,CA,DOD,MIGUELETO,2000-01-05,2000-01-05,11,4,1.0,8.172387,2000-2009,48879.75781,1092.424705
8874,2000,CA,USF,LANDERS,2000-09-02,2000-09-03,9,8,1.0,8.061542,2000-2009,49266.69922,925.6939725
8876,2000,CA,USF,FOOTHILL,2000-07-05,2000-07-05,9,8,1.0,6.984602,2000-2009,41468.28906,850.0244643
8880,2000,CA,NPS,CONIFER,2000-01-01,2000-01-20,18,8,1.0,4.834736,2000-2009,30298.58984,723.5416431
8889,2000,CA,DOD,MINATAUR,2000-07-19,2000-07-19,9,4,1.0,0.763543,2000-2009,4568.511719,367.5717103
8891,2000,CA,DOD,KORINA,2000-07-07,2000-07-07,8,7,1.0,0.2109434,2000-2009,1267.777344,192.0469919
8892,2000,CA,DOD,COAST_GUARD,2000-09-11,2000-09-11,11,1,1.0,0.1669163,2000-2009,998.7695313,250.1944533
